Index,demand
0,0.04542151
1,0.03355282
2,0.03429269
3,0.041660365
4,0.05165064
5,0.014675599
6,0.035275165
7,0.081140876
8,0.034786824
9,0.053657
10,0.031449348
11,0.25344092
12,0.23473753
13,0.025051229
14,0.09229753
15,0.04762933
16,0.16483799
17,0.05800811
18,0.10269645
19,0.03865387
20,0.0122034
21,0.026299002
22,0.090476036
23,0.02760986
24,0.52215695
25,0.10402395
26,0.030763542
27,0.09162838
28,0.036644924
29,0.012538728
30,0.020556174
31,0.027333755
32,0.02667594
33,0.069469236
34,0.2846562
35,0.43410298
36,0.03235132
37,0.037707467
38,0.07969888
39,0.11430055
40,0.00847722
41,0.0048585227
42,0.018091802
43,0.036027834
44,0.031007474
45,0.041720033
46,0.048528757
47,0.39294457
48,0.07853975
49,0.088523485
50,0.28898525
51,0.06523
52,0.017345935
53,0.1624759
54,0.0149701005
55,0.042847455
56,0.12546577
57,0.033558227
58,0.030655732
59,0.028067926
60,0.041988675
61,0.06227175
62,0.07279138
63,0.060872044
64,0.023954522
65,0.37161613
66,0.030974664
67,0.03784471
68,0.038063537
69,0.046066508
70,0.028042935
71,0.030280598
72,0.0029556311
73,0.033281494
74,0.05786283
75,0.022473872
76,0.04178422
77,0.11646079
78,0.11417691
79,0.0350283
80,0.035946336
81,0.0128132375
82,0.011675925
83,0.10651201
84,0.074890405
85,0.05186615
86,0.115944006
87,0.44726682
88,0.05478079
89,0.03542133
90,0.018009724
91,0.03329057
92,0.068985954
93,0.11600302
94,0.16272895
95,0.018370068
96,0.026109094
97,0.036554396
98,0.01208604
99,0.009519822
100,0.028397487
101,0.02622707
102,0.0331656
103,0.14479746
104,0.0420785
105,0.048300963
106,0.03178757
107,0.10041859
108,0.4852054
109,0.041578595
110,0.021015387
111,0.022359675
112,0.03675724
113,0.043165497
114,0.023891669
115,0.08433966
116,0.14894618
117,0.07860642
118,0.07563958
119,0.04001277
120,0.02133001
121,0.026579805
122,0.023840247
123,0.029676205
124,-0.001255778
125,0.06495705
126,0.058409624
127,0.2268287
128,0.023108695
129,0.045888793
130,0.035434596
131,0.022116777
132,0.021052932
133,0.02378394
134,0.037148643
135,0.024172124
136,0.06559752
137,0.15941264
138,0.2760538
139,0.048003417
140,0.039427165
141,0.09877389
142,0.06588643
143,0.01140295
144,0.050221454
145,0.015501809
146,0.009837841
147,0.027115906
148,0.12115421
149,0.0216206
150,0.018929759
151,0.028393587
152,0.063638754
153,0.07917363
154,0.15178196
155,0.13516887
156,0.2518744
157,0.07657994
158,0.049288873
159,0.02599464
160,0.05285206
161,0.04472551
162,0.10283711
163,0.04818817
164,0.638226
165,0.12241443
166,0.023958763
167,0.11736611
168,0.054805044
169,0.051709257
170,0.02192291
171,0.018104076
172,0.007565967
173,0.048990298
174,0.013522779
175,0.016828604
176,0.07251727
177,0.041691408
178,0.08339698
179,0.0744554
180,0.12964383
181,0.24918433
182,0.4136001
183,0.08023992
184,0.03346411
185,0.097967416
186,0.016455589
187,0.03973478
188,0.0074344473
189,0.0784438
190,0.05819726
191,0.12765983
192,0.050225798
193,0.107976474
194,0.040346004
195,0.058563635
196,0.016594533
197,0.021136424
198,0.113235705
199,0.032563116
200,0.05680165
201,0.029087719
202,0.0071280454
203,0.018298516
204,0.03426884
205,0.05525243
206,0.08335276
207,0.14536148
208,0.1188638
209,0.17613247
210,0.13501829
211,0.13256109
212,0.019591546
213,0.10393477
214,0.053668983
215,0.007516182
216,0.045450035
217,0.07949216
218,0.03468571
219,0.028895132
220,0.05049055
221,0.04085993
222,0.014481059
223,0.05728092
224,0.08712062
225,0.034516457
226,0.05537047
227,0.021623125
228,0.02954443
229,0.058953013
230,0.03307225
231,0.065734565
232,0.06435715
233,0.15425234
234,0.30618605
235,0.12563908
236,0.1340457
237,0.08174299
238,0.09466406
239,0.08907342
240,0.0806132
241,0.059861246
242,0.025716333
243,0.27273387
244,0.070213065
245,0.08412279
246,0.06602629
247,0.083952434
248,0.019774592
249,0.02521032
250,0.008292675
251,0.020044722
252,0.018654274
253,0.03893097
254,0.12075595
255,0.07401126
256,0.054472305
257,0.1466039
258,0.26773676
259,0.11675867
260,0.025242282
261,0.24884227
262,0.0775254
263,0.38064837
264,0.17521706
265,0.07189627
266,0.023363106
267,0.054051366
268,0.058507852
269,0.107524395
270,0.26184618
271,0.052008837
272,0.38489205
273,0.090700366
274,0.07517838
275,0.015615766
276,0.017611891
277,0.056027282
278,0.0739715
279,0.015749358
280,0.15175372
281,0.26241568
282,0.14980924
283,0.1087392
284,0.04880416
285,0.13479215
286,0.1803364
287,0.25371763
288,0.0630489
289,0.055910435
290,0.026736962
291,0.07276037
292,0.46180266
293,0.046468515
294,0.09618384
295,0.2980501
296,0.25880262
297,0.014871435
298,0.0169746
299,0.046231832
300,0.0652861
301,0.14443952
302,0.24960966
303,0.11147327
304,0.11958603
305,0.2612029
306,0.2550281
307,0.17028402
308,0.2654877
309,0.39119238
310,0.078071356
311,0.022691803
312,0.058430243
313,0.09672103
314,0.067651875
315,0.17872225
316,0.78258115
317,0.01034644
318,0.056816656
319,0.38559228
320,0.019883715
321,0.055944152
322,0.2761608
323,0.013821973
324,0.051713083
325,0.09153828
326,0.022043811
327,0.055106882
328,0.17626682
329,0.06686882
330,0.11621606
331,0.1882863
332,0.15957785
333,0.2686836
334,0.26675308
335,0.16663177
336,0.03019426
337,0.26210338
338,0.25103295
339,0.13192365
340,0.6762867
341,0.41489238
342,0.2899274
343,0.031192148
344,0.13317607
345,0.06708306
346,0.031005397
347,0.009593168
348,0.0143428305
349,0.067439765
350,0.010929791
351,0.026525237
352,0.05217682
353,0.0833663
354,0.13362804
355,0.12682745
356,0.13626918
357,0.111760765
358,0.13870272
359,0.10322748
360,0.02842181
361,0.112048134
362,0.25747055
363,0.02465989
364,0.0669575
365,0.6692247
366,0.81451976
367,0.5042934
368,0.011710565
369,0.029610546
370,0.020472445
371,0.074703276
372,0.28751144
373,0.07535996
374,0.019712042
375,0.05107172
376,0.023170609
377,0.0604873
378,0.08115338
379,0.06229422
380,0.015709145
381,0.26845577
382,0.03139414
383,0.047919124
384,0.1404199
385,0.14616123
386,0.07327653
387,0.06707427
388,0.12621407
389,0.085055605
390,0.024812192
391,0.12561056
392,0.10103352
393,0.1132693
394,0.7089849
395,0.9232949
396,0.5178205
397,0.07604673
398,0.033494744
399,0.13091984
400,0.0879026
401,0.26184836
402,0.04680722
403,0.070802316
404,0.018910721
405,0.0745953
406,0.11860013
407,0.2487339
408,0.10068081
409,0.4859014
410,0.28042454
411,0.16999792
412,0.1745935
413,0.122951485
414,0.08217785
415,0.14506307
416,0.05077076
417,0.0383605
418,0.024688253
419,0.12503393
420,0.12841189
421,0.063756265
422,0.10630689
423,0.026355976
424,0.71023136
425,1.056277
426,0.8458191
427,0.11335791
428,0.056988135
429,0.25568378
430,0.1527011
431,0.031982794
432,0.0054741353
433,0.022136487
434,0.021176474
435,0.049684316
436,0.119284235
437,0.06708325
438,0.39864224
439,0.59302396
440,0.10657702
441,0.14998014
442,0.13450079
443,0.27575693
444,0.10308701
445,0.24655679
446,0.10090942
447,0.04274116
448,0.09551215
449,0.11235866
450,0.110823914
451,0.05582053
452,0.026881363
453,0.29009157
454,0.4224661
455,0.16535401
456,0.082297
457,0.033843823
458,0.26233837
459,0.08229971
460,0.2809365
461,0.034275442
462,0.051719133
463,0.05448898
464,0.018351117
465,0.02743396
466,0.057767145
467,0.06019524
468,0.2715308
469,0.7837755
470,0.43365645
471,0.43899032
472,0.16010022
473,0.19598947
474,0.26595122
475,0.48379344
476,0.069145754
477,0.032227263
478,0.043466058
479,0.036813565
480,0.24916248
481,0.15524393
482,0.106128275
483,0.2909823
484,0.2712499
485,0.26643634
486,1.0628091
487,0.13027772
488,0.026373632
489,0.14193928
490,0.26374897
491,0.02666314
492,0.064945154
493,0.39751777
494,0.0068755746
495,0.07346222
496,0.0494834
497,0.049915984
498,0.06450837
499,0.26516593
500,0.41077834
501,0.4137254
502,0.543676
503,0.43942425
504,0.17180216
505,0.17510127
506,0.2693828
507,0.015818935
508,0.031039452
509,0.16589765
510,0.07803998
511,0.059217144
512,0.18423253
513,0.18125975
514,0.53525037
515,0.187037
516,0.012691171
517,0.08864722
518,0.12621935
519,0.087720804
520,0.060009807
521,0.013811661
522,0.009225139
523,0.01480226
524,0.03721085
525,0.07228588
526,0.11538729
527,0.12635022
528,0.17295255
529,0.42390007
530,0.86957794
531,0.43128404
532,0.4027417
533,0.57923627
534,0.09479665
535,0.019004133
536,0.072501495
537,0.074978165
538,0.13872981
539,0.1835053
540,0.073695794
541,0.033170525
542,0.07345062
543,0.1413479
544,0.025579674
545,0.012644855
546,0.058333118
547,0.120162696
548,0.028522016
549,0.021909537
550,0.049622364
551,0.026225502
552,0.009859034
553,0.042464916
554,0.091970086
555,0.07344104
556,0.12142167
557,0.27383208
558,0.46506512
559,0.4583327
560,0.8328979
561,0.66311604
562,0.4111906
563,0.11102709
564,0.04498915
565,0.021270031
566,0.056642607
567,0.1211138
568,0.021822948
569,0.041067306
570,0.45810267
571,0.0597094
572,0.025872976
573,0.06966715
574,0.060100473
575,0.10856457
576,0.04732686
577,0.05626449
578,0.023571989
579,0.047307458
580,0.013928569
581,0.018643165
582,0.035583373
583,0.11253828
584,0.15091014
585,0.4949687
586,0.39723715
587,0.26634964
588,0.91750425
589,0.40278304
590,0.47588557
591,0.12350926
592,0.037824616
593,0.030250309
594,0.042607844
595,0.05447911
596,0.054906268
597,0.043587565
598,0.07069287
599,0.44169968
600,0.10334442
601,0.27804643
602,0.036035866
603,0.11168829
604,0.13240848
605,0.13711625
606,0.26055217
607,0.044246107
608,0.036501214
609,0.059047557
610,0.1722054
611,0.5457935
612,0.38774043
613,0.29485476
614,0.1826568
615,0.36572716
616,0.18530938
617,0.077591956
618,0.042913605
619,0.04826743
620,0.037683003
621,0.13717826
622,0.2698558
623,0.08353238
624,0.2766324
625,0.033222202
626,0.07641236
627,0.18637748
628,0.05023314
629,0.014576616
630,0.15677993
631,0.16167462
632,0.049281158
633,0.26627132
634,0.2687881
635,0.09269851
636,0.0815296
637,0.024836259
638,0.094089374
639,0.08353374
640,0.04558828
641,0.1292461
642,0.24969606
643,0.05249734
644,0.03495677
645,0.016499426
646,0.13466558
647,0.019022128
648,0.020626971
649,0.099960424
650,0.038128316
651,0.037813846
652,0.152454
653,0.053119022
654,0.06643985
655,0.019808631
656,0.06348083
657,0.18260276
658,0.38453597
659,0.40022567
660,0.057012998
661,0.015876276
662,0.018817816
663,0.027333744
664,0.06183079
665,0.0203314
666,0.07155813
667,0.14131711
668,0.020785086
669,0.038319696
670,0.020011244
671,0.022038946
672,0.09416673
673,0.12677291
674,0.2848842
675,0.027356798
676,0.029340718
677,0.052010983
678,0.094056524
679,0.11409541
680,0.25958142
681,0.057553016
682,0.0036683253
683,0.0030329376
684,0.10381071
685,0.037434522
686,0.018045364
687,0.07681114
688,0.12448516
689,0.05985227
690,0.019682495
691,0.011169817
692,0.28234273
693,0.01340438
694,0.032636236
695,0.2620666
696,0.0887659
697,0.06102191
698,0.029821202
699,0.043562464
700,0.08053624
701,0.37065917
702,0.02567502
703,0.017190007
704,0.02533679
705,0.042897034
706,0.06637441
707,0.15243714
708,0.06999797
709,0.165916
710,0.10613968
711,0.0344087
712,0.0508035
713,0.056041136
714,0.033491116
715,0.16852763
716,0.01571317
717,0.0147059895
718,0.08962609
719,0.019971611
720,0.12082855
721,0.068531424
722,0.021120267
723,0.2954569
724,0.6089927
725,0.24989875
726,0.047917303
727,0.061563376
728,0.03868774
729,0.07433162
730,0.075723685
731,0.071769305
732,0.70058376
733,0.080502905
734,0.019984495
735,0.09094843
736,0.08200353
737,0.0441173
738,0.13647825
739,0.42318475
740,0.07535189
741,0.12226537
742,0.02567573
743,0.039042756
744,0.02950189
745,0.101880275
746,0.030797735
747,0.0052614207
748,0.029893972
749,0.06114813
750,0.046746925
751,0.012828097
752,0.045314647
753,0.014598216
754,0.10106422
755,0.04105084
756,0.047508433
757,0.01874096
758,0.03842392
759,0.09097984
760,0.118740745
761,0.026221955
762,0.05989272
763,0.39964908
764,0.06389207
765,0.079027615
766,0.034575153
767,0.053630214
768,0.0533374
769,0.17200391
770,0.03227232
771,0.013256989
772,0.01105482
773,0.051158577
774,0.093315706
775,0.029801968
776,0.25186107
777,0.04828544
778,0.029314553
779,0.05252565
780,0.27730927
781,0.03313149
782,0.021471577
783,0.019060563
784,0.050560378
785,0.041463774
786,0.23205149
787,0.07348873
788,0.00036562263
789,0.014089319
790,0.06895884
791,0.120055035
792,0.092954874
793,0.08222641
794,0.074904494
795,0.032767735
796,0.05826595
797,0.06265086
798,0.26489538
799,0.103833325
800,0.007834596
801,0.032870173
802,0.017984867
803,0.014708532
804,0.022950262
805,0.01504251
806,0.023649126
807,0.0013490018
808,0.011551639
809,0.012878297
810,0.011251846
811,0.02981287
812,0.058257233
813,0.055389814
814,0.113255255
815,0.014620162
816,0.015824815
817,0.12463661
818,0.14532967
819,0.07023962
820,0.027316835
821,0.013387323
822,0.020719923
823,0.023694143
824,0.009895631
825,0.009021177
826,-0.0010529562
827,0.0155220125
828,0.01370338
829,0.009692994
830,0.062703095
831,0.0479245
832,0.018552577
833,0.017883372
834,0.006146246
835,0.013235135
836,0.008831883
837,0.082872316
838,0.030473994
839,0.05067043
840,0.009148259
841,0.023912882
842,0.008122865
843,0.07333117
844,0.01563344
845,0.016146263
846,0.015190533
847,0.11420886
848,0.058230225
849,0.05663906
850,0.051440194
851,0.0046318118
852,0.07918612
853,0.02448915
854,0.013060593
855,0.06942381
856,0.047471892
857,0.08777037
858,0.034834985
859,0.03585598
860,0.025306476
861,0.024562897
862,0.011589851
863,0.012842393
864,0.013322431
865,0.012420916
866,0.03128044
867,0.006017082
868,0.046978716
869,0.0533036
870,0.034705266
871,0.13154292
872,0.022391252
873,0.026568241
874,0.0136132045
875,0.012261286
876,0.01776603
877,0.048864216
878,0.02200295
879,0.0073123095
880,0.018285915
881,0.0063764923
882,0.0070699467
883,0.03841709
884,0.072900705
885,0.021907559
886,0.07236508
887,0.02445187
888,0.0437646
889,0.035444684
890,0.05231619
891,0.03321663
892,0.057992414
893,0.01698293
894,0.033265352
895,0.033521112
896,0.043715857
897,0.07426121
898,0.03461248
899,0.06837084
900,0.06683247
901,0.12337989
902,0.2087789
903,0.019152092
904,0.026656011
905,0.11349269
906,0.05169255
907,0.3620541
908,0.050394375
909,0.10281992
910,0.03741345
911,0.0074153226
912,0.0125315655
913,0.23458229
914,0.033879306
915,0.57722837
916,0.10192281
917,0.030074216
918,0.09384713
919,0.032510057
920,0.025688972
921,0.030575443
922,0.013032369
923,0.008530893
924,0.08138227
925,0.09251138
926,0.13378642
927,0.4227996
928,0.028816417
929,0.040559758
930,0.022602368
931,0.07887559
932,0.115186974
933,0.01816828
934,0.034057647
935,0.031440936
936,0.040804163
937,0.051235378
938,0.39312023
939,0.08363492
940,0.09335038
941,0.28202406
942,0.0647968
943,0.45910752
944,0.01526016
945,0.041108456
946,0.12555595
947,0.034500614
948,0.032568056
949,0.029754717
950,0.03910414
951,0.06216951
952,0.07288341
953,0.053020354
954,0.025077417
955,0.039787315
956,0.27268025
957,0.033580158
958,0.027571684
959,0.036439337
960,0.036366645
961,0.039933402
962,0.02704676
963,0.03346781
964,0.041311655
965,0.059930015
966,0.021539543
967,0.042791087
968,0.115906656
969,0.112473555
970,0.0153851295
971,-0.0006926285
972,0.012185674
973,0.11046174
974,0.21605308
975,0.007244294
976,0.047779106
977,0.12591222
978,0.2849662
979,0.047063448
980,0.03798189
981,0.020551087
982,0.015668465
983,0.003343595
984,0.034038592
985,0.009189801
986,0.06526815
987,0.2375564
988,0.28106284
989,0.023416935
990,0.034786437
991,0.012420096
992,0.010211141
993,0.027248506
994,0.031412605
995,0.13417704
996,0.020766756
997,0.03877229
998,0.03459881
999,0.022497954
1000,0.099858135
1001,0.49370918
1002,0.0012988801
1003,0.04312789
1004,0.022050453
1005,0.022443362
1006,0.036391623
1007,0.042792194
1008,0.026560154
1009,0.09388418
1010,0.14943895
1011,0.0733905
1012,0.07315805
1013,0.039725557
1014,0.0025490269
1015,0.024055706
1016,0.023489174
1017,0.031298354
1018,-0.004043538
1019,0.06790939
1020,0.06011798
1021,0.22444762
1022,0.020017872
1023,0.04597355
1024,0.03761894
1025,0.024599902
1026,0.021970684
1027,0.024498679
1028,0.039506692
1029,0.022031479
1030,0.06283061
1031,0.15854572
1032,0.1659266
1033,0.04480412
1034,0.040635087
1035,0.041658096
1036,0.094210185
1037,0.06327993
1038,0.017459784
1039,0.05395388
1040,0.015724283
1041,0.026350476
1042,0.11475028
1043,0.022316767
1044,0.01877949
1045,0.026281916
1046,0.061308604
1047,0.07768906
1048,0.257094
1049,0.24695358
1050,0.26393697
1051,0.075901374
1052,0.049103502
1053,0.02603348
1054,0.05104059
1055,0.045408558
1056,0.10389436
1057,0.04768184
1058,0.54468197
1059,0.1206736
1060,0.015265318
1061,0.11574007
1062,0.05362032
1063,0.052037627
1064,0.02179257
1065,0.01766237
1066,0.010082986
1067,0.04863133
1068,0.019743368
1069,0.0021526923
1070,0.013300042
1071,0.016805083
1072,0.072239086
1073,0.042560462
1074,0.083841495
1075,0.075095065
1076,0.12945941
1077,0.14602162
1078,0.41698158
1079,0.07696976
1080,0.032807905
1081,0.09581833
1082,0.01735135
1083,0.03957529
1084,0.024270792
1085,0.07854045
1086,0.057937488
1087,0.12668511
1088,0.04554153
1089,0.103826344
1090,0.04209993
1091,0.060975272
1092,0.03752473
1093,0.01894668
1094,0.020291377
1095,0.11373457
1096,0.011563864
1097,0.032287836
1098,0.05758505
1099,0.029197907
1100,0.004317352
1101,0.0054391343
1102,0.01874322
1103,0.032171514
1104,0.05359952
1105,0.082296595
1106,0.14513418
1107,0.12306682
1108,0.17456889
1109,0.1380332
1110,0.13286766
1111,0.019505322
1112,0.102431
1113,0.011626868
1114,0.054363914
1115,0.00895661
1116,0.046115126
1117,0.0814621
1118,0.03635102
1119,0.028690465
1120,0.048364073
1121,0.041686222
1122,0.013123527
1123,0.056497492
1124,0.08612996
1125,0.03428524
1126,0.054057624
1127,0.022480536
1128,0.028521666
1129,0.05916946
1130,0.008776894
1131,0.034955975
1132,0.06081434
1133,0.06480582
1134,0.16123544
1135,0.46485585
1136,0.12242002
1137,0.13663729
1138,0.07988774
1139,0.09412157
1140,0.08895839
1141,0.078813784
1142,0.061515447
1143,0.010790682
1144,0.028014822
1145,0.2733874
1146,0.06740898
1147,0.084644645
1148,0.06692206
1149,0.08271745
1150,0.019492768
1151,0.026278274
1152,0.0073884535
1153,0.019478476
1154,0.04007949
1155,0.12284736
1156,0.07237766
1157,0.051431175
1158,0.14201099
1159,0.565997
1160,0.11994813
1161,0.02563773
1162,0.25255543
1163,0.075365454
1164,0.26140836
1165,0.25209266
1166,0.070790805
1167,0.051684104
1168,0.056356195
1169,0.10899377
1170,0.25909585
1171,0.050310735
1172,0.25683424
1173,0.09540639
1174,0.074751705
1175,0.010632702
1176,0.004882467
1177,0.014545174
1178,0.01809556
1179,0.056581084
1180,0.0745566
1181,0.014572913
1182,0.15502512
1183,0.16150054
1184,0.14739133
1185,0.10810097
1186,0.04693894
1187,0.13089457
1188,0.26635826
1189,0.25649318
1190,0.062222373
1191,0.012654551
1192,0.05665688
1193,0.026805555
1194,0.07107486
1195,0.47556448
1196,0.047762066
1197,0.09780894
1198,0.2976252
1199,0.26052696
1200,0.017712168
1201,0.008436494
1202,0.045990158
1203,0.06427092
1204,0.14532514
1205,0.15757447
1206,0.11470696
1207,0.11583111
1208,0.26643816
1209,0.26170295
1210,0.16671716
1211,0.26671612
1212,0.36460868
1213,0.08373256
1214,0.026843607
1215,0.058683425
1216,0.10276607
1217,0.06325741
1218,0.18730865
1219,0.7903712
1220,0.0104686385
1221,0.059684925
1222,0.40029
1223,0.021338012
1224,0.055459436
1225,0.27813685
1226,0.016646232
1227,0.014760063
1228,0.05316077
1229,0.09149826
1230,0.021143494
1231,0.055106882
1232,0.018245708
1233,0.17486
1234,0.06583639
1235,0.116442375
1236,0.18529665
1237,0.1606182
1238,0.2669324
1239,0.3720762
1240,0.26618853
1241,0.028224364
1242,0.25652424
1243,0.23707822
1244,0.13213861
1245,0.73081446
1246,0.42703295
1247,0.29127628
1248,0.00937809
1249,0.03211978
1250,0.13072136
1251,0.06748802
1252,0.030410057
1253,0.025267843
1254,0.009405329
1255,0.06653255
1256,0.02673845
1257,0.050184578
1258,0.084774226
1259,0.13274786
1260,0.124798544
1261,0.13390082
1262,0.117721274
1263,0.13892688
1264,0.10399265
1265,0.028089479
1266,0.10816043
1267,0.2549063
1268,0.024614077
1269,0.06455348
1270,0.6867495
1271,0.82227546
1272,0.5281934
1273,0.009732567
1274,0.03313414
1275,0.020848634
1276,0.074902326
1277,0.2907677
1278,0.07787477
1279,0.020801574
1280,0.054806482
1281,0.00753451
1282,0.061393946
1283,0.08105171
1284,0.060028855
1285,0.016569676
1286,0.27392438
1287,0.033822127
1288,0.04751648
1289,0.1473863
1290,0.14417759
1291,0.072588496
1292,0.06785075
1293,0.12260946
1294,0.08795176
1295,0.027883256
1296,0.124447554
1297,0.10399106
1298,0.11022753
1299,0.71951854
1300,0.86715686
1301,0.5171118
1302,0.01814614
1303,0.07455913
1304,0.031324834
1305,0.24626775
1306,0.089630455
1307,0.17423348
1308,0.04590966
1309,0.072784826
1310,0.02054391
1311,0.073946595
1312,0.115762815
1313,0.24913858
1314,0.10028624
1315,0.5062703
1316,0.2763257
1317,0.16862401
1318,0.17524904
1319,0.12205572
1320,0.08600005
1321,0.14514334
1322,0.05014168
1323,0.034369893
1324,0.023849307
1325,0.123853154
1326,0.12011152
1327,0.06589347
1328,0.10707196
1329,0.024507644
1330,0.71655786
1331,1.0060701
1332,0.7696081
1333,0.053147335
1334,0.25539374
1335,0.26283056
1336,0.03267215
1337,0.022626033
1338,0.021658322
1339,0.048446007
1340,0.11531301
1341,0.06631114
1342,0.42522174
1343,0.5922716
1344,0.104870304
1345,0.15086013
1346,0.13061218
1347,0.19261955
1348,0.10393585
1349,0.35524508
1350,0.10359124
1351,0.04233673
1352,0.09665394
1353,0.112129815
1354,0.11177882
1355,0.055731364
1356,0.40069482
1357,0.41318944
1358,0.15825903
1359,0.086674705
1360,0.03349526
1361,0.1348725
1362,0.017923998
1363,0.08064849
1364,0.18622427
1365,0.034373783
1366,0.050966118
1367,0.056083336
1368,0.018902974
1369,0.026411714
1370,0.058444895
1371,0.059602734
1372,0.43971267
1373,0.74855155
1374,0.43350455
1375,0.28318134
1376,0.16224152
1377,0.19396222
1378,0.2598072
1379,0.47867185
1380,0.07037963
1381,0.030291812
1382,0.04216007
1383,0.034406234
1384,0.13824515
1385,0.26070353
1386,0.10705591
1387,0.2882979
1388,0.2724815
1389,0.2596997
1390,1.0705909
1391,0.13585259
1392,0.027349278
1393,0.1422463
1394,0.17130099
1395,0.027294608
1396,0.066079654
1397,0.39945078
1398,0.076690465
1399,0.05217059
1400,0.051373623
1401,0.06112915
1402,0.17706718
1403,0.4208185
1404,0.28383783
1405,0.53827727
1406,0.45000643
1407,0.18112613
1408,0.26201367
1409,0.26602706
1410,0.028201194
1411,0.16281956
1412,0.076762505
1413,0.058828384
1414,0.27867064
1415,0.26033202
1416,0.06780683
1417,0.53004533
1418,0.27724862
1419,0.01301994
1420,0.08863338
1421,0.12920469
1422,0.09013025
1423,0.057897594
1424,0.016003689
1425,0.009164053
1426,0.014889573
1427,0.03566873
1428,0.071005836
1429,0.11555824
1430,0.12848376
1431,0.17663184
1432,0.4511196
1433,0.85024303
1434,0.47621375
1435,0.4026631
1436,0.5623615
1437,0.09206421
1438,0.016668567
1439,0.07150277
1440,0.075099476
1441,0.14211129
1442,0.18161565
1443,0.07198173
1444,0.033730514
1445,0.07166567
1446,0.14469546
1447,0.028245494
1448,0.05536275
1449,0.1179473
1450,0.021808427
1451,0.048684336
1452,0.02627184
1453,0.023040297
1454,0.010011812
1455,0.04210295
1456,0.09163989
1457,0.073174216
1458,0.11991201
1459,0.2743745
1460,0.27908796
1461,0.41537192
1462,0.8247673
1463,0.64760417
1464,0.4099223
1465,0.11063023
1466,0.045500346
1467,0.017461456
1468,0.058986407
1469,0.120097145
1470,0.021987446
1471,0.041472655
1472,0.47160676
1473,0.061427023
1474,0.024800926
1475,0.072133005
1476,0.058421567
1477,0.11007606
1478,0.048708636
1479,0.057199776
1480,0.022119462
1481,0.047931332
1482,0.03650679
1483,0.114166744
1484,0.15106906
1485,0.4918506
1486,0.42018393
1487,0.27719602
1488,0.8754922
1489,0.41598538
1490,0.49844712
1491,0.12009475
1492,0.039178178
1493,0.028600143
1494,0.043662887
1495,0.054712754
1496,0.051768553
1497,0.044589825
1498,0.073507845
1499,0.4241532
1500,0.10653409
1501,0.37236133
1502,0.03574391
1503,0.11345014
1504,0.13275641
1505,0.1366015
1506,0.17434025
1507,0.043554813
1508,0.05570732
1509,0.26454505
1510,0.5674993
1511,0.4090161
1512,0.44928503
1513,0.17993808
1514,0.3855717
1515,0.18443985
1516,0.07524785
1517,0.02647095
1518,0.04608642
1519,0.03625535
1520,0.13688375
1521,0.27001274
1522,0.08186132
1523,0.2779907
1524,0.034511253
1525,0.07553741
1526,0.18193418
1527,0.048773352
1528,0.014294111
1529,0.15517996
1530,0.16407008
1531,0.049524713
1532,0.26896533
1533,0.18625072
1534,0.09553959
1535,0.08683844
1536,0.026593009
1537,0.09526066
1538,0.079199396
1539,0.046404075
1540,0.12885489
1541,0.24705206
1542,0.053799905
1543,0.03745211
1544,0.13124928
1545,0.017826285
1546,0.014836111
1547,0.09310071
1548,0.04076748
1549,0.038757406
1550,0.15053922
1551,0.052361112
1552,0.067831926
1553,0.019652044
1554,0.062402893
1555,0.18308942
1556,0.37061787
1557,0.2696413
1558,0.05832735
1559,0.017709527
1560,0.05937927
1561,0.017080015
1562,0.06985207
1563,0.14153235
1564,0.019488107
1565,0.03765881
1566,0.01867509
1567,0.036829453
1568,0.031339608
1569,0.0947814
1570,0.1242143
1571,0.2873518
1572,0.026226928
1573,0.027827863
1574,0.05117076
1575,0.09367141
1576,0.11384169
1577,0.2623604
1578,0.05970807
1579,0.004533242
1580,0.0018466957
1581,0.09756792
1582,0.035775438
1583,0.019505769
1584,0.080517024
1585,0.12215146
1586,0.060770582
1587,0.019253314
1588,0.016446913
1589,0.17889895
1590,0.009851788
1591,0.011880509
1592,0.031314712
1593,0.15319175
1594,0.08891061
1595,0.05999379
1596,0.028503412
1597,0.044125956
1598,0.08229602
1599,0.29383573
1600,0.024261262
1601,0.017431883
1602,0.026043518
1603,0.04344954
1604,0.06761624
1605,0.15682088
1606,0.07206677
1607,0.17148818
1608,0.10153676
1609,0.034525286
1610,0.018198304
1611,0.053669594
1612,0.05549586
1613,0.26031333
1614,0.015214813
1615,0.015427144
1616,0.08202797
1617,0.020516226
1618,0.11746386
1619,0.06830733
1620,0.017101873
1621,0.021777958
1622,0.29141673
1623,0.59742117
1624,0.12066311
1625,0.054251976
1626,0.066013284
1627,0.03665969
1628,0.034042273
1629,0.07474955
1630,0.074769065
1631,0.07086716
1632,0.67728263
1633,0.07921418
1634,0.022041386
1635,0.09282405
1636,0.086151406
1637,0.043196768
1638,0.13613158
1639,0.45851582
1640,0.07290362
1641,0.1239387
1642,0.024134228
1643,0.014947545
1644,0.031038638
1645,0.024016716
1646,0.097239874
1647,0.033539813
1648,0.028576057
1649,0.059270453
1650,0.04334976
1651,0.017342482
1652,0.048987977
1653,0.007695311
1654,0.014609513
1655,0.0989129
1656,0.048090167
1657,0.020477124
1658,0.040086012
1659,0.0923166
1660,0.11295561
1661,0.026838824
1662,0.0604162
1663,0.4037068
1664,0.06571621
1665,0.089130506
1666,0.032950997
1667,0.053079117
1668,0.053836055
1669,0.01490584
1670,0.022189766
1671,0.26854894
1672,0.03217626
1673,0.0126189
1674,0.0520333
1675,0.09149429
1676,0.028410355
1677,0.017956646
1678,0.2514501
1679,0.05035766
1680,0.031534925
1681,0.053760894
1682,0.37964484
1683,0.022102097
1684,0.0046560597
1685,0.01755754
1686,0.014493222
1687,0.05208486
1688,0.010684373
1689,0.041150205
1690,0.12190512
1691,0.07266542
1692,-0.0009065871
1693,0.011819016
1694,0.014467838
1695,0.06838972
1696,0.23384652
1697,0.09528646
1698,0.07853849
1699,0.0759342
1700,0.03320378
1701,0.05708839
1702,0.023265665
1703,0.06484997
1704,0.26667708
1705,0.10788023
1706,0.0069973734
1707,0.033962395
1708,0.015529156
1709,0.016136022
1710,0.021427445
1711,0.014977086
1712,0.024667105
1713,0.0011410314
1714,0.011013122
1715,0.028685201
1716,0.05894519
1717,0.05376639
1718,0.112712145
1719,0.0119171
1720,0.016731348
1721,0.12194604
1722,0.012318783
1723,0.15860838
1724,0.010088846
1725,0.027224613
1726,0.022691732
1727,0.021919211
1728,0.010834326
1729,0.008673148
1730,0.013753046
1731,0.013010182
1732,0.012685938
1733,0.06352244
1734,0.04809548
1735,0.018659176
1736,0.050090853
1737,0.016802553
1738,0.004238827
1739,0.012857523
1740,0.0071218093
1741,0.078106165
1742,0.028271984
1743,0.05241982
1744,0.010815969
1745,0.0066540046
1746,0.023665506
1747,0.0048565995
1748,0.008006492
1749,0.014477049
1750,0.069347635
1751,0.01775723
1752,0.016123611
1753,0.013903739
1754,0.12289394
1755,0.05669993
1756,0.052483886
1757,0.049647525
1758,0.004393073
1759,0.08007056
1760,0.025399273
1761,0.013275693
1762,0.06784228
1763,0.0092675295
1764,0.044509124
1765,0.08409181
1766,0.020693306
1767,0.034810223
1768,0.03449316
1769,0.028394893
1770,0.024292989
1771,0.006644852
1772,0.012882982
1773,0.0143646225
1774,0.008486571
1775,0.01185037
1776,0.032462943
1777,0.004372869
1778,0.006175986
1779,0.049228303
1780,0.05443246
1781,0.034846574
1782,0.012312559
1783,0.13231982
1784,0.02588883
1785,0.012526085
1786,0.027000166
1787,0.0058860686
1788,0.018814992
1789,0.050763473
1790,0.021397749
1791,0.007565973
1792,0.018633526
1793,0.021690544
1794,0.005380984
1795,0.028555216
1796,0.03761494
1797,0.07925113
1798,0.010725429
1799,0.021505017
1800,0.07472571
1801,0.022161407
1802,0.04205037
1803,0.03180811
1804,0.027329432
1805,0.039355695
1806,0.050673332
1807,0.014750076
1808,0.033174265
1809,0.042023648
1810,0.04209218
1811,0.069025464
1812,0.039642185
1813,0.028200613
1814,0.027693812
1815,0.03334675
1816,0.25220963
1817,0.23487149
1818,0.11237571
1819,0.049986813
1820,0.14016102
1821,0.064125426
1822,0.086672716
1823,0.04150985
1824,0.013754205
1825,0.027851637
1826,0.08506932
1827,0.025260737
1828,0.54442304
1829,0.10127743
1830,0.032764323
1831,0.098327935
1832,0.0319056
1833,0.004194424
1834,0.005686216
1835,0.025195971
1836,0.02914661
1837,0.02699781
1838,0.015746374
1839,0.01092824
1840,0.07072881
1841,0.093213014
1842,0.2791029
1843,0.4328154
1844,0.038849317
1845,0.07373161
1846,0.11069316
1847,0.009045208
1848,0.003922612
1849,0.035673942
1850,0.038702767
1851,0.046243753
1852,0.3837719
1853,0.082784794
1854,0.101549394
1855,0.44709456
1856,0.06323016
1857,0.42568824
1858,0.01736485
1859,0.038182683
1860,0.11994451
1861,0.030313132
1862,0.03341325
1863,0.031408187
1864,0.035131693
1865,0.021370336
1866,0.053370647
1867,0.06902204
1868,0.052632768
1869,0.040572133
1870,0.26963145
1871,0.028274354
1872,0.035309717
1873,0.03265985
1874,0.047108844
1875,0.025209486
1876,0.033777006
1877,0.030798078
1878,0.025603596
1879,0.110775255
1880,0.03619667
1881,0.117460586
1882,0.060886893
1883,0.03234332
1884,0.012419312
1885,0.108110346
1886,0.07321958
1887,0.049733363
1888,0.13395508
1889,0.42864573
1890,0.0019158752
1891,0.047088437
1892,0.03445253
1893,0.02020453
1894,0.018097702
1895,0.030903716
1896,0.0014768738
1897,0.0503373
1898,0.06486075
1899,0.11177578
1900,0.28119123
1901,0.016424537
1902,0.023739511
1903,0.035790935
1904,0.02505978
1905,0.03233037
1906,0.13448167
1907,0.02252871
1908,0.035665736
1909,0.046592835
1910,0.030258318
1911,0.09797039
1912,0.44017497
1913,0.045331817
1914,0.021163335
1915,0.022944132
1916,0.036651514
1917,0.04406945
1918,0.025686035
1919,0.09200072
1920,0.15010174
1921,0.07600933
1922,0.07364107
1923,0.040906474
1924,6.8368376e-05
1925,0.02400046
1926,0.02353356
1927,0.032293476
1928,0.065567136
1929,0.05902882
1930,0.22924708
1931,0.022020798
1932,0.046492193
1933,0.03787028
1934,0.022561325
1935,0.022354562
1936,0.023627931
1937,0.037323333
1938,0.022673056
1939,0.06709507
1940,0.15451413
1941,0.40883774
1942,0.047023028
1943,0.040430635
1944,0.03958254
1945,0.092702225
1946,0.0680602
1947,0.015378861
1948,0.05086872
1949,0.015659269
1950,0.0306654
1951,0.123941325
1952,0.02254447
1953,0.01902494
1954,0.027354294
1955,0.06332683
1956,0.07887766
1957,0.25859034
1958,0.13664193
1959,0.14633964
1960,0.0728567
1961,0.048190378
1962,0.024355749
1963,0.053276125
1964,0.04533136
1965,0.10111698
1966,0.047593117
1967,0.5669898
1968,0.2522981
1969,0.024668764
1970,0.11192948
1971,0.0507601
1972,0.0519897
1973,0.021300204
1974,0.016296126
1975,0.008689488
1976,0.05158625
1977,0.018310877
1978,0.014120215
1979,0.015889809
1980,0.07337864
1981,0.041107014
1982,0.08491726
1983,0.07298039
1984,0.12623878
1985,0.24919905
1986,0.27144462
1987,0.08409345
1988,0.033536885
1989,0.09659851
1990,0.01692003
1991,0.0049362574
1992,0.024453988
1993,0.08140827
1994,0.058169633
1995,0.12513253
1996,0.048057757
1997,0.10873458
1998,0.040251054
1999,0.058040097
2000,0.038132027
2001,0.018477723
2002,0.020566061
2003,0.11060877
2004,0.0076279305
2005,0.055262692
2006,0.029641353
2007,0.0061158515
2008,0.018542143
2009,0.03364967
2010,0.053642932
2011,0.08218205
2012,0.1440322
2013,0.117618196
2014,0.26079243
2015,0.13327165
2016,0.1342775
2017,0.01992404
2018,0.104461215
2019,0.012163238
2020,0.052792277
2021,0.047589693
2022,0.08350861
2023,0.036921736
2024,0.028244335
2025,0.048072543
2026,0.044100158
2027,0.01555352
2028,0.05674353
2029,0.08625756
2030,0.033176903
2031,0.055019706
2032,0.022353021
2033,0.026927412
2034,0.05717094
2035,0.010084688
2036,0.033406526
2037,0.063627444
2038,0.06341531
2039,0.15783706
2040,0.51075184
2041,0.1229884
2042,0.1369036
2043,0.08240596
2044,0.09195115
2045,0.08955347
2046,0.08151653
2047,0.060405344
2048,0.012152718
2049,0.026729383
2050,0.38026148
2051,0.07005677
2052,0.08112938
2053,0.067659184
2054,0.08158314
2055,0.020331493
2056,0.027970081
2057,0.019304505
2058,0.040754925
2059,0.12283686
2060,0.07405935
2061,0.05320294
2062,0.1392007
2063,0.55379456
2064,0.11884311
2065,0.026091719
2066,0.1392227
2067,0.07531504
2068,0.26134625
2069,0.26057574
2070,0.07023225
2071,0.05457115
2072,0.058319096
2073,0.108920164
2074,0.15469591
2075,0.050350785
2076,0.2599388
2077,0.09181367
2078,0.0698903
2079,0.013313634
2080,0.01306089
2081,0.018113958
2082,0.05589282
2083,0.073979914
2084,0.01689596
2085,0.14883856
2086,0.15699942
2087,0.14354561
2088,0.108775966
2089,0.048587855
2090,0.13406196
2091,0.17720106
2092,0.25419167
2093,0.06367204
2094,0.00990093
2095,0.054343592
2096,0.02826232
2097,0.06954451
2098,0.47490394
2099,0.04753021
2100,0.10214379
2101,0.2919317
2102,0.26075196
2103,0.018687146
2104,0.008402137
2105,0.008943273
2106,0.045180414
2107,0.06501604
2108,0.14489627
2109,0.15887287
2110,0.116902165
2111,0.1197628
2112,0.26303688
2113,0.16828527
2114,0.16545355
2115,0.19714387
2116,0.26907372
2117,0.08219626
2118,0.0597622
2119,0.102895044
2120,0.068247914
2121,0.18218777
2122,0.7156697
2123,0.0150115285
2124,0.010673544
2125,0.05743578
2126,0.37219343
2127,0.054472256
2128,0.2699215
2129,0.01433369
2130,0.052774664
2131,0.09195718
2132,0.021508206
2133,0.05360111
2134,0.17656486
2135,0.06554588
2136,0.1166307
2137,0.26155397
2138,0.1608878
2139,0.19609295
2140,0.36216083
2141,0.16669476
2142,0.028670859
2143,0.26024717
2144,0.1127142
2145,0.13182712
2146,0.7429422
2147,0.41669866
2148,0.29486167
2149,0.007954594
2150,0.030933717
2151,0.13192888
2152,0.021610709
2153,0.06707122
2154,0.031263888
2155,0.023421908
2156,0.009753982
2157,0.06551032
2158,0.010281938
2159,0.025567599
2160,0.050245315
2161,0.08315607
2162,0.13720395
2163,0.12673585
2164,0.13361937
2165,0.11454494
2166,0.24586761
2167,0.24565285
2168,0.027606023
2169,0.10885669
2170,0.24854504
2171,0.02332438
2172,0.066262
2173,0.70649344
2174,0.78866684
2175,0.5054552
2176,0.0100672245
2177,0.02918685
2178,0.019275343
2179,0.07387012
2180,0.28418428
2181,0.0750619
2182,0.020484889
2183,0.006963208
2184,0.060149275
2185,0.08084759
2186,0.06180893
2187,0.015013474
2188,0.27079543
2189,0.030837072
2190,0.045786764
2191,0.14530309
2192,0.14342743
2193,0.07144006
2194,0.06966539
2195,0.1263917
2196,0.08507808
2197,0.028219402
2198,0.12498806
2199,0.1038739
2200,0.10932833
2201,0.6950313
2202,0.90258235
2203,0.45915478
2204,0.018181417
2205,0.07528264
2206,0.030876828
2207,0.013212425
2208,0.12641205
2209,0.090717524
2210,0.17337343
2211,0.049514476
2212,0.072483
2213,0.01875038
2214,0.07352193
2215,0.1176594
2216,0.24957387
2217,0.10941649
2218,0.4989681
2219,0.28356618
2220,0.27585778
2221,0.17478679
2222,0.117346816
2223,0.084852025
2224,0.14651917
2225,0.052867945
2226,0.036311176
2227,0.024285328
2228,0.12478857
2229,0.12194252
2230,0.063750386
2231,0.1058742
2232,0.02620577
2233,0.72182286
2234,1.0558043
2235,0.84153664
2236,0.110037446
2237,0.05275964
2238,0.26268652
2239,0.1586161
2240,0.031222157
2241,0.0051911483
2242,0.022901913
2243,0.0233781
2244,0.04909174
2245,0.11862154
2246,0.065382004
2247,0.4022891
2248,0.62592894
2249,0.10421259
2250,0.15121101
2251,0.13344574
2252,0.1947108
2253,0.105204806
2254,0.3729398
2255,0.10304162
2256,0.042809628
2257,0.096780136
2258,0.11072664
2259,0.11060773
2260,0.056105647
2261,0.026818544
2262,0.2877503
2263,0.41323525
2264,0.264721
2265,0.086670555
2266,0.035771687
2267,0.13684288
2268,0.01883599
2269,0.07960712
2270,0.18580642
2271,0.03605124
2272,0.051013105
2273,0.05340599
2274,0.019722378
2275,0.029117443
2276,0.058128763
2277,0.060129426
2278,0.27517426
2279,0.80945855
2280,0.28059772
2281,0.2843385
2282,0.16048466
2283,0.26759458
2284,0.18435419
2285,0.49296835
2286,0.07043014
2287,0.029503305
2288,0.044556487
2289,0.035239052
2290,0.14535618
2291,0.1551161
2292,0.10405294
2293,0.20826301
2294,0.42150697
2295,0.26177943
2296,1.0735261
2297,0.13738674
2298,0.025475543
2299,0.13785315
2300,0.17211224
2301,0.06757803
2302,0.40007183
2303,0.07404095
2304,0.051260855
2305,0.051014073
2306,0.06352728
2307,0.17501114
2308,0.42026323
2309,0.44723254
2310,0.5414541
2311,0.4422463
2312,0.18116955
2313,0.17040803
2314,0.2639351
2315,0.028910441
2316,0.16196142
2317,0.07967805
2318,0.05901195
2319,0.27527773
2320,0.26833615
2321,0.06625698
2322,0.24437328
2323,0.28146222
2324,0.09119219
2325,0.12806626
2326,0.087459214
2327,0.057483714
2328,0.015114854
2329,0.0074058566
2330,0.01570396
2331,0.035394043
2332,0.07242875
2333,0.115135215
2334,0.13225244
2335,0.17456375
2336,0.4244891
2337,0.89501137
2338,0.42611262
2339,0.27926
2340,0.5736327
2341,0.08925284
2342,0.06955067
2343,0.07120823
2344,0.13840038
2345,0.1830637
2346,0.07199429
2347,0.032849982
2348,0.009574874
2349,0.0726846
2350,0.14234257
2351,0.05725867
2352,0.118967876
2353,0.022992238
2354,0.04692039
2355,0.029409135
2356,0.021494394
2357,0.010716784
2358,0.04225226
2359,0.090938896
2360,0.074378386
2361,0.1209926
2362,0.2751373
2363,0.27871487
2364,0.44013277
2365,0.8091281
2366,0.6543288
2367,0.4168305
2368,0.10684739
2369,0.04471987
2370,0.021060724
2371,0.055302236
2372,0.120290436
2373,0.020860685
2374,0.017080247
2375,0.038625527
2376,0.48266965
2377,0.060554873
2378,0.023592014
2379,0.07211194
2380,0.060211957
2381,0.11338866
2382,0.046721347
2383,0.055877414
2384,0.04665333
2385,0.014665192
2386,0.01946746
2387,0.03460597
2388,0.111320704
2389,0.15255542
2390,0.4888261
2391,0.381811
2392,0.1622212
2393,0.86811924
2394,0.3919307
2395,0.5110187
2396,0.117642365
2397,0.039325982
2398,0.031307794
2399,0.05501517
2400,0.05238096
2401,0.071940176
2402,0.4500518
2403,0.10697617
2404,0.27995014
2405,0.03593338
2406,0.11063906
2407,0.13465154
2408,0.13592094
2409,0.16689524
2410,0.04530018
2411,0.0336242
2412,0.053298768
2413,0.1710612
2414,0.5423638
2415,0.4376842
2416,0.46953776
2417,0.2630744
2418,0.37425703
2419,0.18529025
2420,0.07662357
2421,0.0412656
2422,0.018000055
2423,0.026136156
2424,0.017700061
2425,0.04801736
2426,0.03652145
2427,0.13740022
2428,0.15465759
2429,0.08104496
2430,0.28415197
2431,0.0328616
2432,0.076313496
2433,0.27230197
2434,0.048062652
2435,0.01583875
2436,0.014551328
2437,0.15823498
2438,0.15998518
2439,0.04828433
2440,0.26528108
2441,0.18568389
2442,0.095047235
2443,0.085391924
2444,0.095044255
2445,0.085346505
2446,0.044755153
2447,0.13106695
2448,0.12161553
2449,0.056531798
2450,0.036994893
2451,0.017572293
2452,0.13204134
2453,0.018104281
2454,0.015780523
2455,0.10224864
2456,0.01311217
2457,0.04130581
2458,0.040147267
2459,0.16131055
2460,0.05185952
2461,0.06987936
2462,0.016752549
2463,0.06442391
2464,0.18480831
2465,0.3772361
2466,0.36604404
2467,0.0588387
2468,0.06274799
2469,0.018329581
2470,0.07190966
2471,0.1414378
2472,0.01959365
2473,0.037134916
2474,0.01993349
2475,0.035003204
2476,0.021650385
2477,0.014701032
2478,0.029500987
2479,0.094676554
2480,0.12227139
2481,0.36894193
2482,0.026941264
2483,0.051646058
2484,0.096363075
2485,0.11247653
2486,0.25605673
2487,0.06338574
2488,0.0030413102
2489,0.10840972
2490,0.01790546
2491,0.07896714
2492,0.24483784
2493,0.058610115
2494,0.017979998
2495,0.021735573
2496,0.013714773
2497,0.28182527
2498,0.036312878
2499,0.011829441
2500,0.030800894
2501,0.15789877
2502,0.090146504
2503,0.05952348
2504,0.02893522
2505,0.043213498
2506,0.08283325
2507,0.19984742
2508,0.027564874
2509,0.019546276
2510,0.025774732
2511,0.044259313
2512,0.06707879
2513,0.16319351
2514,0.07348572
2515,0.26527676
2516,0.105192676
2517,0.032347213
2518,0.05190038
2519,0.051091947
2520,0.032443337
2521,0.15495521
2522,0.017827103
2523,0.013541348
2524,0.08226825
2525,0.020516226
2526,0.12162341
2527,0.06835427
2528,0.020798113
2529,0.2916138
2530,0.59602696
2531,0.123199
2532,0.047692206
2533,0.002889489
2534,0.067195535
2535,0.037685014
2536,0.03705869
2537,0.073605835
2538,0.07521337
2539,0.07202294
2540,0.74701035
2541,0.07917909
2542,0.021625541
2543,0.093342885
2544,0.082596146
2545,0.019473508
2546,0.04214988
2547,0.1427363
2548,0.451153
2549,0.07565417
2550,0.11593622
2551,0.026235832
2552,0.033499602
2553,0.024043975
2554,0.09873005
2555,0.031555597
2556,0.027917454
2557,0.00644892
2558,0.061178405
2559,0.045379873
2560,0.046303548
2561,0.014295815
2562,0.096556686
2563,0.040738646
2564,0.047721226
2565,0.019794676
2566,0.03883745
2567,0.09225999
2568,0.114592694
2569,0.027193783
2570,0.05876799
2571,0.40969235
2572,0.06827864
2573,0.08207163
2574,0.03915072
2575,0.034119405
2576,0.05324596
2577,0.055579524
2578,0.015798647
2579,0.022339204
2580,0.17496106
2581,0.03293886
2582,0.013853012
2583,0.053955898
2584,0.089806624
2585,0.025733681
2586,0.018124055
2587,0.11711982
2588,0.049013764
2589,0.030525481
2590,0.05310188
2591,0.4081765
2592,0.02234826
2593,0.006483811
2594,0.015978852
2595,0.01557064
2596,0.05307038
2597,0.010227227
2598,0.04222652
2599,0.1207322
2600,0.075445935
2601,0.013965975
2602,0.069488086
2603,0.12013285
2604,0.09295088
2605,0.08009055
2606,0.07279772
2607,0.057785094
2608,0.023567772
2609,0.062461484
2610,0.27297813
2611,0.10543261
2612,0.009480951
2613,0.034339447
2614,0.017972315
2615,0.015603834
2616,0.020535838
2617,0.015799964
2618,0.02434307
2619,0.002081041
2620,0.0105965
2621,0.012741446
2622,0.030685702
2623,0.057648752
2624,0.05228414
2625,0.108073056
2626,0.01597138
2627,0.01557563
2628,0.11754214
2629,0.013282313
2630,0.14377566
2631,0.0214085
2632,0.011551634
2633,0.025107626
2634,0.021476576
2635,0.02523894
2636,0.010358945
2637,0.023729667
2638,0.008111999
2639,0.015011232
2640,0.013306492
2641,0.061133537
2642,0.030325837
2643,0.047002867
2644,0.018543314
2645,0.051307864
2646,0.017307863
2647,0.0127681745
2648,0.008099493
2649,0.07768012
2650,0.028806841
2651,0.051910933
2652,0.009326404
2653,0.007080643
2654,0.025174102
2655,0.07609565
2656,0.015399406
2657,0.0141632715
2658,0.11260772
2659,0.05427864
2660,0.0530163
2661,0.013395123
2662,0.0032119984
2663,0.080501266
2664,0.025542334
2665,0.012639484
2666,0.06812624
2667,0.009471451
2668,0.04602487
2669,0.08539522
2670,0.02145711
2671,0.029430699
2672,0.03328142
2673,0.03463497
2674,0.02816133
2675,0.025361778
2676,0.008566878
2677,0.0072292415
2678,0.013543463
2679,0.013234656
2680,0.012961313
2681,0.03243271
2682,0.0058289776
2683,0.005871097
2684,0.056362938
2685,0.1275843
2686,0.020786077
2687,0.05061648
2688,0.021885894
2689,0.0076830555
2690,0.017743653
2691,0.022086162
2692,0.014974092
2693,0.029308358
2694,0.04129284
2695,0.07251988
2696,0.023342611
2697,0.07347433
2698,0.040879592
2699,0.030297963
2700,0.03336851
2701,0.042498566
2702,0.0653151
2703,0.043655634
2704,0.07314367
2705,0.04772002
2706,0.07607086
2707,0.033183374
2708,0.044630866
2709,0.14338432
2710,0.3454074
2711,0.021341614
2712,0.021168537
2713,0.027954625
2714,0.12939489
2715,0.17033468
2716,0.054758273
2717,0.103099026
2718,0.038814507
2719,0.021447767
2720,0.044484302
2721,0.009460807
2722,0.005727889
2723,0.22516549
2724,0.02875017
2725,0.55603623
2726,0.11762835
2727,0.023446444
2728,0.24527352
2729,0.031747036
2730,-0.00071972166
2731,0.023917979
2732,0.02991798
2733,0.033310745
2734,0.013015268
2735,0.009319101
2736,0.06954552
2737,0.1160855
2738,0.46462715
2739,0.42829138
2740,0.035454866
2741,0.034495175
2742,0.07914712
2743,0.12723553
2744,0.0062631937
2745,0.032603983
2746,0.031195346
2747,0.042410698
2748,0.027061896
2749,0.2746019
2750,0.08281297
2751,0.35641345
2752,0.44580114
2753,0.06527818
2754,0.29385093
2755,0.0037765855
2756,0.013396864
2757,0.042704348
2758,0.13673443
2759,0.037292164
2760,0.0384686
2761,0.029743258
2762,0.039342724
2763,-0.0024626027
2764,0.05878736
2765,0.07266359
2766,0.046611108
2767,0.027939092
2768,0.041272603
2769,0.3615022
2770,0.032987192
2771,0.026641184
2772,0.03506755
2773,0.045146532
2774,0.030198945
2775,0.039526146
2776,0.04489353
2777,0.119798645
2778,0.039621893
2779,0.24741061
2780,0.035476774
2781,0.022640072
2782,0.0065223677
2783,0.47040156
2784,0.07361935
2785,0.051465306
2786,0.25162497
2787,0.2824213
2788,0.050878532
2789,0.039177485
2790,0.01371539
2791,0.013282985
2792,0.019543646
2793,0.014765657
2794,0.004848684
2795,0.028789919
2796,0.0026968191
2797,0.054145843
2798,0.054455508
2799,0.06718062
2800,0.22968504
2801,0.28710538
2802,0.024191756
2803,0.0372561
2804,0.024858864
2805,0.034265604
2806,0.15072653
2807,0.03959146
2808,0.050604478
2809,0.032710843
2810,0.09973159
2811,0.47547078
2812,0.04016323
2813,0.020676296
2814,0.024162704
2815,0.035531744
2816,0.046379916
2817,0.024616716
2818,0.0129386075
2819,0.08788074
2820,0.14539398
2821,0.07537656
2822,0.06803459
2823,0.04348485
2824,0.025408437
2825,0.023468876
2826,0.0307133
2827,0.06527936
2828,0.06227589
2829,0.10226017
2830,0.022438973
2831,0.047474876
2832,0.034978103
2833,0.021123318
2834,0.023123369
2835,0.021978121
2836,0.040339254
2837,0.019164298
2838,0.06707938
2839,0.28080449
2840,0.269124
2841,0.04746617
2842,0.039544366
2843,0.03769802
2844,0.0906617
2845,0.06425839
2846,0.01622864
2847,0.054104254
2848,0.0143721225
2849,0.027152736
2850,0.13338012
2851,0.020790797
2852,0.01954202
2853,0.027271923
2854,0.0015153143
2855,0.06524435
2856,0.079905406
2857,0.25829685
2858,0.12977578
2859,0.25618216
2860,0.07465224
2861,0.050175346
2862,0.023815146
2863,0.05396415
2864,0.044736974
2865,0.10335768
2866,0.049097348
2867,0.53970146
2868,0.114985555
2869,0.0130063705
2870,0.11126746
2871,0.05418155
2872,0.050311036
2873,0.019134475
2874,0.050575465
2875,0.017478773
2876,0.0050239093
2877,0.014990007
2878,0.015198396
2879,0.076855674
2880,0.04399803
2881,0.087670535
2882,0.07544084
2883,0.13070676
2884,0.2523867
2885,0.40298185
2886,0.080307715
2887,0.03139044
2888,0.095924035
2889,0.01688045
2890,0.03994823
2891,0.005092953
2892,0.020960998
2893,0.07896042
2894,0.06355576
2895,0.122103974
2896,0.044814635
2897,0.10462302
2898,0.039477
2899,0.059326764
2900,0.036517102
2901,0.018947147
2902,0.02014476
2903,0.11360296
2904,0.0077625928
2905,0.028378883
2906,0.060204897
2907,0.028163534
2908,0.008042568
2909,0.018667197
2910,0.033348642
2911,0.058714405
2912,0.08603993
2913,0.14384758
2914,0.119247645
2915,0.25991562
2916,0.1385196
2917,0.14145249
2918,0.018892232
2919,0.105736844
2920,0.054288164
2921,0.044635158
2922,0.08094648
2923,0.038618837
2924,0.04931078
2925,0.03976294
2926,0.054413676
2927,0.08394039
2928,0.03341711
2929,0.05672843
2930,0.01976096
2931,0.026660064
2932,0.013942793
2933,0.060864538
2934,0.012163111
2935,0.037000954
2936,0.06622083
2937,0.06613437
2938,0.15867549
2939,0.4776582
2940,0.1241043
2941,0.25538158
2942,0.083173044
2943,0.095331356
2944,0.08800236
2945,0.08330391
2946,0.061683282
2947,0.0075738397
2948,0.010020179
2949,0.026297703
2950,0.273133
2951,0.07224276
2952,0.08310728
2953,0.06911433
2954,0.082650006
2955,0.017159339
2956,0.027510457
2957,0.005481665
2958,0.019867072
2959,0.040469512
2960,0.14890982
2961,0.07574301
2962,0.05352667
2963,0.14207922
2964,0.50795037
2965,0.11820891
2966,0.024126407
2967,0.14053482
2968,0.07530936
2969,0.25957713
2970,0.18008003
2971,0.07163268
2972,0.022727262
2973,0.05395837
2974,0.10492867
2975,0.2589239
2976,0.054011393
2977,0.25360435
2978,0.09394172
2979,0.072497584
2980,0.011558235
2981,0.005883997
2982,0.0138639035
2983,0.01794682
2984,0.059462123
2985,0.07687126
2986,0.01563056
2987,0.14858223
2988,0.25576842
2989,0.15197802
2990,0.11208453
2991,0.047036182
2992,0.13202308
2993,0.18239492
2994,0.25321048
2995,0.06286728
2996,0.01083373
2997,0.055779133
2998,0.024827883
2999,0.07600218
3000,0.44205326
3001,0.04476128
3002,0.09390516
3003,0.3807135
3004,0.25846753
3005,0.0061538233
3006,0.009531965
3007,0.009239828
3008,0.04586308
3009,0.06618451
3010,0.1526523
3011,0.25364798
3012,0.11473224
3013,0.122055866
3014,0.2563124
3015,0.25985378
3016,0.16532558
3017,0.20433238
3018,0.37906688
3019,0.089192025
3020,0.0057115224
3021,0.025965756
3022,0.05582231
3023,0.09973751
3024,0.06622008
3025,0.19090356
3026,0.77829057
3027,0.007073859
3028,0.054434
3029,0.3542885
3030,0.019214971
3031,0.05578183
3032,0.26805627
3033,0.013042893
3034,0.054295544
3035,0.09087487
3036,0.020094387
3037,0.056310914
3038,0.18547168
3039,0.06361555
3040,0.11569106
3041,0.1944939
3042,0.15994331
3043,0.20116106
3044,0.37284154
3045,0.17267789
3046,0.027638087
3047,0.26060343
3048,0.2412655
3049,0.1290389
3050,0.7125103
3051,0.4120467
3052,0.28741744
3053,0.00868703
3054,0.031162806
3055,0.1280453
3056,0.018780205
3057,0.06637857
3058,0.023287036
3059,0.008960263
3060,0.06902066
3061,0.010754757
3062,0.023743497
3063,0.0488015
3064,0.0862317
3065,0.13424952
3066,0.12791765
3067,0.13582881
3068,0.112976
3069,0.24938653
3070,0.10340904
3071,0.028991634
3072,0.1065395
3073,0.16833925
3074,0.022288177
3075,0.06575814
3076,0.79253143
3077,0.88408935
3078,0.49346933
3079,0.0077387285
3080,0.029563012
3081,0.07053512
3082,0.28312448
3083,0.080395676
3084,0.053861666
3085,0.00874952
3086,0.06223063
3087,0.0871733
3088,0.061098363
3089,0.013824178
3090,0.27573025
3091,0.033998866
3092,0.045255132
3093,0.14478073
3094,0.14497684
3095,0.073459506
3096,0.06867282
3097,0.13217935
3098,0.23198663
3099,0.026526654
3100,0.12460628
3101,0.103152975
3102,0.10470077
3103,0.7709285
3104,0.8917917
3105,0.5401328
3106,0.016288556
3107,0.21528988
3108,0.009097728
3109,0.14573288
3110,0.08680648
3111,0.25274813
3112,0.04584769
3113,0.07220649
3114,0.022704495
3115,0.07597061
3116,0.11901195
3117,0.25350255
3118,0.14782085
3119,0.47872618
3120,0.28247854
3121,0.17157961
3122,0.17548876
3123,0.12190167
3124,0.08771668
3125,0.14249423
3126,0.0491814
3127,0.03501907
3128,0.12545565
3129,0.12342359
3130,0.06656855
3131,0.09941681
3132,0.78472966
3133,0.99233943
3134,0.90543824
3135,0.1058295
3136,0.054610614
3137,0.14405857
3138,0.0151875075
3139,0.16148366
3140,0.029073426
3141,0.023680627
3142,0.023595173
3143,0.051401492
3144,0.1190757
3145,0.06699836
3146,0.43445143
3147,0.5810762
3148,0.1091958
3149,0.14936034
3150,0.13560386
3151,0.18489496
3152,0.10471713
3153,0.24606118
3154,0.10230581
3155,0.042607535
3156,0.09488156
3157,0.10756125
3158,0.107840195
3159,0.05378956
3160,0.29670262
3161,0.4107914
3162,0.262962
3163,0.08534551
3164,0.033795267
3165,0.12914814
3166,0.01833153
3167,0.08109137
3168,0.18187058
3169,0.03235279
3170,0.052504055
3171,0.0538166
3172,0.018768806
3173,0.026679521
3174,0.058635354
3175,0.06066497
3176,0.27301717
3177,0.78147906
3178,0.28316364
3179,0.28786284
3180,0.16098438
3181,0.19766597
3182,0.18488754
3183,0.514323
3184,0.07127069
3185,0.030214828
3186,0.039268117
3187,0.034761947
3188,0.13812205
3189,0.15629525
3190,0.10870212
3191,0.21537639
3192,0.410927
3193,0.26229265
3194,1.0062276
3195,0.24785125
3196,0.024162196
3197,0.13464084
3198,0.16369464
3199,0.025070267
3200,0.06435761
3201,0.24688636
3202,0.0756815
3203,0.052720785
3204,0.051829588
3205,0.06109123
3206,0.270462
3207,0.41728103
3208,0.28760806
3209,0.5164139
3210,0.30356848
3211,0.17902845
3212,0.17365189
3213,0.26907137
3214,0.01623713
3215,0.027335972
3216,0.16061881
3217,0.077654876
3218,0.06055093
3219,0.1892088
3220,0.26948944
3221,0.06201996
3222,0.4951237
3223,0.28378198
3224,0.085417576
3225,0.12537405
3226,0.086645134
3227,0.055282988
3228,0.009532003
3229,0.03685232
3230,0.07411687
3231,0.120545335
3232,0.13323651
3233,0.17508163
3234,0.2940083
3235,0.87241054
3236,0.4324802
3237,0.39184526
3238,0.55684435
3239,0.09413946
3240,0.070552625
3241,0.07626833
3242,0.13847917
3243,0.2564473
3244,0.07426734
3245,0.03416835
3246,0.073779546
3247,0.1423413
3248,0.119126916
3249,0.026655465
3250,0.020305933
3251,0.04529311
3252,0.025181228
3253,0.020568123
3254,0.01197282
3255,0.041941166
3256,0.09247081
3257,0.074640185
3258,0.122152045
3259,0.2000047
3260,0.28297186
3261,0.45063144
3262,0.81604373
3263,0.64988226
3264,0.28426352
3265,0.10411356
3266,0.04470689
3267,0.018667523
3268,0.05855424
3269,0.11389889
3270,0.020843662
3271,0.014337567
3272,0.03741513
3273,0.49377963
3274,0.057584815
3275,0.020949412
3276,0.07087478
3277,0.057864133
3278,0.11255513
3279,0.04793599
3280,0.05439272
3281,0.022658672
3282,0.045407526
3283,0.01416429
3284,0.020547908
3285,0.036529902
3286,0.1103597
3287,0.150088
3288,0.49290654
3289,0.40771255
3290,0.16288048
3291,0.9267093
3292,0.4126267
3293,0.48423123
3294,0.12015535
3295,0.037152562
3296,0.040560707
3297,0.05299004
3298,0.05129172
3299,0.042766463
3300,0.07486375
3301,0.43910724
3302,0.09927604
3303,0.2646371
3304,0.03306056
3305,0.10650212
3306,0.12500803
3307,0.13150847
3308,0.17397708
3309,0.044003423
3310,0.03600665
3311,0.013290073
3312,0.057518587
3313,0.17377119
3314,0.5148276
3315,0.39342976
3316,0.46993616
3317,0.18204533
3318,0.4092067
3319,0.18427444
3320,0.07835929
3321,0.04078612
3322,0.017219126
3323,0.026262902
3324,0.01712837
3325,0.04795834
3326,0.13471484
3327,0.15233323
3328,0.08128541
3329,0.19605167
3330,0.032782026
3331,0.076313846
3332,0.2625708
3333,0.04719463
3334,0.01557604
3335,0.014913592
3336,0.16054952
3337,0.16996041
3338,0.04883128
3339,0.15294042
3340,0.27003863
3341,0.09510129
3342,0.088435754
3343,0.023962425
3344,0.0893685
3345,0.08604698
3346,0.043703653
3347,0.1254719
3348,0.1187023
3349,0.050342333
3350,0.03382581
3351,0.015243911
3352,0.1269597
3353,0.016728569
3354,0.09685151
3355,0.042670593
3356,0.041455712
3357,0.26408198
3358,0.053024374
3359,0.06750123
3360,0.060072362
3361,0.18939114
3362,0.3814195
3363,0.3998304
3364,0.058002755
3365,0.00078348146
3366,0.01527562
3367,0.025250433
3368,0.061321042
3369,0.07168533
3370,0.1321581
3371,0.0187483
3372,0.035032034
3373,0.019109411
3374,0.03614494
3375,0.020788908
3376,0.030439146
3377,0.09631691
3378,0.12734748
3379,0.36586925
3380,0.025360463
3381,0.029270317
3382,0.050246023
3383,0.095322855
3384,0.11187479
3385,0.26328823
3386,0.06419694
3387,0.002422217
3388,0.0014248737
3389,0.10340035
3390,0.036105704
3391,0.016796868
3392,0.080182284
3393,0.1213653
3394,0.06041035
3395,0.019018171
3396,0.010548801
3397,0.27768907
3398,0.013168382
3399,0.032799322
3400,0.15908313
3401,0.092846565
3402,0.05957473
3403,0.02882885
3404,0.04082405
3405,0.081097245
3406,0.28780973
3407,0.025273303
3408,0.018878195
3409,0.024494369
3410,0.041884575
3411,0.070662506
3412,0.16060147
3413,0.07284754
3414,0.17474107
3415,0.097451
3416,0.03344867
3417,0.015630875
3418,0.05214426
3419,0.0511518
3420,0.029640786
3421,0.16303675
3422,0.014102444
3423,0.090045564
3424,0.020326797
3425,0.12133493
3426,0.06758595
3427,0.018964808
3428,0.019918948
3429,0.2916302
3430,0.5747489
3431,0.23854202
3432,0.054419193
3433,0.06649176
3434,0.03660106
3435,0.036858693
3436,0.075429566
3437,0.07394131
3438,0.06971238
3439,0.7374296
3440,0.08203014
3441,0.08814853
3442,0.08589945
3443,0.042321462
3444,0.13920955
3445,0.43199086
3446,0.073822506
3447,0.11584788
3448,0.024380429
3449,0.0282909
3450,0.103223465
3451,0.03124292
3452,0.02799245
3453,0.0039678123
3454,0.06256363
3455,0.045127988
3456,0.046010677
3457,0.0074285204
3458,0.012310019
3459,0.107412
3460,0.04037
3461,0.048584763
3462,0.03643373
3463,0.090835884
3464,0.110344306
3465,0.028393572
3466,0.060893085
3467,0.42609912
3468,0.06588132
3469,0.07920874
3470,0.0386292
3471,0.034524243
3472,0.056361314
3473,0.056368213
3474,0.017252095
3475,0.28142324
3476,0.03206603
3477,-0.0011861408
3478,-0.00022029564
3479,0.012889666
3480,0.05304695
3481,0.093407765
3482,0.028229896
3483,0.11638838
3484,0.04679513
3485,0.051459305
3486,0.270944
3487,0.0287774
3488,0.021220697
3489,0.055416267
3490,0.010447786
3491,0.04136447
3492,0.12790135
3493,0.07287095
3494,-0.001717159
3495,0.010969387
3496,0.0124212215
3497,0.0039106766
3498,0.06877188
3499,0.12248197
3500,0.09085544
3501,0.08105244
3502,0.07508314
3503,0.032488715
3504,0.059246376
3505,0.021152763
3506,0.06562226
3507,0.1828235
3508,0.10390795
3509,0.008071022
3510,0.035689704
3511,0.019286303
3512,0.019664671
3513,0.014100306
3514,0.024300914
3515,0.0017990674
3516,0.0036022807
3517,0.009607605
3518,0.010021371
3519,0.027836362
3520,0.059361175
3521,0.055923704
3522,0.11107921
3523,0.124523826
3524,0.15953049
3525,0.012856351
3526,0.02791441
3527,0.014375366
3528,0.019863972
3529,0.021538397
3530,0.009227039
3531,0.00898268
3532,0.025117187
3533,0.0068531497
3534,0.007421952
3535,0.06651415
3536,0.03070916
3537,0.047273897
3538,0.050178986
3539,0.017556159
3540,0.012606583
3541,0.08700838
3542,0.030296253
3543,0.04997105
3544,0.0069592604
3545,0.023896726
3546,0.007729612
3547,0.014616258
3548,0.077674426
3549,0.015620859
3550,0.008684376
3551,0.014686483
3552,0.1387799
3553,0.05791915
3554,0.05811518
3555,0.05767195
3556,0.011750051
3557,0.08851691
3558,0.022928258
3559,0.011885246
3560,0.004938832
3561,0.07682862
3562,0.009873138
3563,0.050785054
3564,0.012795493
3565,0.091950126
3566,0.020898825
3567,0.029431019
3568,0.025867982
3569,0.026165983
3570,0.0096683875
3571,0.01383873
3572,0.011580477
3573,0.0077041895
3574,0.012404887
3575,0.03420014
3576,0.005070256
3577,0.052436624
3578,0.059590504
3579,0.13850896
3580,0.019991146
3581,0.025846753
3582,0.01284413
3583,0.018043213
3584,0.05345955
3585,0.02181772
3586,0.007974149
3587,0.018692436
3588,0.011089962
3589,0.023623448
3590,0.050739437
3591,0.08417533
3592,0.020970594
3593,0.07439726
3594,0.0070897033
3595,0.04644505
3596,0.03735386
3597,0.04099154
3598,0.060243633
3599,0.034015875
3600,0.047351714
3601,0.03501014
3602,0.080528155
3603,0.05556515
3604,0.010270571
3605,0.036820427
3606,0.074928686
3607,0.034374435
3608,0.065560274
3609,0.3798954
3610,0.3552608
3611,0.013482633
3612,0.029043054
3613,0.34608072
3614,0.04978699
3615,0.26005167
3616,0.066630095
3617,0.2488462
3618,0.044023793
3619,0.0179407
3620,0.05395
3621,0.011232359
3622,0.008277311
3623,0.2319294
3624,0.033619102
3625,0.56215537
3626,0.11499215
3627,0.10960477
3628,0.03629263
3629,0.021212023
3630,0.0330314
3631,0.02791287
3632,0.0112354895
3633,0.009237665
3634,0.077369705
3635,0.11414185
3636,0.46933293
3637,0.4472345
3638,0.04228441
3639,0.043686252
3640,0.086473055
3641,0.2487021
3642,0.004701009
3643,0.039671984
3644,0.032644495
3645,0.042936035
3646,0.053136464
3647,0.38852564
3648,0.08764527
3649,0.38153934
3650,0.46377602
3651,0.07469079
3652,0.437119
3653,0.0026073316
3654,0.042389587
3655,0.27989393
3656,0.03701973
3657,0.033981673
3658,0.03253114
3659,0.03890618
3660,0.023577524
3661,0.056363355
3662,0.07646138
3663,0.055565745
3664,0.029718561
3665,0.04151683
3666,0.27845186
3667,0.033275876
3668,0.023323253
3669,0.03988924
3670,0.038815748
3671,0.044475183
3672,0.028064251
3673,0.030570788
3674,0.042210933
3675,0.058311075
3676,0.02222288
3677,0.045771763
3678,0.13156636
3679,0.04177862
3680,0.23612246
3681,0.03390587
3682,0.0057168477
3683,0.012077385
3684,0.014043414
3685,0.43734875
3686,0.075539425
3687,0.056230277
3688,0.14527404
3689,0.45314208
3690,0.0017973414
3691,0.047137786
3692,0.041218024
3693,0.012497874
3694,0.01532216
3695,0.018869115
3696,0.016582524
3697,0.004163654
3698,0.0320925
3699,0.00043054082
3700,0.052190207
3701,0.05548381
3702,0.065802336
3703,0.23540121
3704,0.28965083
3705,0.023594946
3706,0.035546876
3707,0.027621148
3708,0.027387952
3709,0.03422162
3710,0.1508959
3711,0.021235727
3712,0.03539491
3713,0.051272284
3714,0.11103225
3715,0.48980728
3716,0.040540256
3717,0.023150684
3718,0.033175368
3719,0.045626257
3720,0.02581103
3721,0.09253194
3722,0.15818134
3723,0.07902475
3724,0.0763244
3725,0.044129707
3726,0.0244767
3727,0.02441373
3728,0.023801705
3729,0.033515718
3730,0.066601224
3731,0.062270835
3732,0.22437239
3733,0.022072846
3734,0.045501333
3735,0.036373567
3736,0.023383027
3737,0.023350315
3738,0.02251493
3739,0.039622735
3740,0.01926779
3741,0.06717791
3742,0.17307474
3743,0.27925208
3744,0.04961201
3745,0.039745916
3746,0.03458902
3747,0.09151004
3748,0.06818072
3749,0.01635343
3750,0.053453863
3751,0.016250031
3752,0.025911208
3753,0.13665697
3754,0.02291167
3755,0.020014672
3756,0.027923243
3757,0.06499894
3758,0.080013216
3759,0.15511172
3760,0.1319652
3761,0.14986677
3762,0.078473866
3763,0.048261274
3764,0.026541427
3765,0.054805253
3766,0.04669577
3767,0.105775736
3768,0.04906978
3769,0.5412634
3770,0.12255205
3771,0.025243659
3772,0.015569693
3773,0.116965495
3774,0.053761434
3775,0.052927263
3776,0.022828732
3777,0.015742088
3778,0.051318627
3779,0.0036467803
3780,0.015787939
3781,0.017059121
3782,0.07355902
3783,0.044140648
3784,0.08619353
3785,0.077591844
3786,0.13003138
3787,0.24997275
3788,0.39950576
3789,0.08317949
3790,0.03306403
3791,0.09900264
3792,0.017236613
3793,0.04215487
3794,0.08281871
3795,0.05923369
3796,0.12795785
3797,0.0506273
3798,0.104325935
3799,0.04222256
3800,0.061560575
3801,0.016817017
3802,0.021437224
3803,0.11516047
3804,0.007143014
3805,0.03173633
3806,0.06324292
3807,0.008712932
3808,0.018533664
3809,0.035206974
3810,0.056809455
3811,0.08610211
3812,0.14402604
3813,0.12095911
3814,0.26120195
3815,0.14267413
3816,0.13614224
3817,0.021023301
3818,0.10474936
3819,0.05605505
3820,0.046475776
3821,0.088741794
3822,0.036499545
3823,0.027306346
3824,0.051509753
3825,0.044261318
3826,0.012714881
3827,0.057650324
3828,0.08744801
3829,0.03297471
3830,0.057992876
3831,0.023797985
3832,0.028214533
3833,0.063620634
3834,0.010784484
3835,0.03514185
3836,0.067901276
3837,0.0683832
3838,0.15767631
3839,0.45358422
3840,0.12683088
3841,0.13783418
3842,0.082281716
3843,0.0976916
3844,0.09028084
3845,0.08445952
3846,0.061524406
3847,0.008047581
3848,0.0109689105
3849,0.02676965
3850,0.27230045
3851,0.07334783
3852,0.08547056
3853,0.06811928
3854,0.08503128
3855,0.01859733
3856,0.025945282
3857,0.006875101
3858,0.019003084
3859,0.04102689
3860,0.14741892
3861,0.077775285
3862,0.054658704
3863,0.14326127
3864,0.55697566
3865,0.11832526
3866,0.026697893
3867,0.2519579
3868,0.07899124
3869,0.20393841
3870,0.18570334
3871,0.07393346
3872,0.020940289
3873,0.055174053
3874,0.059810903
3875,0.10434073
3876,0.16365841
3877,0.050417565
3878,0.25965557
3879,0.091207884
3880,0.07460676
3881,0.012349822
3882,0.0039547426
3883,0.021598997
3884,0.059762836
3885,0.08158366
3886,0.015592489
3887,0.14999975
3888,0.16401161
3889,0.15277992
3890,0.11206092
3891,0.04701051
3892,0.1372321
3893,0.18774077
3894,0.25722975
3895,0.062739715
3896,0.05544994
3897,0.07500653
3898,0.4414109
3899,0.04461455
3900,0.104604006
3901,0.29318452
3902,0.2585068
3903,0.014825844
3904,0.017778318
3905,0.006826597
3906,0.04462549
3907,0.06949432
3908,0.15418246
3909,0.25541726
3910,0.11740721
3911,0.11701274
3912,0.2665559
3913,0.17115264
3914,0.17083909
3915,0.20940703
3916,0.3636927
3917,0.08626641
3918,0.024648646
3919,0.05824772
3920,0.09955873
3921,0.06801318
3922,0.2801006
3923,0.81721956
3924,0.010262791
3925,0.054920293
3926,0.3734101
3927,0.020937964
3928,0.05358283
3929,0.27191597
3930,0.013502177
3931,0.054135017
3932,0.09575295
3933,0.022260102
3934,0.05665437
3935,0.020132016
3936,0.27875715
3937,0.0661716
3938,0.11812045
3939,0.19835171
3940,0.16085798
3941,0.2670833
3942,0.38489982
3943,0.18018712
3944,0.030188957
3945,0.25745302
3946,0.10945323
3947,0.13339356
3948,0.7773981
3949,0.40487957
3950,0.29305634
3951,0.010851461
3952,0.030762522
3953,0.13785253
3954,0.066325456
3955,0.028711751
3956,0.009920239
3957,0.014216219
3958,0.010465959
3959,0.07172843
3960,0.027448675
3961,0.050973
3962,0.08632228
3963,0.13705207
3964,0.1252976
3965,0.14091234
3966,0.1200484
3967,0.24576381
3968,0.25154066
3969,0.029221885
3970,0.10932843
3971,0.25775656
3972,0.0228933
3973,0.06819735
3974,0.76852214
3975,0.8918449
3976,0.5277028
3977,0.030731723
3978,0.07568644
3979,0.28858915
3980,0.08118921
3981,0.056109168
3982,0.010665064
3983,0.0643803
3984,0.086796574
3985,0.06331719
3986,0.01460006
3987,0.2761143
3988,0.03292341
3989,0.046485256
3990,0.14734182
3991,0.1462169
3992,0.074761115
3993,0.069448374
3994,0.12976678
3995,0.23327279
3996,0.029323028
3997,0.12880448
3998,0.10326421
3999,0.10731383
4000,0.7904326
4001,0.8614507
4002,0.5189647
4003,0.019895
4004,0.22350171
4005,0.031667516
4006,0.1562576
4007,0.09338344
4008,0.2590699
4009,0.044322968
4010,0.07611631
4011,0.023065072
4012,0.07736326
4013,0.12574035
4014,0.24721342
4015,0.13838136
4016,0.46932834
4017,0.2855644
4018,0.1715199
4019,0.17585866
4020,0.12430258
4021,0.087700516
4022,0.14715256
4023,0.05021686
4024,0.036546584
4025,0.02510819
4026,0.12941204
4027,0.24102253
4028,0.06974714
4029,0.104462765
4030,0.02669451
4031,0.805213
4032,1.0413024
4033,0.9192188
4034,0.11108141
4035,0.053127002
4036,0.13785735
4037,0.016317679
4038,0.1653505
4039,0.03138325
4040,0.02474053
4041,0.022795103
4042,0.053249933
4043,0.120876595
4044,0.06799849
4045,0.40950918
4046,0.5962479
4047,0.10887264
4048,0.14962667
4049,0.13631365
4050,0.27104247
4051,0.10577124
4052,0.24976638
4053,0.10534444
4054,0.042321812
4055,0.10021421
4056,0.11071185
4057,0.108196154
4058,0.056812417
4059,0.40793547
4060,0.4023158
4061,0.16780382
4062,0.08815098
4063,0.03391941
4064,0.1352352
4065,0.0856808
4066,0.19439347
4067,0.034577012
4068,0.050774183
4069,0.055324864
4070,0.02653569
4071,0.059565056
4072,0.062269993
4073,0.27440736
4074,0.7468701
4075,0.2828028
4076,0.28137878
4077,0.15954924
4078,0.20268443
4079,0.2648553
4080,0.49867216
4081,0.0738865
4082,0.03117225
4083,0.04005121
4084,0.03547105
4085,0.14251658
4086,0.15943484
4087,0.108641945
4088,0.29207584
4089,0.27680117
4090,0.17547481
4091,1.0489798
4092,0.13693064
4093,0.026925994
4094,0.14152882
4095,0.1759272
4096,0.028416544
4097,0.065266
4098,0.11698618
4099,0.077514194
4100,0.053438112
4101,0.05213668
4102,0.06364233
4103,0.1842602
4104,0.42977718
4105,0.28292322
4106,0.5226539
4107,0.44237775
4108,0.18612619
4109,0.17475475
4110,0.37261817
4111,0.017080145
4112,0.029182293
4113,0.16804905
4114,0.07937463
4115,0.05474854
4116,0.28233525
4117,0.26980114
4118,0.068064466
4119,0.5013263
4120,0.27998322
4121,0.090962596
4122,0.124301076
4123,0.08877109
4124,0.058250878
4125,0.014906336
4126,0.0106779635
4127,0.015702125
4128,0.03735561
4129,0.0753906
4130,0.119182974
4131,0.13433582
4132,0.17623928
4133,0.43142363
4134,0.87627345
4135,0.4300348
4136,0.2822655
4137,0.6099503
4138,0.09660505
4139,0.07377757
4140,0.07432034
4141,0.1446661
4142,0.19060327
4143,0.075774655
4144,0.035195213
4145,0.07218223
4146,0.14717339
4147,0.024934271
4148,0.054637045
4149,0.1152032
4150,0.027296025
4151,0.045548107
4152,0.026117729
4153,0.0108323665
4154,0.041804086
4155,0.09544201
4156,0.07819885
4157,0.1226802
4158,0.20205869
4159,0.20145884
4160,0.4469261
4161,0.7999481
4162,0.6362368
4163,0.3967033
4164,0.111932054
4165,0.002258464
4166,0.046564072
4167,0.019935112
4168,0.059903216
4169,0.11752389
4170,0.015192546
4171,0.040132876
4172,0.5351231
4173,0.058486782
4174,0.021192469
4175,0.071721815
4176,0.056503717
4177,0.11238956
4178,0.04619233
4179,0.056029245
4180,0.015754238
4181,0.03778351
4182,0.11772177
4183,0.1518578
4184,0.517699
4185,0.40416884
4186,0.16375871
4187,0.9273948
4188,0.40269032
4189,0.46861973
4190,0.12639965
4191,0.038233086
4192,0.030716583
4193,0.042295538
4194,0.05362582
4195,0.05286658
4196,0.044683427
4197,0.07894826
4198,0.44099405
4199,0.10377696
4200,0.35053962
4201,0.03408061
4202,0.1151293
4203,0.13339348
4204,0.13579105
4205,0.1674641
4206,0.043989137
4207,0.037349902
4208,0.013115558
4209,0.057931818
4210,0.17494522
4211,0.5901176
4212,0.4042912
4213,0.4505063
4214,0.18687813
4215,0.36132583
4216,0.18969505
4217,0.08049142
4218,0.04205106
4219,0.014219015
4220,0.026883971
4221,0.020333475
4222,0.049499936
4223,0.13900308
4224,0.14798766
4225,0.0836075
4226,0.20628804
4227,0.03260965
4228,0.08058161
4229,0.26189852
4230,0.046823822
4231,0.01676077
4232,0.015157657
4233,0.1602461
4234,0.1759656
4235,0.049446944
4236,0.15359291
4237,0.27540296
4238,0.09755481
4239,0.09035883
4240,0.023017174
4241,0.089439854
4242,0.08526896
4243,0.046400312
4244,0.13046244
4245,0.122976534
4246,0.052876174
4247,0.036916044
4248,0.016615944
4249,0.1299126
4250,0.016455254
4251,0.09504311
4252,0.039619196
4253,0.04193225
4254,0.15499687
4255,0.053618427
4256,0.068229325
4257,0.018099846
4258,0.06312932
4259,0.19747551
4260,0.3564597
4261,0.41454774
4262,0.062194094
4263,0.001719697
4264,0.0150078
4265,0.018117163
4266,0.02650014
4267,0.061225362
4268,0.018542873
4269,0.07357492
4270,0.14350937
4271,0.018634412
4272,0.03946856
4273,0.01965773
4274,0.03604365
4275,0.023806853
4276,0.097910166
4277,0.12876378
4278,0.28856745
4279,0.026241248
4280,0.03019191
4281,0.05133167
4282,0.09640326
4283,0.11646767
4284,0.25140673
4285,0.067527786
4286,0.0017254096
4287,0.1116575
4288,0.03839746
4289,0.019029772
4290,0.08145971
4291,0.12648553
4292,0.056296505
4293,0.01623787
4294,0.019129448
4295,0.013498788
4296,0.2752964
4297,0.03357124
4298,0.15992145
4299,0.09280693
4300,0.05988973
4301,0.029386353
4302,0.04219322
4303,0.083868675
4304,0.28459576
4305,0.02511504
4306,0.018344076
4307,0.026444359
4308,0.04362404
4309,0.06953836
4310,0.2577454
4311,0.07344998
4312,0.26632577
4313,0.10356711
4314,0.033760548
4315,0.053758122
4316,0.047944333
4317,0.031939022
4318,0.2640658
4319,0.014885223
4320,0.09865847
4321,0.021508073
4322,0.12421921
4323,0.070120595
4324,0.021526927
4325,0.29388395
4326,0.3448767
4327,0.12364912
4328,0.052507732
4329,0.066189066
4330,0.03740511
4331,0.035843544
4332,0.0762422
4333,0.07845239
4334,0.074171014
4335,0.725162
4336,0.08161778
4337,0.09010341
4338,0.084436245
4339,0.042734403
4340,0.1414344
4341,0.4486123
4342,0.07811741
4343,0.122183636
4344,0.02464652
4345,0.04089207
4346,0.010531986
4347,0.0277461
4348,0.10480324
4349,0.03120642
4350,0.030234633
4351,0.06351937
4352,0.047830965
4353,0.011808482
4354,0.047852512
4355,0.014024224
4356,0.107167415
4357,0.040919494
4358,0.03867379
4359,0.09310302
4360,0.112827756
4361,0.02691612
4362,0.059298348
4363,0.43737787
4364,0.06589443
4365,0.08211704
4366,0.041644976
4367,0.035393804
4368,0.058123495
4369,0.05714305
4370,0.019944552
4371,0.38696784
4372,0.033384904
4373,-0.0009374919
4374,0.014123465
4375,0.05397103
4376,0.095919974
4377,0.026398988
4378,0.11676897
4379,0.049288146
4380,0.030089343
4381,0.008827646
4382,0.05124001
4383,0.39907297
4384,0.032545168
4385,0.022726603
4386,0.0070493068
4387,0.016966833
4388,0.055080872
4389,0.011319162
4390,0.043372422
4391,0.13391966
4392,0.07966581
4393,0.009172371
4394,0.010840775
4395,0.01347139
4396,0.06924424
4397,0.11965354
4398,0.09112812
4399,0.083160914
4400,0.07567947
4401,0.033555694
4402,0.061948538
4403,0.022416906
4404,0.06806992
4405,0.17638238
4406,0.11492056
4407,0.008584752
4408,0.015280863
4409,0.037314504
4410,0.017397776
4411,0.021606263
4412,0.025684597
4413,0.0014377863
4414,0.004377646
4415,0.010327045
4416,0.011627162
4417,0.028726045
4418,0.061741002
4419,0.057566404
4420,0.114155576
4421,0.12576635
4422,0.16826302
4423,0.013971156
4424,0.03053933
4425,0.013766624
4426,0.020875605
4427,0.023771824
4428,0.008911068
4429,0.007180711
4430,0.012147949
4431,0.013220717
4432,0.06897723
4433,0.048546366
4434,0.051279947
4435,0.017041145
4436,0.0148447035
4437,0.007958036
4438,0.08624369
4439,0.030540992
4440,0.052223846
4441,0.008538445
4442,0.0055806716
4443,0.024985075
4444,0.015991582
4445,0.07773215
4446,0.01552434
4447,0.014633501
4448,0.13129196
4449,0.061834596
4450,0.06178097
4451,0.05411921
4452,0.09259113
4453,0.02607952
4454,0.013325493
4455,0.006813311
4456,0.078162365
4457,0.008992281
4458,0.050903704
4459,0.0019170743
4460,0.095668085
4461,0.020953225
4462,0.029729635
4463,0.028651297
4464,0.010192497
4465,0.013596472
4466,0.035066463
4467,0.005487277
4468,0.00708007
4469,0.052561883
4470,0.05967658
4471,0.036691662
4472,0.15354688
4473,0.020425975
4474,0.025500877
4475,0.0031297992
4476,0.019254424
4477,0.05186987
4478,0.023772791
4479,0.007366096
4480,0.019140529
4481,0.022501407
4482,0.0055386038
4483,0.0066895722
4484,0.01564371
4485,0.028390203
4486,0.053889822
4487,0.09157899
4488,0.021781622
4489,0.08090452
4490,0.022825317
4491,0.020717224
4492,0.04298437
4493,0.01722148
4494,0.041925475
4495,0.042044822
4496,0.062193222
4497,0.01944137
4498,0.03455187
4499,0.03755935
4500,0.037397284
4501,0.07306699
4502,0.04922847
4503,0.032327585
4504,0.031235017
4505,0.055433646
4506,0.039573703
4507,0.25580177
4508,0.36250326
4509,0.022593524
4510,0.03480406
4511,0.24622506
4512,0.04837521
4513,0.18111032
4514,0.05178269
4515,0.20971303
4516,0.041825633
4517,0.056513567
4518,0.009301694
4519,0.029374603
4520,0.24037324
4521,0.03489909
4522,0.5646088
4523,0.120718025
4524,0.108794704
4525,0.03638268
4526,0.022400098
4527,0.028210035
4528,0.027696075
4529,0.014551001
4530,0.009283193
4531,0.20392701
4532,0.11557522
4533,0.46109822
4534,0.4401213
4535,0.037063852
4536,0.03864036
4537,0.08764124
4538,0.13531141
4539,0.0406529
4540,0.030821279
4541,0.042686213
4542,0.051190283
4543,0.39481094
4544,0.22488964
4545,0.11592903
4546,0.4342955
4547,0.1980592
4548,0.4561063
4549,0.039164986
4550,0.28254715
4551,0.03642986
4552,0.041850932
4553,0.028956847
4554,0.042037323
4555,0.018594574
4556,0.19161732
4557,0.074076466
4558,0.058505807
4559,0.023609376
4560,0.039331418
4561,0.15531582
4562,0.027106624
4563,0.042050935
4564,0.037930585
4565,0.05176336
4566,0.027975114
4567,0.03396915
4568,0.03922111
4569,0.05517793
4570,0.021136474
4571,0.042507086
4572,0.23556855
4573,0.038547628
4574,0.24746534
4575,0.03827233
4576,0.021319732
4577,0.002816832
4578,0.012118432
4579,0.41096967
4580,0.078690834
4581,0.007209384
4582,0.049811877
4583,0.1506222
4584,0.46028543
4585,0.0031840433
4586,0.053811036
4587,0.03921654
4588,0.013154527
4589,0.016245445
4590,0.03202405
4591,0.00070063345
4592,0.055256654
4593,0.056940638
4594,0.073442034
4595,0.23608023
4596,0.4161329
4597,0.018557003
4598,0.022747323
4599,0.039196637
4600,0.01010805
4601,0.007865751
4602,0.024924144
4603,0.03303427
4604,0.1620449
4605,0.021112073
4606,0.038870778
4607,0.05357645
4608,0.021467699
4609,0.11314357
4610,0.48547792
4611,0.04273652
4612,0.018796777
4613,0.024121149
4614,0.039222773
4615,0.045367833
4616,0.01884449
4617,0.027394272
4618,0.012175515
4619,0.09128784
4620,0.26237947
4621,0.08247779
4622,0.07530122
4623,0.04522907
4624,0.025625905
4625,0.02457663
4626,0.023216054
4627,0.031269625
4628,0.076765664
4629,0.061256286
4630,0.23478812
4631,0.022838095
4632,0.04575801
4633,0.034833953
4634,0.024735838
4635,0.022575773
4636,0.022029005
4637,0.039500143
4638,0.021765143
4639,0.06826984
4640,0.17254905
4641,0.26883376
4642,0.048409246
4643,0.040223107
4644,0.038573515
4645,0.10402779
4646,0.065741524
4647,0.014607076
4648,0.05269166
4649,0.017372869
4650,0.029169912
4651,0.0076268693
4652,0.13462193
4653,0.02238789
4654,0.02167926
4655,0.028899606
4656,0.06497973
4657,0.08031864
4658,0.2587415
4659,0.13213705
4660,0.25872228
4661,0.07881362
4662,0.04944123
4663,0.026310323
4664,0.052174143
4665,0.04575884
4666,0.10587457
4667,0.047788616
4668,0.56962657
4669,0.24932516
4670,0.025257498
4671,0.11981895
4672,0.055867113
4673,0.053248305
4674,0.021324003
4675,0.017087674
4676,0.00739763
4677,0.05254343
4678,0.0030410008
4679,0.013678104
4680,0.016783029
4681,0.07811356
4682,0.044509187
4683,0.08902815
4684,0.07618325
4685,0.1274813
4686,0.2522466
4687,0.4074481
4688,0.08175984
4689,0.0334803
4690,0.099833004
4691,0.016934441
4692,0.040511087
4693,0.081834584
4694,0.060408138
4695,0.12894227
4696,0.046277247
4697,0.10690045
4698,0.041628283
4699,0.06142522
4700,0.01874131
4701,0.022317257
4702,0.11731023
4703,0.008309775
4704,0.031075027
4705,0.05972841
4706,0.03033425
4707,0.008595256
4708,0.020029461
4709,0.034060575
4710,0.058035865
4711,0.083050445
4712,0.14624567
4713,0.11803747
4714,0.25923675
4715,0.13834186
4716,0.13617685
4717,0.020610249
4718,0.10660408
4719,0.011954736
4720,0.055768486
4721,0.04712079
4722,0.09096575
4723,0.037386496
4724,0.02764653
4725,0.051106554
4726,0.041471068
4727,0.01275626
4728,0.054804113
4729,0.08349397
4730,0.032515313
4731,0.05773692
4732,0.005501512
4733,0.021010673
4734,0.028162898
4735,0.064165786
4736,0.010445121
4737,0.03572427
4738,0.06766698
4739,0.06658542
4740,0.15937041
4741,0.45719293
4742,0.12576437
4743,0.13327512
4744,0.084438406
4745,0.097958
4746,0.09225508
4747,0.0860139
4748,0.061664827
4749,0.009922028
4750,0.027873015
4751,0.27246338
4752,0.0732823
4753,0.08523552
4754,0.067857474
4755,0.085737005
4756,0.01900073
4757,0.026764153
4758,0.008823618
4759,0.022621376
4760,0.019784776
4761,0.041220844
4762,0.1495588
4763,0.07748151
4764,0.05675714
4765,0.14352895
4766,0.54867727
4767,0.121790305
4768,0.25043198
4769,0.07102868
4770,0.26168954
4771,0.18565124
4772,0.07334957
4773,0.055124342
4774,0.05831374
4775,0.111296214
4776,0.2572456
4777,0.05062998
4778,0.17322706
4779,0.09696304
4780,0.07245129
4781,0.014981876
4782,0.019399924
4783,0.058952197
4784,0.0793846
4785,0.017140593
4786,0.1513489
4787,0.16117515
4788,0.15264736
4789,0.112044506
4790,0.04979717
4791,0.12950239
4792,0.18882455
4793,0.25753623
4794,0.0662545
4795,0.0548033
4796,0.027804404
4797,0.013570747
4798,0.07687037
4799,0.41587436
4800,0.046767753
4801,0.104767546
4802,0.3645253
4803,0.25484538
4804,0.014539289
4805,0.018850006
4806,0.046130016
4807,0.06933443
4808,0.15414535
4809,0.24913286
4810,0.11687585
4811,0.11908394
4812,0.26168367
4813,0.17077343
4814,0.1701732
4815,0.21292081
4816,0.2705931
4817,0.085628435
4818,0.056751493
4819,0.102951646
4820,0.067875214
4821,0.27622816
4822,0.813347
4823,0.009134433
4824,0.057186686
4825,0.39684775
4826,0.018293416
4827,0.05410258
4828,0.271949
4829,0.015773734
4830,0.012733423
4831,0.055656925
4832,0.09445934
4833,0.021640686
4834,0.055240408
4835,0.28562912
4836,0.065043226
4837,0.11725327
4838,0.19697334
4839,0.1642154
4840,0.20450014
4841,0.35756826
4842,0.26578405
4843,0.1657245
4844,0.25045568
4845,0.13072234
4846,0.73603183
4847,0.40220448
4848,0.29321226
4849,0.0083412975
4850,0.030352851
4851,0.13768291
4852,0.06988237
4853,0.0071544545
4854,0.007816845
4855,0.010624145
4856,0.07088365
4857,0.027082127
4858,0.05236123
4859,0.08577853
4860,0.13524717
4861,0.124243215
4862,0.13693257
4863,0.11921939
4864,0.24985418
4865,0.110345215
4866,0.028716786
4867,0.10920499
4868,0.17053068
4869,0.022617659
4870,0.06958565
4871,0.80276954
4872,0.88817453
4873,0.5009777
4874,0.0075982222
4875,0.031662688
4876,0.07258639
4877,0.2878228
4878,0.076925516
4879,0.050985433
4880,0.009969564
4881,0.06410555
4882,0.08593005
4883,0.061260317
4884,0.016881084
4885,0.27729034
4886,0.034004934
4887,0.046244033
4888,0.14675264
4889,0.14743493
4890,0.07259634
4891,0.0696325
4892,0.13367367
4893,0.2307102
4894,0.028225183
4895,0.12779097
4896,0.10539333
4897,0.10674422
4898,0.7789884
4899,0.9094948
4900,0.5163558
4901,0.019120336
4902,0.07773966
4903,0.032093577
4904,0.012326687
4905,0.15569697
4906,0.09025475
4907,0.25501236
4908,0.044573985
4909,0.06901217
4910,0.02235394
4911,0.07805257
4912,0.12520999
4913,0.15715227
4914,0.14808688
4915,0.4577013
4916,0.2823702
4917,0.17336628
4918,0.17719568
4919,0.124426395
4920,0.088535994
4921,0.14661863
4922,0.052547593
4923,0.035026636
4924,0.13002297
4925,0.13281342
4926,0.06802511
4927,0.104321316
4928,0.027835917
4929,0.76744926
4930,1.0660356
4931,0.94189554
4932,0.112067625
4933,0.054505933
4934,0.25236142
4935,0.17440444
4936,0.02963259
4937,0.024759196
4938,0.02397419
4939,0.052394617
4940,0.1188281
4941,0.06843733
4942,0.4060527
4943,0.6153338
4944,0.108077854
4945,0.14719597
4946,0.1369716
4947,0.19567822
4948,0.10662242
4949,0.25232443
4950,0.23357679
4951,0.041703932
4952,0.09660181
4953,0.109606706
4954,0.112100445
4955,0.05688391
4956,0.028365258
4957,0.4201219
4958,0.40930626
4959,0.26599315
4960,0.08481951
4961,0.0337571
4962,0.13033676
4963,0.017848011
4964,0.084502235
4965,0.19140576
4966,0.034451433
4967,0.050188884
4968,0.055580888
4969,0.020979622
4970,0.025757484
4971,0.05916465
4972,0.06182648
4973,0.4152672
4974,0.7451665
4975,0.28439754
4976,0.28498378
4977,0.15872562
4978,0.20519999
4979,0.18564889
4980,0.4892133
4981,0.073151276
4982,0.03049441
4983,0.041773792
4984,0.034505907
4985,0.13788703
4986,0.25773066
4987,0.10872217
4988,0.22233413
4989,0.2715387
4990,0.17058529
4991,1.0213487
4992,0.13219406
4993,0.02661356
4994,0.14221135
4995,0.17401224
4996,0.028610252
4997,0.064845
4998,0.11367577
4999,0.0772202
5000,0.050878607
5001,0.053688895
5002,0.0644663
5003,0.18062264
5004,0.44623944
5005,0.2810323
5006,0.5302017
5007,0.29528055
5008,0.18237226
5009,0.17538722
5010,0.26794133
5011,0.028866958
5012,0.16807657
5013,0.0794704
5014,0.05747404
5015,0.27773315
5016,0.26951447
5017,0.06906808
5018,0.5310712
5019,0.27654627
5020,0.09292462
5021,0.12976292
5022,0.08562448
5023,0.05952305
5024,0.0102449
5025,0.0164322
5026,0.039105047
5027,0.074109234
5028,0.12087535
5029,0.13624531
5030,0.17725608
5031,0.23466443
5032,0.8949027
5033,0.4369416
5034,0.2791307
5035,0.57446516
5036,0.09594048
5037,0.019571515
5038,0.076437026
5039,0.07821318
5040,0.26014397
5041,0.19530973
5042,0.076981224
5043,0.03424741
5044,0.07593323
5045,0.14624861
5046,0.023996761
5047,0.054177325
5048,0.11912766
5049,0.02738633
5050,0.048526168
5051,0.029015573
5052,0.012443861
5053,0.042737756
5054,0.09585739
5055,0.075090885
5056,0.12512358
5057,0.2681084
5058,0.20145866
5059,0.44361573
5060,0.8333394
5061,0.65218425
5062,0.40209913
5063,0.10992696
5064,0.0021839293
5065,0.046433553
5066,0.019136894
5067,0.05675605
5068,0.12081073
5069,0.014742539
5070,0.036725096
5071,0.5147946
5072,0.059231456
5073,0.02295467
5074,0.07306227
5075,0.055735156
5076,0.11149693
5077,0.045544956
5078,0.054404724
5079,0.021881709
5080,0.01571781
5081,0.02221041
5082,0.03618663
5083,0.1169989
5084,0.15288918
5085,0.5234404
5086,0.38606805
5087,0.16561066
5088,0.97422236
5089,0.39200178
5090,0.49608973
5091,0.125114
5092,0.030229973
5093,0.04090121
5094,0.05452409
5095,0.054853704
5096,0.0766511
5097,0.43678388
5098,0.23484552
5099,0.27904868
5100,0.03351029
5101,0.11327217
5102,0.13121633
5103,0.1301814
5104,0.16634785
5105,0.04331844
5106,0.035969667
5107,0.012456617
5108,0.05889662
5109,0.17924204
5110,0.5879507
5111,0.3973953
5112,0.4411332
5113,0.26333675
5114,0.26948997
5115,0.19310535
5116,0.083408706
5117,0.04086921
5118,0.014344529
5119,0.025980327
5120,0.0476054
5121,0.034749128
5122,0.13645487
5123,0.15675615
5124,0.08510797
5125,0.20597833
5126,0.033351135
5127,0.07942117
5128,0.36957735
5129,0.04698968
5130,0.015638497
5131,0.015574989
5132,0.15978628
5133,0.16846035
5134,0.050112862
5135,0.26954332
5136,0.19230694
5137,0.09833571
5138,0.089194946
5139,0.0218529
5140,0.09439021
5141,0.08611226
5142,0.04493712
5143,0.13021627
5144,0.12230032
5145,0.052304406
5146,0.03680056
5147,0.016215758
5148,0.25487697
5149,0.01754402
5150,0.01890175
5151,0.095339924
5152,0.04384588
5153,0.04221137
5154,0.15815996
5155,0.05552732
5156,0.06648642
5157,0.016964393
5158,0.06279162
5159,0.19832924
5160,0.21913353
5161,0.3989228
5162,0.0621392
5163,0.024469106
5164,0.06261476
5165,0.07126125
5166,0.14205442
5167,0.018003883
5168,0.038113736
5169,0.019387813
5170,0.03705166
5171,0.0215189
5172,0.011935584
5173,0.09577111
5174,0.1256402
5175,0.37718377
5176,0.028777933
5177,0.028851297
5178,0.051438704
5179,0.09681575
5180,0.115574814
5181,0.33920446
5182,0.06756992
5183,0.0014832977
5184,0.106823176
5185,0.039045822
5186,0.018318266
5187,0.08137049
5188,0.12319255
5189,0.0630931
5190,0.021339817
5191,0.19738302
5192,0.03610009
5193,0.01392522
5194,0.0323096
5195,0.15958849
5196,0.092661716
5197,0.06026586
5198,0.02955563
5199,0.042238716
5200,0.086414866
5201,0.2903208
5202,0.02538208
5203,0.019084947
5204,0.026022298
5205,0.042296737
5206,0.068924315
5207,0.25279263
5208,0.07365956
5209,0.17460419
5210,0.09708672
5211,0.031873133
5212,0.052008923
5213,0.05426535
5214,0.029976966
5215,0.17805177
5216,0.015681127
5217,0.016216448
5218,0.10029278
5219,0.02221051
5220,0.12323293
5221,0.06922246
5222,0.017805599
5223,0.021396777
5224,0.2888651
5225,0.55534136
5226,0.11943129
5227,0.053492796
5228,0.002386432
5229,0.068346776
5230,0.038617406
5231,0.03577158
5232,0.07563921
5233,0.076534756
5234,0.07360372
5235,0.6950971
5236,0.020554869
5237,0.08269421
5238,0.021970255
5239,0.08954832
5240,0.08592143
5241,0.020958442
5242,0.04365406
5243,0.13994251
5244,0.46674547
5245,0.07692257
5246,0.1264769
5247,0.015401693
5248,0.046089187
5249,0.027737506
5250,0.10324035
5251,0.032274496
5252,0.028660193
5253,0.06461923
5254,0.048846893
5255,0.017294109
5256,0.012950964
5257,0.047889102
5258,0.014123607
5259,0.11031015
5260,0.04218296
5261,0.01996966
5262,0.038846787
5263,0.094089545
5264,0.11153032
5265,0.026004007
5266,0.062476657
5267,0.43232596
5268,0.06437318
5269,0.086347446
5270,0.05765003
5271,0.056946006
5272,0.021361694
5273,0.38828418
5274,0.033690218
5275,0.011995758
5276,0.053539645
5277,0.09415709
5278,0.028464748
5279,0.11661601
5280,0.049235262
5281,0.028697215
5282,0.05328619
5283,0.3629951
5284,0.02302876
5285,0.0032155816
5286,0.018059555
5287,0.017335664
5288,0.054122347
5289,0.011419657
5290,0.042366907
5291,0.13582574
5292,0.07733027
5293,0.011626549
5294,0.0146864895
5295,0.06773632
5296,0.11940162
5297,0.09609165
5298,0.08336084
5299,0.0765879
5300,0.033042
5301,0.059638686
5302,0.02283622
5303,0.067987196
5304,0.26871234
5305,0.10611576
5306,0.007683455
5307,0.037274424
5308,0.017360514
5309,0.015309693
5310,0.020580215
5311,0.016141122
5312,0.02477284
5313,0.0016048026
5314,0.0042559113
5315,0.009060851
5316,0.011314014
5317,0.028879527
5318,0.06026402
5319,0.05594713
5320,0.11507414
5321,0.013347673
5322,0.014616731
5323,0.016951732
5324,0.12678291
5325,0.01418447
5326,0.16890202
5327,0.0091197705
5328,0.019446194
5329,0.028645499
5330,0.014770692
5331,0.012219872
5332,0.020397928
5333,0.02335915
5334,0.027314713
5335,0.0073545184
5336,0.014400774
5337,0.06967408
5338,0.030203767
5339,0.047275413
5340,0.05137712
5341,0.016342
5342,0.009160449
5343,0.087312
5344,0.028962096
5345,0.051159523
5346,0.024542095
5347,0.016241407
5348,0.07713223
5349,0.014090969
5350,0.0133171575
5351,0.13336547
5352,0.06243208
5353,0.05733841
5354,0.053465016
5355,0.0137909185
5356,0.09334446
5357,0.02602597
5358,0.013496966
5359,0.078045495
5360,0.009965268
5361,0.054055925
5362,0.096646674
5363,0.022114316
5364,0.027701788
5365,0.03689376
5366,0.030366592
5367,0.025095131
5368,0.013240318
5369,0.014592497
5370,0.013411954
5371,0.03493164
5372,0.0051589287
5373,0.006057165
5374,0.05482629
5375,0.058725297
5376,0.035746302
5377,0.01058377
5378,0.009390924
5379,0.14263487
5380,0.019893557
5381,0.013060535
5382,0.019581685
5383,0.052588344
5384,0.023322245
5385,0.007964183
5386,0.019261442
5387,0.0110000335
5388,0.0233
5389,0.006642024
5390,0.012634537
5391,0.028069971
5392,0.0537721
5393,0.09160931
5394,0.02264193
5395,0.0770411
5396,0.015699696
5397,0.021597724
5398,0.007509506
5399,0.028343564
5400,0.062776335
5401,0.027045222
5402,0.04214634
5403,0.07681905
5404,0.011838404
5405,0.037459165
5406,0.046668097
5407,0.03643653
5408,0.07279176
5409,0.047960773
5410,0.06890654
5411,0.026116267
5412,0.053118687
5413,0.3820369
5414,0.35441285
5415,0.018546892
5416,0.035335455
5417,0.25472358
5418,0.043988854
5419,0.26817498
5420,0.05972751
5421,0.11255171
5422,0.04370865
5423,0.048839793
5424,0.009825772
5425,0.027213424
5426,0.011469295
5427,0.0065160645
5428,0.23762186
5429,0.02966834
5430,0.54917544
5431,0.1237941
5432,0.03133503
5433,0.24451405
5434,0.044116333
5435,0.020833643
5436,0.016989999
5437,0.031507827
5438,0.029083963
5439,0.011855967
5440,0.21109164
5441,0.11625896
5442,0.46168104
5443,0.43360794
5444,0.04136547
5445,0.08155175
5446,0.13389018
5447,0.006829299
5448,0.0044316403
5449,0.039164525
5450,0.032063454
5451,0.038961984
5452,0.050162736
5453,0.39962342
5454,0.08653299
5455,0.23800683
5456,0.4704155
5457,0.19748245
5458,0.018027289
5459,0.41678047
5460,0.043047063
5461,0.27288082
5462,0.03566883
5463,0.037310824
5464,0.029700933
5465,0.04003527
5466,0.061116267
5467,0.076379955
5468,0.025463697
5469,0.041336104
5470,0.39098224
5471,0.033967536
5472,0.026165228
5473,0.041512307
5474,0.038125165
5475,0.048497476
5476,0.027582055
5477,0.032547798
5478,0.034267765
5479,0.060801804
5480,0.024954358
5481,0.045369044
5482,0.23804961
5483,0.03929578
5484,0.24178459
5485,0.042713836
5486,0.032193493
5487,0.021222515
5488,0.014671102
5489,0.009436031
5490,0.43086156
5491,0.05069203
5492,0.1469827
5493,0.2924982
5494,0.0014005699
5495,0.048915103
5496,0.038891263
5497,0.018240578
5498,0.014760059
5499,0.0046180002
5500,0.030962925
5501,0.00017842038
5502,0.052466754
5503,0.055404034
5504,0.07083953
5505,0.23833989
5506,0.29191083
5507,0.016317569
5508,0.023515763
5509,0.04063872
5510,0.007790703
5511,0.028212622
5512,0.024780745
5513,0.03237423
5514,0.26699597
5515,0.0226706
5516,0.037041478
5517,0.005548325
5518,0.043219823
5519,0.03413452
5520,0.23109107
5521,0.5003701
5522,0.04372542
5523,0.021514852
5524,0.021698486
5525,0.035597038
5526,0.046533264
5527,0.017528458
5528,0.024664499
5529,0.012491712
5530,0.091321826
5531,0.2584865
5532,0.07840586
5533,0.07515781
5534,0.044163626
5535,0.024876248
5536,0.024181312
5537,0.025170367
5538,0.031986143
5539,0.06937256
5540,0.06156196
5541,0.22457905
5542,0.023737656
5543,0.046616636
5544,0.035316903
5545,0.02297577
5546,0.02284366
5547,0.02357561
5548,0.04305127
5549,0.01946621
5550,0.016239459
5551,0.068960726
5552,0.1676416
5553,0.17359385
5554,0.04804002
5555,0.03892362
5556,0.04058481
5557,0.09234063
5558,0.06582945
5559,0.013437475
5560,0.055086292
5561,0.02546539
5562,0.005378067
5563,0.13217887
5564,0.022888368
5565,0.021703513
5566,0.028692491
5567,0.06580019
5568,0.0812739
5569,0.15343319
5570,0.13657223
5571,0.26490635
5572,0.076039694
5573,0.051120512
5574,0.027070856
5575,0.057566665
5576,0.04526734
5577,0.10778582
5578,0.047817446
5579,0.52708006
5580,0.11778032
5581,0.11728512
5582,0.053966086
5583,0.05204108
5584,0.02171568
5585,0.017520836
5586,0.007402048
5587,0.012681808
5588,0.051710546
5589,0.015208548
5590,0.0029808637
5591,0.015195028
5592,0.018171756
5593,0.07864526
5594,0.043582518
5595,0.087268464
5596,0.074348
5597,0.13232335
5598,0.24967076
5599,0.40903783
5600,0.0813027
5601,0.033163838
5602,0.09869436
5603,0.01785985
5604,0.039690495
5605,0.08166389
5606,0.05843051
5607,0.12546064
5608,0.04721934
5609,0.10433402
5610,0.042064004
5611,0.059827644
5612,0.03491116
5613,0.017334819
5614,0.11140794
5615,0.008945954
5616,0.029803662
5617,0.061930895
5618,0.028265446
5619,0.0064295796
5620,0.020827385
5621,0.03462313
5622,0.058504924
5623,0.086757064
5624,0.1461676
5625,0.122826226
5626,0.26166543
5627,0.14084947
5628,0.13584843
5629,0.021072062
5630,0.104591295
5631,0.012821379
5632,0.05576803
5633,0.04663769
5634,0.08822644
5635,0.035427522
5636,0.027120166
5637,0.05150148
5638,0.039925393
5639,0.05784436
5640,0.08919254
5641,0.055229682
5642,0.006986934
5643,0.021857647
5644,0.028729407
5645,0.06505163
5646,0.035044096
5647,0.061912052
5648,0.06701017
5649,0.1629854
5650,0.49515164
5651,0.12538192
5652,0.13671082
5653,0.084169626
5654,0.23265338
5655,0.092911705
5656,0.0835843
5657,0.06360725
5658,0.008579636
5659,0.02743388
5660,0.27631778
5661,0.07120183
5662,0.08720327
5663,0.06699487
5664,0.08456956
5665,0.01791491
5666,0.026618078
5667,0.007893127
5668,0.01837978
5669,0.01986303
5670,0.04055575
5671,0.14736019
5672,0.07706872
5673,0.053863898
5674,0.14019719
5675,0.54255223
5676,0.11756334
5677,0.025983995
5678,0.25288633
5679,0.077062145
5680,0.25875118
5681,0.1898365
5682,0.07094313
5683,0.023764214
5684,0.055208456
5685,0.10989127
5686,0.16757043
5687,0.051715676
5688,0.175459
5689,0.09595362
5690,0.076222904
5691,0.015290572
5692,0.019683627
5693,0.05791689
5694,0.07869448
5695,0.017416215
5696,0.15151471
5697,0.1663289
5698,0.15720356
5699,0.109569944
5700,0.047974754
5701,0.13658875
5702,0.18447326
5703,0.25556037
5704,0.06408699
5705,0.05718506
5706,0.028192397
5707,0.07807021
5708,0.53052044
5709,0.047906157
5710,0.09988599
5711,0.36824334
5712,0.2533101
5713,0.013395545
5714,0.009380042
5715,0.048640527
5716,0.06671302
5717,0.1554227
5718,0.25214162
5719,0.11834788
5720,0.121094465
5721,0.2656378
5722,0.17266424
5723,0.17057502
5724,0.20866802
5725,0.2691798
5726,0.08743016
5727,0.060186755
5728,0.09777318
5729,0.06687179
5730,0.28127936
5731,0.8179234
5732,0.008889217
5733,0.05600515
5734,0.36447453
5735,0.02147539
5736,0.053709626
5737,0.26643887
5738,0.013547614
5739,0.05604679
5740,0.09337809
5741,0.023451325
5742,0.057775036
5743,0.020287832
5744,0.2849662
5745,0.06662799
5746,0.117965735
5747,0.1982151
5748,0.16322654
5749,0.20630628
5750,0.38128817
5751,0.26870397
5752,0.0287669
5753,0.26019356
5754,0.3896978
5755,0.25193426
5756,0.7682609
5757,0.41347957
5758,0.41029084
5759,0.028875493
5760,0.13060223
5761,0.06966791
5762,0.023003334
5763,0.009377434
5764,0.008816793
5765,0.012547141
5766,0.010816329
5767,0.07100914
5768,0.012384186
5769,0.025691163
5770,0.050121836
5771,0.086466715
5772,0.13528804
5773,0.12646937
5774,0.13975157
5775,0.121156715
5776,0.2559882
5777,0.10827283
5778,0.028487315
5779,0.10919456
5780,0.2539908
5781,0.21721385
5782,0.7651559
5783,0.91174287
5784,0.55088586
5785,0.010366887
5786,0.029199088
5787,0.020789238
5788,0.07210053
5789,0.28328887
5790,0.07578061
5791,0.05582131
5792,0.010290639
5793,0.06411417
5794,0.08768723
5795,0.061066832
5796,0.017764691
5797,0.27293086
5798,0.035530515
5799,0.04605344
5800,0.14471057
5801,0.14651817
5802,0.07476274
5803,0.06893807
5804,0.13508448
5805,0.08930796
5806,0.028743073
5807,0.12949611
5808,0.10520677
5809,0.10848042
5810,0.8219103
5811,0.91698784
5812,0.49171957
5813,0.019933414
5814,0.22647756
5815,0.03078509
5816,0.1517268
5817,0.093493395
5818,0.26584843
5819,0.07574298
5820,0.02157108
5821,0.07615614
5822,0.120435975
5823,0.25246868
5824,0.14091653
5825,0.509096
5826,0.2795875
5827,0.17054744
5828,0.1758523
5829,0.12299186
5830,0.08831282
5831,0.15120168
5832,0.0511472
5833,0.03460868
5834,0.12652747
5835,0.12794371
5836,0.06716107
5837,0.10463752
5838,0.024328103
5839,0.8005991
5840,1.0680412
5841,0.89993834
5842,0.11182044
5843,0.05509762
5844,0.41391578
5845,0.1660408
5846,0.030795086
5847,0.023441043
5848,0.023335457
5849,0.04951836
5850,0.120846495
5851,0.06931204
5852,0.42522132
5853,0.62724984
5854,0.109723374
5855,0.14949875
5856,0.13485897
5857,0.19537939
5858,0.10605476
5859,0.24519119
5860,0.10462587
5861,0.04370281
5862,0.098575726
5863,0.11026103
5864,0.10878712
5865,0.059696466
5866,0.4122324
5867,0.400702
5868,0.26437926
5869,0.0852315
5870,0.032950804
5871,0.12876111
5872,0.08405306
5873,0.19334
5874,0.03570416
5875,0.053044196
5876,0.05487657
5877,0.019886186
5878,0.028203845
5879,0.059304915
5880,0.0605069
5881,0.27513245
5882,0.73519886
5883,0.4552901
5884,0.28194785
5885,0.16082169
5886,0.2033588
5887,0.25988042
5888,0.46605924
5889,0.21713999
5890,0.030191645
5891,0.043713458
5892,0.034530148
5893,0.1425578
5894,0.25830662
5895,0.10782795
5896,0.21537945
5897,0.2753318
5898,0.17017813
5899,1.0935942
5900,0.13548008
5901,0.024164677
5902,0.1428453
5903,0.17780733
5904,0.027984023
5905,0.0668613
5906,0.13012142
5907,0.07744819
5908,0.051655386
5909,0.053734317
5910,0.064138815
5911,0.18051966
5912,0.44244325
5913,0.28756443
5914,0.5374777
5915,0.43323684
5916,0.1843474
5917,0.17658432
5918,0.2669693
5919,0.1665176
5920,0.07588616
5921,0.05968898
5922,0.43454826
5923,0.40050286
5924,0.069444284
5925,0.5374776
5926,0.41300136
5927,0.09061806
5928,0.12528157
5929,0.09042636
5930,0.05738314
5931,0.010442508
5932,0.015965395
5933,0.037460506
5934,0.075212754
5935,0.11866711
5936,0.13577694
5937,0.17616288
5938,0.29415768
5939,0.90149236
5940,0.44026646
5941,0.40353522
5942,0.5679107
5943,0.09561143
5944,0.07338333
5945,0.07797576
5946,0.1426925
5947,0.26243398
5948,0.071881816
5949,0.035891138
5950,0.0136885075
5951,0.074667424
5952,0.1460921
5953,0.025955811
5954,0.054784685
5955,0.11653047
5956,0.027760427
5957,0.048673455
5958,0.02682586
5959,0.012027506
5960,0.043474387
5961,0.09541329
5962,0.0758176
5963,0.122958526
5964,0.2723241
5965,0.27944338
5966,0.42128512
5967,0.8229252
5968,0.64307487
5969,0.28436393
5970,0.11122676
5971,0.0023749433
5972,0.045390595
5973,0.021148402
5974,0.05820172
5975,0.12166886
5976,0.013656006
5977,0.04063278
5978,0.5331825
5979,0.20865217
5980,0.021484187
5981,0.073335245
5982,0.057996538
5983,0.110497504
5984,0.04706078
5985,0.05622374
5986,0.020471996
5987,0.045188885
5988,0.015026545
5989,0.020995107
5990,0.03714392
5991,0.118008085
5992,0.15294199
5993,0.48252475
5994,0.37727273
5995,0.16497277
5996,0.98034483
5997,0.40023848
5998,0.47739342
5999,0.22986467
6000,0.03873395
6001,0.02992995
6002,0.04201173
6003,0.053560138
6004,0.053470567
6005,0.04374512
6006,0.07536274
6007,0.4139899
6008,0.23617671
6009,0.2715294
6010,0.033907555
6011,0.11047117
6012,0.13199612
6013,0.1342499
6014,0.17112675
6015,0.042080265
6016,0.035533708
6017,0.057676226
6018,0.17662193
6019,0.53332067
6020,0.42601585
6021,0.4757468
6022,0.18988937
6023,0.27645478
6024,0.19025132
6025,0.079836674
6026,0.04836924
6027,0.033688203
6028,0.13854189
6029,0.15370916
6030,0.083169386
6031,0.27640015
6032,0.032445
6033,0.07840364
6034,0.25846395
6035,0.04668301
6036,0.015451926
6037,0.15967537
6038,0.17417137
6039,0.04996362
6040,0.020120913
6041,0.2649055
6042,0.19468504
6043,0.0977824
6044,0.08559716
6045,0.02547567
6046,0.09368402
6047,0.08722273
6048,0.04458539
6049,0.12943642
6050,0.12322356
6051,0.05219581
6052,0.03496286
6053,0.014806865
6054,0.39632806
6055,0.017325135
6056,0.021466937
6057,0.090950005
6058,0.04363383
6059,0.04217225
6060,0.15650815
6061,0.05601844
6062,0.0698194
6063,0.017409516
6064,0.06356216
6065,0.19455557
6066,0.3594988
6067,0.3785276
6068,0.05938973
6069,0.01514127
6070,0.024321362
6071,0.062052254
6072,0.020725682
6073,0.073751345
6074,0.14112066
6075,0.018921643
6076,0.037713844
6077,0.01855087
6078,0.03658251
6079,0.02508571
6080,0.09787599
6081,0.12819892
6082,0.3601744
6083,0.028766142
6084,0.030403504
6085,0.051652957
6086,0.09698079
6087,0.11614057
6088,0.32062063
6089,0.06705728
6090,0.10462153
6091,0.037753373
6092,0.017185802
6093,0.07980533
6094,0.12811626
6095,0.061198246
6096,0.021346938
6097,0.013041298
6098,0.27900603
6099,0.0350378
6100,0.012674208
6101,0.033209134
6102,0.1585159
6103,0.090748385
6104,0.06146158
6105,0.028977986
6106,0.04215293
6107,0.08490712
6108,0.3592724
6109,0.025077082
6110,-0.005461998
6111,0.018435182
6112,0.026631052
6113,0.043049242
6114,0.06963173
6115,0.2538406
6116,0.073051445
6117,0.26555836
6118,0.103027195
6119,0.034912918
6120,0.053344697
6121,0.053435538
6122,0.030414863
6123,0.24650677
6124,0.08989202
6125,0.021550234
6126,0.12527823
6127,0.071686655
6128,0.019056654
6129,0.021885658
6130,0.29231173
6131,0.5479808
6132,0.1250718
6133,0.049480684
6134,0.06777502
6135,0.038958125
6136,0.036540404
6137,0.073069565
6138,0.07815435
6139,0.07303612
6140,0.71273017
6141,0.08448525
6142,0.022500863
6143,0.0901874
6144,0.08509835
6145,0.01901979
6146,0.043645937
6147,0.14337908
6148,0.46672457
6149,0.07688647
6150,0.123720124
6151,0.041486904
6152,0.00974138
6153,0.026055437
6154,0.1041912
6155,0.031142933
6156,0.02925081
6157,0.06396573
6158,0.048930664
6159,0.01648678
6160,0.009482087
6161,0.047356382
6162,0.014651698
6163,0.110952854
6164,0.04140961
6165,0.04953221
6166,0.020161977
6167,0.038897533
6168,0.09364549
6169,0.11186141
6170,0.02509706
6171,0.06285455
6172,0.4211813
6173,0.06995232
6174,0.08004492
6175,0.057625752
6176,0.058502324
6177,0.022157934
6178,0.38007736
6179,0.033637706
6180,0.0050734603
6181,0.0019614375
6182,0.0012182093
6183,0.052104414
6184,0.09204715
6185,0.027189756
6186,0.018026857
6187,0.11744657
6188,0.047854636
6189,0.052947517
6190,0.4019521
6191,0.029641755
6192,0.020969328
6193,0.020176822
6194,0.017710367
6195,0.055080872
6196,0.009980446
6197,0.043231495
6198,0.13738441
6199,0.07845309
6200,0.011893884
6201,0.014168391
6202,0.07080358
6203,0.11583356
6204,0.0978976
6205,0.08375154
6206,0.07684279
6207,0.03225238
6208,0.060100872
6209,0.021733448
6210,0.06852656
6211,0.27203885
6212,0.11177047
6213,0.03677129
6214,0.018038565
6215,0.015023624
6216,0.02323761
6217,0.016565548
6218,0.02432903
6219,0.0026684927
6220,0.011863877
6221,0.003361022
6222,0.011619289
6223,0.030335514
6224,0.05974394
6225,0.05505752
6226,0.113448046
6227,0.011741973
6228,0.014355642
6229,0.12618619
6230,0.013995912
6231,0.16413437
6232,0.01278345
6233,0.028896559
6234,0.013685551
6235,0.01250198
6236,0.022312539
6237,0.025480585
6238,0.008856904
6239,0.025835097
6240,0.013750095
6241,0.06761753
6242,0.030459538
6243,0.04857065
6244,0.017513117
6245,0.051516913
6246,0.01601313
6247,0.0063626906
6248,0.014830814
6249,0.08722397
6250,0.03095563
6251,0.05157411
6252,0.010182678
6253,0.006584353
6254,0.0068669203
6255,0.023572216
6256,0.0047558863
6257,0.0061303196
6258,0.016045824
6259,0.07814135
6260,0.016748816
6261,0.014043127
6262,0.13346536
6263,0.059099767
6264,0.058097146
6265,0.05522149
6266,0.011209851
6267,0.091577865
6268,0.0256328
6269,0.014981968
6270,0.07596767
6271,0.009627366
6272,0.05015327
6273,0.093527086
6274,0.022590412
6275,0.01818496
6276,0.02846241
6277,0.035107523
6278,0.029642977
6279,0.02422365
6280,0.009763236
6281,0.008122389
6282,0.01491539
6283,0.012199166
6284,0.0086296415
6285,0.012552676
6286,0.033805694
6287,0.004170155
6288,0.05325863
6289,0.058251973
6290,0.14352493
6291,0.024921434
6292,0.027799703
6293,0.019030828
6294,0.054687284
6295,0.023283111
6296,0.006690421
6297,0.019363226
6298,0.0116819
6299,0.023583936
6300,0.0047771162
6301,0.0061669215
6302,0.031231295
6303,0.053922728
6304,0.08869699
6305,0.023074681
6306,0.076333486
6307,0.018772637
6308,0.03992003
6309,0.060285736
6310,0.043582126
6311,0.059688207
6312,0.013093412
6313,0.033645503
6314,0.04295151
6315,0.03376828
6316,0.05081138
6317,0.08209161
6318,0.0492526
6319,0.009422247
6320,0.093749925
6321,0.030883135
6322,0.061184175
6323,0.03943425
6324,0.38952807
6325,0.36052075
6326,0.040385608
6327,0.3685717
6328,0.046103433
6329,0.27377763
6330,0.22143033
6331,0.10890255
6332,0.046306964
6333,0.067639455
6334,0.01494324
6335,0.034839876
6336,0.013347666
6337,0.24490236
6338,0.027384331
6339,0.6414414
6340,0.13256902
6341,0.11963531
6342,0.041628994
6343,0.02546808
6344,0.026109394
6345,0.037777297
6346,0.014585535
6347,0.03598417
6348,0.090264276
6349,0.12597558
6350,0.47062397
6351,0.47083586
6352,0.042121362
6353,0.0489195
6354,0.105302386
6355,0.13601354
6356,0.010424202
6357,0.008841623
6358,0.021915114
6359,0.040148176
6360,0.035513747
6361,0.043016225
6362,0.066430174
6363,0.024407923
6364,0.40608215
6365,0.11027686
6366,0.25447685
6367,0.44923723
6368,0.09664276
6369,0.022806326
6370,0.45198497
6371,0.013985795
6372,0.04794377
6373,0.2946466
6374,0.0389583
6375,0.046641238
6376,0.034864653
6377,0.04068233
6378,0.030351823
6379,0.20101531
6380,0.08751064
6381,0.033079367
6382,0.059257258
6383,0.39765093
6384,0.03676718
6385,0.031707544
6386,0.041728918
6387,0.041024964
6388,0.056558013
6389,0.031572178
6390,0.04446877
6391,0.07758268
6392,0.021734955
6393,0.04357616
6394,0.13646229
6395,0.3676551
6396,0.04697283
6397,0.038176324
6398,0.008837641
6399,0.014998952
6400,0.00271357
6401,0.013674885
6402,0.45189103
6403,0.09479271
6404,0.06115757
6405,0.28814012
6406,0.43667886
6407,0.05775626
6408,0.043471053
6409,0.02440181
6410,0.016254447
6411,0.007916911
6412,0.033356473
6413,0.009241725
6414,0.06431108
6415,0.056706257
6416,0.076777026
6417,0.33494368
6418,0.4246708
6419,0.018471569
6420,0.38024342
6421,0.040723227
6422,0.010867009
6423,0.027167978
6424,0.035604853
6425,0.26965934
6426,0.022446156
6427,0.037000842
6428,0.009973174
6429,0.03845074
6430,0.028225161
6431,0.11871536
6432,0.49919125
6433,0.005013356
6434,0.03949169
6435,0.050937835
6436,0.040219333
6437,0.04983743
6438,0.028182356
6439,0.012983719
6440,0.096191905
6441,0.16126674
6442,0.08470125
6443,0.07798853
6444,0.047845438
6445,0.026622457
6446,0.02552714
6447,0.02774926
6448,0.03530339
6449,0.073803306
6450,0.064892486
6451,0.22842775
6452,0.026168678
6453,0.049816146
6454,0.037512172
6455,0.025535408
6456,0.023577217
6457,0.024952177
6458,0.045108743
6459,0.0073758224
6460,0.10404497
6461,0.023501791
6462,0.02393032
6463,0.0690821
6464,0.19054982
6465,0.18924811
6466,0.049341135
6467,0.04075575
6468,0.039590888
6469,0.10246655
6470,0.07184422
6471,0.016244123
6472,0.053830087
6473,0.01626503
6474,0.012578884
6475,0.02802406
6476,0.14245465
6477,0.024227655
6478,0.021400167
6479,0.033417583
6480,0.067185
6481,0.082694195
6482,0.2557903
6483,0.24099019
6484,0.1543125
6485,0.07917056
6486,0.053000048
6487,0.027617244
6488,0.057312466
6489,0.048535556
6490,0.007735318
6491,0.010217005
6492,0.11770285
6493,0.052215975
6494,0.566951
6495,0.12005008
6496,0.02535561
6497,0.013524872
6498,0.12301067
6499,0.05630812
6500,0.052932683
6501,0.021221384
6502,0.014909351
6503,0.005469976
6504,0.055421043
6505,0.0051199775
6506,0.016478004
6507,0.018616514
6508,0.08400716
6509,0.044747286
6510,0.08292872
6511,0.07638189
6512,0.13817333
6513,0.25369167
6514,0.41745403
6515,0.08548739
6516,0.03353868
6517,0.10549743
6518,0.020448249
6519,0.041786276
6520,0.0897209
6521,0.06373706
6522,0.12972498
6523,0.048433956
6524,0.11429133
6525,0.0414032
6526,0.059989996
6527,0.037710153
6528,0.017007714
6529,0.02121566
6530,0.11897275
6531,0.0107464595
6532,0.030315904
6533,0.05968131
6534,0.029670386
6535,0.008690335
6536,0.021131333
6537,0.036679488
6538,0.06249967
6539,0.087746665
6540,0.15354992
6541,0.12018218
6542,0.41050774
6543,0.14442715
6544,0.1461919
6545,0.022963146
6546,0.11331608
6547,0.015738862
6548,0.06056196
6549,0.049251933
6550,0.08818215
6551,0.037838995
6552,0.027862972
6553,0.05134533
6554,0.041095693
6555,0.05806669
6556,0.08806541
6557,0.0336099
6558,0.054878503
6559,0.007352462
6560,0.030991243
6561,0.06915684
6562,0.009840224
6563,0.03615059
6564,0.07577824
6565,0.06675334
6566,0.16313407
6567,0.5115451
6568,0.12869878
6569,0.1433007
6570,0.08447853
6571,0.096912056
6572,0.088746905
6573,0.08919152
6574,0.064976886
6575,0.010013076
6576,0.027016489
6577,0.27617526
6578,0.07210477
6579,0.09194672
6580,0.06739459
6581,0.08626509
6582,0.018237637
6583,0.017865388
6584,0.038942814
6585,0.16938075
6586,0.07540359
6587,0.05517143
6588,0.14460963
6589,0.5892418
6590,0.11884128
6591,0.025263816
6592,0.42647892
6593,0.077013485
6594,0.26210827
6595,0.27085295
6596,0.071914844
6597,0.054613438
6598,0.114874676
6599,0.16901681
6600,0.04837307
6601,0.1731315
6602,0.09683174
6603,0.01016415
6604,0.07215288
6605,0.016126268
6606,0.018486844
6607,0.058569416
6608,0.078044176
6609,0.016103515
6610,0.1526962
6611,0.17017986
6612,0.16060475
6613,0.11130504
6614,0.047737412
6615,0.14021882
6616,0.18454136
6617,0.25802332
6618,0.06643894
6619,0.011690345
6620,0.056311067
6621,0.027694553
6622,0.013920701
6623,0.07448111
6624,0.45995864
6625,0.044650875
6626,0.10530359
6627,0.38315856
6628,0.25982836
6629,0.016396463
6630,0.007749592
6631,0.0076193823
6632,0.045665488
6633,0.066295706
6634,0.25417894
6635,0.25277597
6636,0.11660563
6637,0.12370498
6638,0.26026428
6639,0.17561162
6640,0.17350529
6641,0.2094933
6642,0.370796
6643,0.092952594
6644,0.02564987
6645,0.057844497
6646,0.10761042
6647,0.06390885
6648,0.40232918
6649,0.86865056
6650,0.006862313
6651,0.055159133
6652,0.37046182
6653,0.017698199
6654,0.053228974
6655,0.27511242
6656,0.014172471
6657,0.05552331
6658,0.094008334
6659,0.019775039
6660,0.05770395
6661,0.44034043
6662,0.06208977
6663,0.11795107
6664,0.26986188
6665,0.16739558
6666,0.267502
6667,0.35475987
6668,0.27053857
6669,0.17307681
6670,0.3766109
6671,0.2509991
6672,0.82372844
6673,0.41524696
6674,0.41014096
6675,0.005585729
6676,0.0297782
6677,0.13893215
6678,0.067582645
6679,0.027535854
6680,0.025093902
6681,0.011289803
6682,0.07023821
6683,0.010787213
6684,0.026421819
6685,0.05162129
6686,0.0857091
6687,0.13818844
6688,0.13219506
6689,0.14213096
6690,0.117489755
6691,0.2514876
6692,0.11793704
6693,0.027798183
6694,0.109273404
6695,0.17937882
6696,0.022897748
6697,0.21622595
6698,0.8414957
6699,0.9140587
6700,0.5058545
6701,0.009382199
6702,0.029569255
6703,0.020744126
6704,0.07802909
6705,0.2921744
6706,0.084702075
6707,0.017709158
6708,0.055180453
6709,0.008938044
6710,0.061062567
6711,0.0860648
6712,0.062050045
6713,0.015861746
6714,0.2736313
6715,0.030839138
6716,0.048824675
6717,0.15021178
6718,0.14831093
6719,0.0735054
6720,0.06768419
6721,0.1436589
6722,0.2399614
6723,0.008237695
6724,0.027023198
6725,0.13063526
6726,0.10967452
6727,0.23849477
6728,0.8767207
6729,0.93319386
6730,0.5617705
6731,0.016950643
6732,0.21891718
6733,0.029170794
6734,0.2736882
6735,0.09525903
6736,0.26763982
6737,0.043727443
6738,0.07693967
6739,0.020632733
6740,0.087918825
6741,0.12666571
6742,0.2507161
6743,0.14454293
6744,0.48132268
6745,0.2925557
6746,0.17547198
6747,0.1809143
6748,0.120427504
6749,0.08205506
6750,0.14382474
6751,0.052926064
6752,0.037249673
6753,0.13795973
6754,0.13798986
6755,0.07178409
6756,0.11467305
6757,0.028840778
6758,0.8611139
6759,1.015189
6760,0.9703693
6761,0.11410065
6762,0.058300544
6763,0.25407743
6764,0.017083213
6765,0.1785631
6766,0.02738942
6767,0.0057898522
6768,0.022575837
6769,0.022515666
6770,0.05117212
6771,0.12238836
6772,0.06865101
6773,0.4243553
6774,0.71406823
6775,0.109499715
6776,0.15414613
6777,0.1364542
6778,0.18952014
6779,0.10553905
6780,0.38986248
6781,0.11363079
6782,0.04405846
6783,0.10267495
6784,0.120658055
6785,0.11344563
6786,0.059064936
6787,0.024975495
6788,0.42054188
6789,0.40392104
6790,0.262879
6791,0.085936114
6792,0.031308383
6793,0.13019155
6794,0.081952594
6795,0.27432242
6796,0.031522077
6797,0.052350067
6798,0.053257607
6799,0.028572796
6800,0.056932174
6801,0.05843832
6802,0.27775556
6803,0.763791
6804,0.4261412
6805,0.2870999
6806,0.16258027
6807,0.20299937
6808,0.26319104
6809,0.49573874
6810,0.21200739
6811,0.02905301
6812,0.04361109
6813,0.03574049
6814,0.14442849
6815,0.16116303
6816,0.111099616
6817,0.29624495
6818,0.28016296
6819,0.17410137
6820,1.0407084
6821,0.24665286
6822,0.024411844
6823,0.25954553
6824,0.16740811
6825,0.02505109
6826,0.06782578
6827,0.14353728
6828,0.075657114
6829,0.049659565
6830,0.052918646
6831,0.064271905
6832,0.18208615
6833,0.45639154
6834,0.29140207
6835,0.55158055
6836,0.42877847
6837,0.18583481
6838,0.17742546
6839,0.2803391
6840,0.1693774
6841,0.082281776
6842,0.05882283
6843,0.4420857
6844,0.26825023
6845,0.06748052
6846,0.5292018
6847,0.41954136
6848,0.010463606
6849,0.092447005
6850,0.12785542
6851,0.0842807
6852,0.055198323
6853,0.009236747
6854,0.0149551695
6855,0.03627686
6856,0.07366069
6857,0.1214859
6858,0.13559866
6859,0.18116261
6860,0.4159429
6861,0.92429763
6862,0.43883342
6863,0.4124355
6864,0.594666
6865,0.10332451
6866,0.077123106
6867,0.07695803
6868,0.15003282
6869,0.19035141
6870,0.071958065
6871,0.031982437
6872,0.07355606
6873,0.14665446
6874,0.02304749
6875,0.05607447
6876,0.117144324
6877,0.022183102
6878,0.048464324
6879,0.02470492
6880,0.010595893
6881,0.041260984
6882,0.08906516
6883,0.074212156
6884,0.122445785
6885,0.2770062
6886,0.27535418
6887,0.42546833
6888,0.8415865
6889,0.672909
6890,0.3968545
6891,0.116258234
6892,0.0009974166
6893,0.045107566
6894,0.018916938
6895,0.05977487
6896,0.12415667
6897,0.02221517
6898,0.68798846
6899,0.21009043
6900,0.023415603
6901,0.07149645
6902,0.055613674
6903,0.11576112
6904,0.04625779
6905,0.0542935
6906,0.045146015
6907,0.012898191
6908,0.0195477
6909,0.036120936
6910,0.12031244
6911,0.15471776
6912,0.50854784
6913,0.40896165
6914,0.16667487
6915,1.0620794
6916,0.39455652
6917,0.45901906
6918,0.1363841
6919,0.03983984
6920,0.03019461
6921,0.04214572
6922,0.057103686
6923,0.053383708
6924,0.045222048
6925,0.07254247
6926,0.42404398
6927,0.23705147
6928,0.36825055
6929,0.034049153
6930,0.11557984
6931,0.13265541
6932,0.14306927
6933,0.16836226
6934,0.04528028
6935,0.033940192
6936,0.056310683
6937,0.26139948
6938,0.67922676
6939,0.41093317
6940,0.4762815
6941,0.26517728
6942,0.3964171
6943,0.18814172
6944,0.087654576
6945,0.04240461
6946,0.024959106
6947,0.049287654
6948,0.032201894
6949,0.1441996
6950,0.15000336
6951,0.09185019
6952,0.37082648
6953,0.029797038
6954,0.07412544
6955,0.3677465
6956,0.04760702
6957,0.0075621586
6958,0.01494582
6959,0.16127773
6960,0.25217417
6961,0.048259884
6962,0.26845255
6963,0.27367288
6964,0.09452016
6965,0.09484292
6966,0.024636393
6967,0.10107649
6968,0.08813916
6969,0.0449193
6970,0.13169944
6971,0.12453255
6972,0.05137746
6973,0.03391457
6974,0.014179908
6975,0.25239432
6976,0.01828876
6977,0.10095822
6978,0.04524535
6979,0.040524423
6980,0.16355157
6981,0.05346748
6982,0.06881097
6983,0.019620346
6984,0.063438214
6985,0.19669095
6986,0.35974818
6987,0.42657682
6988,0.07422071
6989,0.004970793
6990,0.026342887
6991,0.062706605
6992,0.018017504
6993,0.0741932
6994,0.14430317
6995,0.017843645
6996,0.038439605
6997,0.018563535
6998,0.025362732
6999,0.012464343
7000,0.09606069
7001,0.12772818
7002,0.37546572
7003,0.027352856
7004,0.051892135
7005,0.09438066
7006,0.11912764
7007,0.35164237
7008,0.07696768
7009,0.0031419639
7010,0.0021886507
7011,0.11611123
7012,0.038446836
7013,0.019755587
7014,0.07972485
7015,0.24280292
7016,0.061709046
7017,0.021515865
7018,0.012949021
7019,0.27821717
7020,0.014258465
7021,0.0330845
7022,0.16003034
7023,0.08886301
7024,0.060620587
7025,0.029301088
7026,0.043691758
7027,0.08450019
7028,0.29314807
7029,0.027408158
7030,-0.0038199543
7031,0.020783525
7032,0.029163536
7033,0.044044293
7034,0.06809194
7035,0.25870177
7036,0.07099866
7037,0.26492974
7038,0.10910211
7039,0.032914355
7040,0.053799804
7041,0.052185062
7042,0.03141171
7043,0.26351643
7044,0.015441299
7045,0.097536445
7046,0.021200333
7047,0.121973604
7048,0.070885405
7049,0.01971587
7050,0.019682068
7051,0.30002186
7052,0.6235873
7053,0.24326654
7054,0.06556887
7055,0.005514786
7056,0.07206582
7057,0.040481426
7058,0.037247613
7059,0.07956925
7060,0.08315488
7061,0.08332656
7062,0.85069674
7063,0.081582
7064,0.020496197
7065,0.09118925
7066,0.08546365
7067,0.019550173
7068,0.04429793
7069,0.14088395
7070,0.4305147
7071,0.07711029
7072,0.1325821
7073,0.046049282
7074,0.0088252975
7075,0.027649015
7076,0.10284354
7077,0.03342926
7078,0.03027203
7079,0.065550365
7080,0.05285319
7081,0.019150466
7082,0.014436697
7083,0.050691057
7084,0.015454283
7085,0.12491602
7086,0.04139287
7087,0.048314612
7088,0.018870713
7089,0.037588943
7090,0.09266032
7091,0.1111089
7092,0.026226666
7093,0.059609793
7094,0.5727318
7095,0.069782756
7096,0.09113079
7097,0.036315598
7098,0.056252077
7099,0.057641238
7100,0.015629692
7101,0.2919935
7102,0.033609323
7103,0.0025311382
7104,0.00966761
7105,0.055181015
7106,0.107921205
7107,0.025727745
7108,0.12021234
7109,0.046856496
7110,0.02984707
7111,0.05171254
7112,0.3956954
7113,0.033688594
7114,0.023334498
7115,0.019879922
7116,0.016316583
7117,0.0542178
7118,0.040899217
7119,0.009577685
7120,0.13993157
7121,0.07828545
7122,0.014231574
7123,0.072061755
7124,0.13375612
7125,0.101178415
7126,0.08099514
7127,0.07608884
7128,0.03132968
7129,0.059435498
7130,0.02335747
7131,0.21261357
7132,0.27052173
7133,0.12786089
7134,0.010129302
7135,0.010337767
7136,0.036673468
7137,0.016680812
7138,0.014384308
7139,0.022538802
7140,0.025556229
7141,0.003712118
7142,0.012061395
7143,0.0044402955
7144,0.0107483445
7145,0.0116412025
7146,0.027693223
7147,0.06239773
7148,0.0566772
7149,0.11681422
7150,0.013787496
7151,0.13319966
7152,0.17182711
7153,0.0124828275
7154,0.030018719
7155,0.014370618
7156,0.013401767
7157,0.02229283
7158,0.025167378
7159,0.010296256
7160,0.028008193
7161,0.008465698
7162,0.015371311
7163,0.011933102
7164,0.013987937
7165,0.069094285
7166,0.0312317
7167,0.04867938
7168,0.017487658
7169,0.015485123
7170,0.050450664
7171,0.019607604
7172,0.009437593
7173,0.09954494
7174,0.030375544
7175,0.053127043
7176,0.010454617
7177,0.007029043
7178,0.007641718
7179,0.026112705
7180,0.0049770246
7181,0.016697468
7182,0.087716185
7183,0.018465964
7184,0.009293491
7185,0.014583364
7186,0.1584089
7187,0.06300789
7188,0.06503623
7189,0.05629132
7190,0.09456967
7191,0.02414586
7192,0.013203441
7193,0.006785946
7194,0.088622235
7195,0.012247289
7196,0.06593332
7197,0.0026473948
7198,0.11301005
7199,0.022329906
7200,0.016898971
7201,0.028094558
7202,0.03621941
7203,0.03457166
7204,0.030277716
7205,0.025943594
7206,0.012456976
7207,0.0145331
7208,0.007486395
7209,0.011037572
7210,0.03555892
7211,0.007828542
7212,0.0065676114
7213,0.002838634
7214,0.062497713
7215,0.06372609
7216,0.035741784
7217,0.011736715
7218,0.17023632
7219,0.02506268
7220,0.030708995
7221,0.0045685335
7222,0.013868306
7223,0.019351551
7224,0.05500653
7225,0.024196573
7226,0.020506693
7227,0.02566476
7228,0.0042396164
7229,0.0050463704
7230,0.014145484
7231,0.030635107
7232,0.09047518
7233,0.11833404
7234,0.09092776
7235,0.02226606
7236,0.0212743
7237,0.04047771
7238,0.06341932
7239,0.030250564
7240,0.051310327
7241,0.05980208
7242,0.018440703
7243,0.037059695
7244,0.04160239
7245,0.0364436
7246,0.036915172
7247,0.086831555
7248,0.048485145
7249,0.00700887
7250,0.033273555
7251,0.031300306
7252,0.09199115
7253,0.06419373
7254,0.040181167
7255,0.26915058
7256,0.36293337
7257,0.02237205
7258,0.033861898
7259,0.26619568
7260,0.059218194
7261,0.3943132
7262,0.06491735
7263,0.13270646
7264,0.047888853
7265,0.024437295
7266,0.07042733
7267,0.030497244
7268,0.015254382
7269,0.011532415
7270,0.12442498
7271,0.03494192
7272,0.62746274
7273,0.13256179
7274,0.037890088
7275,0.039894827
7276,0.12773526
7277,0.039298173
7278,0.02614517
7279,0.022582421
7280,0.03467187
7281,0.030516261
7282,0.01725047
7283,0.014193908
7284,0.035761718
7285,0.084641464
7286,0.1321947
7287,0.47903785
7288,0.46153343
7289,0.043917507
7290,0.05177239
7291,0.24226601
7292,0.14347233
7293,0.022722077
7294,0.041326337
7295,0.032372244
7296,0.042652506
7297,0.06862475
7298,0.40369794
7299,0.10362364
7300,0.39177737
7301,0.4853011
7302,0.08688237
7303,0.024427671
7304,0.4692578
7305,0.04766641
7306,0.28646097
7307,0.040098976
7308,0.040772967
7309,0.032712083
7310,0.04088865
7311,0.20344745
7312,0.08957212
7313,0.07511298
7314,0.028205603
7315,0.05633781
7316,0.4048423
7317,0.036820002
7318,0.027145468
7319,0.04423088
7320,0.04118873
7321,0.05906636
7322,0.03399016
7323,0.037714276
7324,0.076160714
7325,0.027866792
7326,0.04531747
7327,0.24514262
7328,0.15271741
7329,0.044270452
7330,0.0353086
7331,0.0027971882
7332,0.013831664
7333,0.45039174
7334,0.09373707
7335,0.06321147
7336,0.41594416
7337,0.4461902
7338,0.06426183
7339,0.043562986
7340,0.018218229
7341,0.015986284
7342,0.033686236
7343,0.01002535
7344,0.061545506
7345,0.06090063
7346,0.018470008
7347,0.08213857
7348,0.24007314
7349,0.4156646
7350,0.011846639
7351,0.021782376
7352,0.026602693
7353,0.041084774
7354,0.010431017
7355,0.031879444
7356,0.028313277
7357,0.03556472
7358,0.27253923
7359,0.02352025
7360,0.040516846
7361,0.002382137
7362,0.054644637
7363,0.03703574
7364,0.02438739
7365,0.12586568
7366,0.48916766
7367,0.040129937
7368,0.050603166
7369,0.024461286
7370,0.025089638
7371,0.03883851
7372,0.049180456
7373,0.011374564
7374,0.026825072
7375,0.013811553
7376,0.09296376
7377,0.16509633
7378,0.08755352
7379,0.08213303
7380,0.048376933
7381,0.02805804
7382,0.025335213
7383,0.026851537
7384,0.033961065
7385,0.08020582
7386,0.063458264
7387,0.23060724
7388,0.023614975
7389,0.048004862
7390,0.039849453
7391,0.026407743
7392,0.024855321
7393,0.025489416
7394,0.04225279
7395,0.022639751
7396,0.021667099
7397,0.06666951
7398,0.1893834
7399,0.28318918
7400,0.049608935
7401,0.04148036
7402,0.038729154
7403,0.10154064
7404,0.06870818
7405,0.016404785
7406,0.053984027
7407,0.016521199
7408,0.010295025
7409,0.029206071
7410,0.14399433
7411,0.024097364
7412,0.022453606
7413,0.029191311
7414,0.06775417
7415,0.08213721
7416,0.16295733
7417,0.13798285
7418,0.2516547
7419,0.07983843
7420,0.052565422
7421,0.029235588
7422,0.059066914
7423,0.044783194
7424,0.0107099805
7425,0.120096765
7426,0.050484583
7427,0.52412385
7428,0.123259775
7429,0.026907811
7430,0.123410635
7431,0.05552791
7432,0.052163526
7433,0.023083381
7434,0.018497696
7435,0.008293991
7436,0.056719992
7437,0.016163304
7438,0.005746941
7439,0.01368148
7440,0.018780481
7441,0.08090628
7442,0.04538451
7443,0.23166136
7444,0.077624835
7445,0.13637175
7446,0.39073038
7447,0.4095203
7448,0.08327165
7449,0.035374776
7450,0.105501465
7451,0.019876415
7452,0.04313985
7453,0.0066974214
7454,0.08887301
7455,0.061453894
7456,0.13495626
7457,0.048247855
7458,0.11761474
7459,0.0425175
7460,0.060828
7461,0.03871362
7462,0.01831316
7463,0.021655595
7464,0.12575191
7465,0.006123215
7466,0.030700957
7467,0.060879994
7468,0.032285653
7469,0.009175922
7470,0.022269145
7471,0.03635472
7472,0.061526813
7473,0.0863243
7474,0.15193535
7475,0.12862939
7476,0.2681349
7477,0.14788811
7478,0.15086645
7479,0.020553283
7480,0.11614708
7481,0.059497483
7482,0.049599618
7483,0.09517068
7484,0.037326477
7485,0.05284277
7486,0.042545334
7487,0.058489326
7488,0.08893275
7489,0.034319755
7490,0.05639536
7491,0.007171335
7492,0.024787404
7493,0.031390864
7494,0.0151777845
7495,0.0718192
7496,0.010310792
7497,0.036762394
7498,0.07540472
7499,0.06838381
7500,0.16855225
7501,0.47493687
7502,0.1256456
7503,0.14182054
7504,0.087704025
7505,0.09743555
7506,0.09095572
7507,0.09123983
7508,0.062853314
7509,0.027634181
7510,0.27857324
7511,0.07044358
7512,0.09084896
7513,0.06765498
7514,0.08557938
7515,0.017872473
7516,0.019641662
7517,0.021235228
7518,0.040807918
7519,0.16614099
7520,0.07537107
7521,0.054687537
7522,0.15018725
7523,0.58674926
7524,0.11884371
7525,0.024548559
7526,0.40738276
7527,0.077346265
7528,0.2639606
7529,0.2647802
7530,0.07627612
7531,0.056399066
7532,0.05975964
7533,0.11532975
7534,0.16908722
7535,0.049987346
7536,0.17702003
7537,0.09483727
7538,0.0729885
7539,0.01077925
7540,0.0142362
7541,0.05856418
7542,0.07821192
7543,0.015899166
7544,0.15525663
7545,0.16959722
7546,0.15771161
7547,0.114110485
7548,0.047889985
7549,0.1343208
7550,0.18970044
7551,0.26419488
7552,0.064362876
7553,0.011060135
7554,0.055720698
7555,0.026045889
7556,0.075871766
7557,0.4666652
7558,0.043954503
7559,0.10336869
7560,0.37235907
7561,0.25531358
7562,0.011066669
7563,0.017919634
7564,0.0057767984
7565,0.009997195
7566,0.044495407
7567,0.06776504
7568,0.16421251
7569,0.1760522
7570,0.24740903
7571,0.12140679
7572,0.2608656
7573,0.26114064
7574,0.17351615
7575,0.26432973
7576,0.36902505
7577,0.09261584
7578,0.06103595
7579,0.1078121
7580,0.06570656
7581,0.2781485
7582,0.85656506
7583,0.0091116605
7584,0.055497047
7585,0.38843137
7586,0.018916449
7587,0.053940862
7588,0.2763928
7589,0.015032861
7590,0.013420623
7591,0.05629896
7592,0.09463262
7593,0.020975605
7594,0.055503517
7595,0.29378515
7596,0.06750119
7597,0.119659595
7598,0.26367444
7599,0.16789375
7600,0.21539195
7601,0.38529766
7602,0.1893344
7603,0.029902067
7604,0.25722045
7605,0.39110342
7606,0.25670075
7607,0.85115427
7608,0.41825417
7609,0.30074304
7610,0.0074734315
7611,0.029674957
7612,0.14197719
7613,0.065725066
7614,0.023934925
7615,0.009790736
7616,0.004030128
7617,0.0670044
7618,0.023856511
7619,0.052182738
7620,0.08694288
7621,0.1402545
7622,0.13399073
7623,0.14449671
7624,0.12622298
7625,0.2446586
7626,0.11981871
7627,0.028244762
7628,0.11588679
7629,0.26586908
7630,0.02256343
7631,0.21682683
7632,0.9035297
7633,0.9945358
7634,0.52687275
7635,0.009615281
7636,0.029440295
7637,0.075384244
7638,0.29496023
7639,0.0828828
7640,0.051270265
7641,0.06286384
7642,0.0861415
7643,0.06452881
7644,0.016746776
7645,0.3892451
7646,0.034392167
7647,0.047646523
7648,0.15258884
7649,0.1492503
7650,0.075268656
7651,0.071989544
7652,0.24131046
7653,0.23843645
7654,0.004322831
7655,0.028526252
7656,0.24207051
7657,0.11270471
7658,0.116606995
7659,0.9327137
7660,0.95893335
7661,0.51065016
7662,0.012783415
7663,0.019781645
7664,0.22015281
7665,0.029085835
7666,0.16892622
7667,0.09493011
7668,0.26118904
7669,0.047328487
7670,0.07652399
7671,0.021615583
7672,0.08666573
7673,0.12942299
7674,0.1631018
7675,0.156333
7676,0.5078917
7677,0.28976843
7678,0.26760754
7679,0.18402474
7680,0.122752346
7681,0.0888191
7682,0.14932372
7683,0.050298244
7684,0.0350452
7685,0.024849957
7686,0.13719863
7687,0.13774101
7688,0.07120638
7689,0.11636204
7690,0.026738785
7691,0.90876085
7692,1.0601448
7693,0.9904264
7694,0.11703568
7695,0.05696194
7696,0.380881
7697,0.015052322
7698,0.18295386
7699,0.026044426
7700,0.023746334
7701,0.022589972
7702,0.051756475
7703,0.12392273
7704,0.06603743
7705,0.40491256
7706,0.75775504
7707,0.10791891
7708,0.15479204
7709,0.1387408
7710,0.27386793
7711,0.10636895
7712,0.3838731
7713,0.11494838
7714,0.044320796
7715,0.10755671
7716,0.12351981
7717,0.11935546
7718,0.055761077
7719,0.028093785
7720,0.40943053
7721,0.4074542
7722,0.26598904
7723,0.08822362
7724,0.031908937
7725,0.13814324
7726,0.082308754
7727,0.27247113
7728,0.032154966
7729,0.04992141
7730,0.05294491
7731,0.020526046
7732,0.029227681
7733,0.05899364
7734,0.058505036
7735,0.27382526
7736,0.7813058
7737,0.43464068
7738,0.28762642
7739,0.1657567
7740,0.2026779
7741,0.26665375
7742,0.50801826
7743,0.07391648
7744,0.031264503
7745,0.04460884
7746,0.034704637
7747,0.15533043
7748,0.16091351
7749,0.1173373
7750,0.41960585
7751,0.27137333
7752,0.17001984
7753,1.075441
7754,0.14344448
7755,0.025397114
7756,0.14538562
7757,0.17977552
7758,0.026780099
7759,0.0670625
7760,0.24913143
7761,0.07645366
7762,0.051920805
7763,0.05338449
7764,0.063401446
7765,0.26661038
7766,0.44019273
7767,0.28733107
7768,0.5303031
7769,0.4318473
7770,0.18758489
7771,0.181074
7772,0.39006126
7773,0.027504677
7774,0.16955288
7775,0.08148192
7776,0.062042583
7777,0.42521638
7778,0.41334713
7779,0.068505496
7780,0.51273876
7781,0.42321202
7782,0.091240756
7783,0.13013753
7784,0.08933361
7785,0.05773468
7786,0.009965447
7787,0.016328664
7788,0.035742164
7789,0.07520373
7790,0.122650474
7791,0.1338493
7792,0.18567148
7793,0.41160074
7794,0.97938424
7795,0.43163243
7796,0.4002796
7797,0.5691423
7798,0.10791514
7799,0.020000247
7800,0.07480532
7801,0.078711174
7802,0.15405798
7803,0.27323842
7804,0.073345445
7805,0.03499505
7806,0.07171448
7807,0.1493391
7808,0.025548244
7809,0.055182464
7810,0.121450745
7811,0.02149397
7812,0.047472138
7813,0.02503062
7814,0.011086908
7815,0.042102184
7816,0.09321842
7817,0.075640015
7818,0.12212425
7819,0.26869226
7820,0.2779392
7821,0.43753883
7822,0.8442453
7823,0.6452887
7824,0.2952869
7825,0.11693125
7826,0.002337917
7827,0.04726338
7828,0.019015366
7829,0.05999838
7830,0.12490646
7831,0.020748766
7832,0.016443528
7833,0.038335044
7834,0.66396064
7835,0.20680961
7836,0.022619944
7837,0.0703199
7838,0.058456473
7839,0.11193568
7840,0.048304703
7841,0.055547226
7842,0.020764645
7843,0.04380206
7844,0.014994163
7845,0.036717027
7846,0.121622816
7847,0.15504076
7848,0.50104594
7849,0.3955468
7850,0.2661236
7851,1.0238541
7852,0.4077769
7853,0.4833795
7854,0.1374513
7855,0.038836177
7856,0.030391194
7857,0.04132247
7858,0.05334182
7859,0.05295376
7860,0.043885496
7861,0.07569002
7862,0.437644
7863,0.24145538
7864,0.37067345
7865,0.03243377
7866,0.11813048
7867,0.13535598
7868,0.14277324
7869,0.17908652
7870,0.04462635
7871,0.035522055
7872,0.057195805
7873,0.26160154
7874,0.66548693
7875,0.46194685
7876,0.4913536
7877,0.19386147
7878,0.39797807
7879,0.19297007
7880,0.08666687
7881,0.039378244
7882,0.0133288
7883,0.01723767
7884,0.017158214
7885,0.04992321
7886,0.036104523
7887,0.1419886
7888,0.15820315
7889,0.08674473
7890,0.1989174
7891,0.028241709
7892,0.07565954
7893,0.3843078
7894,0.048813958
7895,0.007904609
7896,0.016170936
7897,0.015724715
7898,0.15735123
7899,0.25936392
7900,0.04937536
7901,0.4217079
7902,0.27007744
7903,0.09829204
7904,0.100988895
7905,0.024643162
7906,0.098417304
7907,0.08949112
7908,0.046530504
7909,0.1345044
7910,0.12759379
7911,0.05189947
7912,0.014177058
7913,0.39054638
7914,0.017352672
7915,0.10387964
7916,0.012886195
7917,0.042558488
7918,0.042158116
7919,0.16046713
7920,0.054404408
7921,0.0684548
7922,0.018224142
7923,0.06066313
7924,0.20055062
7925,0.37180805
7926,0.42880335
7927,0.079405524
7928,0.0030392627
7929,0.01627203
7930,0.02691137
7931,0.063696906
7932,0.07419974
7933,0.1479923
7934,0.020657897
7935,0.039083403
7936,0.019992854
7937,0.036130544
7938,0.02371783
7939,0.013502257
7940,0.033051845
7941,0.097148396
7942,0.13052022
7943,0.37174007
7944,0.027761899
7945,0.03008453
7946,0.051629182
7947,0.09607798
7948,0.12345603
7949,0.332263
7950,0.0815988
7951,0.0031067526
7952,0.117456384
7953,0.040113
7954,0.08350207
7955,0.24261831
7956,0.0617977
7957,0.022673871
7958,0.013975426
7959,0.20340332
7960,0.014509901
7961,0.032614093
7962,0.16294782
7963,0.091704026
7964,0.060278334
7965,0.029856106
7966,0.043815654
7967,0.08527763
7968,0.29028636
7969,0.024611782
7970,0.021196518
7971,0.028361272
7972,0.04775967
7973,0.070428625
7974,0.25654095
7975,0.07263193
7976,0.17928629
7977,0.109668516
7978,0.032030668
7979,0.054032452
7980,0.05293552
7981,0.032722343
7982,0.17567691
7983,0.017205928
7984,0.108075485
7985,0.021489704
7986,0.122716546
7987,0.069754116
7988,0.01917997
7989,0.020228684
7990,0.29795042
7991,0.5822974
7992,0.24232206
7993,0.06391144
7994,0.0053494857
7995,0.0768969
7996,0.041195083
7997,0.03784014
7998,0.077564985
7999,0.08579736
8000,0.0840557
8001,0.8252268
8002,0.02269245
8003,0.08446835
8004,0.021855308
8005,0.093714975
8006,0.08623595
8007,0.0213916
8008,0.045996107
8009,0.14445917
8010,0.44396424
8011,0.076828115
8012,0.1279574
8013,0.024890257
8014,0.040347263
8015,0.008871539
8016,0.02674941
8017,0.10723707
8018,0.032633845
8019,0.030194055
8020,0.06251758
8021,0.049575295
8022,0.019262247
8023,0.04998883
8024,0.013684492
8025,0.12035163
8026,0.04254592
8027,0.048017316
8028,0.0198258
8029,0.038085397
8030,0.094736
8031,0.118532844
8032,0.025522348
8033,0.028200855
8034,0.060090654
8035,0.55773646
8036,0.071609415
8037,0.092774816
8038,0.044622857
8039,0.03895718
8040,0.058196757
8041,0.058308512
8042,0.41043186
8043,0.03144065
8044,0.012928956
8045,0.055942252
8046,0.10684239
8047,0.02388118
8048,0.1229619
8049,0.05154305
8050,0.031524543
8051,0.053340323
8052,0.37037158
8053,0.030825654
8054,0.022140428
8055,0.0030778523
8056,0.019335631
8057,0.056573536
8058,0.011176661
8059,0.04224024
8060,0.23722357
8061,0.08028712
8062,0.070001885
8063,0.14021102
8064,0.10473758
8065,0.08131791
8066,0.075638026
8067,0.0601606
8068,0.2198618
8069,0.26781684
8070,0.123112686
8071,0.008703086
8072,0.0038218868
8073,0.03673208
8074,0.016498337
8075,0.015000043
8076,0.022229357
8077,0.015078148
8078,0.02780973
8079,0.0022303024
8080,0.012673729
8081,0.005233957
8082,0.012109775
8083,0.009672262
8084,0.028788174
8085,0.06269012
8086,0.055589866
8087,0.114574544
8088,0.13491559
8089,0.17433101
8090,0.012680265
8091,0.012788233
8092,0.0296744
8093,0.015604786
8094,0.01361518
8095,0.025567321
8096,0.011293716
8097,0.027739836
8098,0.009904205
8099,0.013827488
8100,0.015191226
8101,0.06935491
8102,0.05047932
8103,0.020098908
8104,0.053004347
8105,0.016651625
8106,0.014330283
8107,0.0091722
8108,0.10493886
8109,0.02955836
8110,0.05431117
8111,0.011191642
8112,0.007673245
8113,0.007884091
8114,0.026651578
8115,0.007928606
8116,0.08473875
8117,0.00828745
8118,0.16061082
8119,0.06515615
8120,0.065215796
8121,0.061340477
8122,0.011971983
8123,0.09919724
8124,0.026519727
8125,0.013121235
8126,0.088379554
8127,0.009943341
8128,0.07334591
8129,0.0005551097
8130,0.11789526
8131,0.022993224
8132,0.03640936
8133,0.035998605
8134,0.026752008
8135,0.014838337
8136,0.012723221
8137,0.014495558
8138,0.037018888
8139,0.006380667
8140,0.00814437
8141,0.063955516
8142,0.064696
8143,0.037595235
8144,0.16676824
8145,0.027734328
8146,0.0041993666
8147,0.012413916
8148,0.021192793
8149,0.055492483
8150,0.023845993
8151,0.008682418
8152,0.020191992
8153,0.025422206
8154,0.0047432617
8155,0.0911834
8156,0.12483768
8157,0.013260196
8158,0.024009518
8159,0.08496454
8160,0.016144443
8161,0.020466605
8162,0.04252586
8163,0.060314473
8164,0.034230944
8165,0.039069813
8166,0.09195229
8167,0.04586676
8168,0.036326073
8169,0.09708507
8170,0.037136983
8171,0.059377562
8172,0.04607314
8173,0.2643504
8174,0.37325436
8175,0.27447656
8176,0.054354344
8177,0.2856003
8178,0.21831019
8179,0.26094028
8180,0.04142904
8181,0.022987429
8182,0.019871445
8183,0.0604509
8184,0.012811023
8185,0.03311158
8186,0.013137512
8187,0.2548006
8188,0.032379013
8189,0.65746313
8190,0.2634522
8191,0.04848296
8192,0.034736954
8193,0.2593003
8194,0.049681447
8195,0.023841064
8196,0.04269278
8197,0.035335097
8198,0.01583163
8199,0.015247772
8200,0.03462458
8201,0.0946715
8202,0.132521
8203,0.49528244
8204,0.4531752
8205,0.03856842
8206,0.04854877
8207,0.24464811
8208,0.25423524
8209,0.009493246
8210,0.04294154
8211,0.03540548
8212,0.049944777
8213,0.06258861
8214,0.028663838
8215,0.37718904
8216,0.10933197
8217,0.14425448
8218,0.4586189
8219,0.0871814
8220,0.025540926
8221,0.4403846
8222,0.04765473
8223,0.5197548
8224,0.048049368
8225,0.03856543
8226,0.032077353
8227,0.04106499
8228,0.028331243
8229,0.07871051
8230,0.08432582
8231,0.07346781
8232,0.03325945
8233,0.030015102
8234,0.05786061
8235,0.37893575
8236,0.039509546
8237,0.042450078
8238,0.04427595
8239,0.050532017
8240,0.03158718
8241,0.034624625
8242,0.046738982
8243,0.07804854
8244,0.027023666
8245,0.048774935
8246,0.14959335
8247,0.3674471
8248,0.042007335
8249,0.03822014
8250,0.0014475378
8251,0.01434942
8252,0.45470032
8253,0.08981397
8254,0.058058184
8255,0.4085334
8256,0.18823215
8257,0.006569142
8258,0.003636314
8259,0.06253153
8260,0.044780876
8261,0.018487947
8262,0.021430658
8263,0.016050678
8264,0.031693935
8265,0.06646752
8266,0.060917784
8267,0.08126942
8268,0.14948925
8269,0.44249943
8270,0.021551924
8271,0.027058065
8272,0.010182444
8273,0.031942405
8274,0.028285103
8275,0.035333067
8276,0.25789925
8277,0.022300687
8278,0.039267376
8279,0.004555578
8280,0.054141756
8281,0.037593957
8282,0.02516613
8283,0.12336545
8284,0.5148751
8285,0.04065772
8286,0.056885447
8287,0.023826467
8288,0.026418118
8289,0.039366364
8290,0.04817351
8291,0.011373699
8292,0.026749352
8293,0.0128399115
8294,0.09352478
8295,0.162548
8296,0.09401561
8297,0.08187836
8298,0.045395847
8299,0.025726227
8300,0.027525883
8301,0.026197147
8302,0.034161262
8303,0.075143695
8304,0.06561068
8305,0.23033068
8306,0.025092699
8307,0.04855543
8308,0.038170286
8309,0.02609175
8310,0.0248384
8311,0.024368523
8312,0.044175435
8313,0.024175102
8314,0.06900485
8315,0.19035725
8316,0.18535204
8317,0.05059627
8318,0.042032156
8319,0.039838202
8320,0.101214066
8321,0.06550085
8322,0.015462494
8323,0.051463965
8324,0.015909607
8325,0.009430447
8326,0.027726
8327,0.14559332
8328,0.023282893
8329,0.021717513
8330,0.029258505
8331,0.066530846
8332,0.0852735
8333,0.2601614
8334,0.25521272
8335,0.25803727
8336,0.0806059
8337,0.051948633
8338,0.027638584
8339,0.058169432
8340,0.048743013
8341,0.0119800335
8342,0.11290691
8343,0.04938047
8344,0.5235943
8345,0.12648481
8346,0.025868984
8347,0.12650877
8348,0.057493646
8349,0.052330583
8350,0.022699686
8351,0.008810081
8352,0.011937876
8353,0.056137852
8354,0.003376506
8355,0.016065476
8356,0.017032314
8357,0.08389209
8358,0.046317104
8359,0.0886238
8360,0.07824126
8361,0.1365191
8362,0.41528767
8363,0.4121003
8364,0.08536987
8365,0.034979638
8366,0.105029695
8367,0.019143902
8368,0.04205014
8369,0.02598344
8370,0.008485147
8371,0.09102864
8372,0.061532717
8373,0.13188975
8374,0.048572846
8375,0.11830305
8376,0.04489762
8377,0.05978868
8378,0.01804532
8379,0.022877324
8380,0.12391759
8381,0.009688169
8382,0.030197572
8383,0.060705636
8384,0.008257639
8385,0.021532964
8386,0.039390083
8387,0.06102174
8388,0.08679072
8389,0.2584388
8390,0.1287351
8391,0.2615322
8392,0.14616993
8393,0.15086049
8394,0.02281484
8395,0.11204707
8396,0.014132169
8397,0.05934611
8398,0.01037028
8399,0.0478023
8400,0.09575308
8401,0.037305664
8402,0.02771362
8403,0.0555941
8404,0.043419886
8405,0.05868585
8406,0.09190412
8407,0.03379553
8408,0.060348134
8409,0.00753727
8410,0.031435546
8411,0.06927256
8412,0.034962025
8413,0.07359514
8414,0.067960285
8415,0.16471504
8416,0.47554126
8417,0.12864798
8418,0.14039132
8419,0.08524277
8420,0.23109154
8421,0.09332357
8422,0.09330792
8423,0.06421632
8424,0.026894035
8425,0.27851102
8426,0.07111143
8427,0.08989995
8428,0.0644589
8429,0.08728463
8430,0.016847437
8431,0.02501423
8432,0.021121833
8433,0.020644724
8434,0.03984877
8435,0.16282596
8436,0.07812329
8437,0.054399062
8438,0.14704706
8439,0.5918559
8440,0.12215688
8441,0.027501099
8442,0.25661635
8443,0.08116913
8444,0.2658251
8445,0.2695243
8446,0.07281428
8447,0.022244498
8448,0.057154022
8449,0.056188013
8450,0.11268163
8451,0.16996147
8452,0.0500001
8453,0.17509003
8454,0.09316947
8455,0.07521636
8456,0.01580378
8457,0.018318474
8458,0.059648547
8459,0.07836582
8460,0.01681527
8461,0.15603925
8462,0.17220895
8463,0.15226857
8464,0.1136689
8465,0.047168575
8466,0.1423905
8467,0.19199692
8468,0.2625309
8469,0.066815875
8470,0.008727138
8471,0.057889093
8472,0.07612106
8473,0.45792353
8474,0.043954503
8475,0.10922658
8476,0.35676217
8477,0.25236607
8478,0.013871785
8479,0.01771069
8480,0.01003219
8481,0.04531579
8482,0.06703036
8483,0.16339947
8484,0.25671172
8485,0.025813337
8486,0.11707403
8487,0.12179552
8488,0.26717243
8489,0.17617376
8490,0.17447935
8491,0.26710308
8492,0.3811573
8493,0.09507287
8494,0.060094796
8495,0.10845961
8496,0.066955425
8497,0.2864758
8498,0.9266337
8499,0.0072413622
8500,0.05611332
8501,0.360933
8502,0.019834258
8503,0.053329516
8504,0.3600967
8505,0.012965129
8506,0.056296997
8507,0.0942304
8508,0.022933021
8509,0.057550605
8510,0.42079133
8511,0.066349156
8512,0.116209045
8513,0.27052128
8514,0.1724053
8515,0.27259618
8516,0.38200954
8517,0.2736939
8518,0.028572535
8519,0.2625496
8520,0.2472891
8521,0.13998862
8522,0.8854952
8523,0.42829356
8524,0.39131233
8525,0.010331987
8526,0.031688467
8527,0.14224644
8528,0.021075694
8529,0.06917963
8530,0.02818468
8531,0.025189199
8532,0.009560943
8533,0.0074757445
8534,0.0028947252
8535,0.06935835
8536,0.026095258
8537,0.050447475
8538,0.08525969
8539,0.1362385
8540,0.13309713
8541,0.14658357
8542,0.12483784
8543,0.2510175
8544,0.25549805
8545,0.031261433
8546,0.11663049
8547,0.1771134
8548,0.024619883
8549,0.2211968
8550,0.84390557
8551,0.9702461
8552,0.49754634
8553,0.00752558
8554,0.031342722
8555,0.017479382
8556,0.0701137
8557,0.3910453
8558,0.08345981
8559,0.017329514
8560,0.049698453
8561,0.009887214
8562,0.06333425
8563,0.08510478
8564,0.065743305
8565,0.015710765
8566,0.38832507
8567,0.033417337
8568,0.048715066
8569,0.15394785
8570,0.14748298
8571,0.074846305
8572,0.07165591
8573,0.24682468
8574,0.23676236
8575,0.028062308
8576,0.24122348
8577,0.11666547
8578,0.24908215
8579,0.93713254
8580,0.7884798
8581,0.5492242
8582,0.020081513
8583,0.22161336
8584,0.029680658
8585,0.17846712
8586,0.0970761
8587,0.25961703
8588,0.04717741
8589,0.076299615
8590,0.02130334
8591,0.08795033
8592,0.12866887
8593,0.15867595
8594,0.15449712
8595,0.47684917
8596,0.4554475
8597,0.27160662
8598,0.18292545
8599,0.12664069
8600,0.08680611
8601,0.150239
8602,0.050895028
8603,0.036595725
8604,0.13892323
8605,0.14057317
8606,0.07105827
8607,0.114863046
8608,0.025408702
8609,0.9032083
8610,1.070447
8611,0.9829982
8612,0.11792835
8613,0.053292144
8614,0.36864948
8615,0.2802156
8616,0.023313306
8617,0.021989126
8618,0.050671313
8619,0.12483614
8620,0.07106266
8621,0.42694935
8622,0.71910524
8623,0.10914294
8624,0.15390591
8625,0.13811038
8626,0.20046927
8627,0.10512365
8628,0.38619408
8629,0.2431069
8630,0.0447076
8631,0.10491485
8632,0.123784564
8633,0.11822189
8634,0.05932205
8635,0.028364893
8636,0.4111555
8637,0.2943828
8638,0.26610228
8639,0.089846656
8640,0.031208016
8641,0.13521908
8642,0.08115953
8643,0.19334137
8644,0.03230187
8645,0.053170625
8646,0.05454375
8647,0.019549178
8648,0.02814443
8649,0.054709017
8650,0.058183912
8651,0.27305755
8652,0.76608026
8653,0.4360242
8654,0.2802043
8655,0.16206008
8656,0.20504571
8657,0.19164883
8658,0.5306472
8659,0.07706815
8660,0.030130027
8661,0.037120625
8662,0.15082633
8663,0.16289136
8664,0.1186271
8665,0.2989794
8666,0.27121678
8667,0.26626465
8668,1.0864388
8669,0.14296895
8670,0.02407194
8671,0.1443007
8672,0.2546344
8673,0.028183155
8674,0.06922535
8675,0.2573046
8676,0.07671193
8677,0.05304666
8678,0.051075574
8679,0.062551565
8680,0.26872724
8681,0.42101184
8682,0.4137262
8683,0.5233329
8684,0.43210104
8685,0.19040978
8686,0.18396232
8687,0.26949418
8688,0.017182637
8689,0.028608525
8690,0.16975181
8691,0.08245705
8692,0.061267227
8693,0.28402066
8694,0.39906222
8695,0.06919681
8696,0.54597384
8697,0.40382913
8698,0.010874834
8699,0.09484972
8700,0.12952049
8701,0.09318845
8702,0.056343667
8703,0.017736265
8704,0.036960643
8705,0.07674879
8706,0.12188933
8707,0.13247326
8708,0.17972398
8709,0.41684717
8710,1.0416951
8711,0.4474392
8712,0.4016815
8713,0.5920169
8714,0.10160749
8715,0.021060621
8716,0.075277664
8717,0.081047855
8718,0.14772798
8719,0.27145645
8720,0.076029055
8721,0.033823192
8722,0.0730422
8723,0.24733001
8724,0.02242345
8725,0.00879564
8726,0.056949362
8727,0.120019086
8728,0.020715998
8729,0.049217723
8730,0.026718382
8731,0.010600414
8732,0.04045726
8733,0.092564985
8734,0.075657755
8735,0.12408787
8736,0.2692542
8737,0.27254096
8738,0.441326
8739,0.8379367
8740,0.6591442
8741,0.39189935
8742,0.11441961
8743,0.0005797893
8744,0.0473999
8745,0.020281872
8746,0.06093133
8747,0.12143572
8748,0.021829924
8749,0.016139526
8750,0.03881974
8751,0.69362813
8752,0.21075416
8753,0.021589853
8754,0.07048821
8755,0.05560475
8756,0.24961817
8757,0.048626952
8758,0.05321932
8759,0.020467773
8760,0.045778867
8761,0.013578008
8762,0.020515068
8763,0.035758905
8764,0.11949221
8765,0.15659857
8766,0.49075174
8767,0.40390173
8768,0.2665478
8769,1.0373338
8770,0.40598255
8771,0.4824346
8772,0.13388073
8773,0.03825951
8774,0.03168129
8775,0.042160045
8776,0.051989812
8777,0.051799286
8778,0.021852676
8779,0.04600305
8780,0.07489703
8781,0.42280346
8782,0.24157281
8783,0.35748246
8784,0.033728335
8785,0.11802417
8786,0.13807279
8787,0.1311118
8788,0.17120847
8789,0.042849008
8790,0.035443973
8791,0.057666413
8792,0.18329756
8793,0.6884395
8794,0.40389767
8795,0.46211842
8796,0.26123258
8797,0.27351984
8798,0.1936699
8799,0.08792474
8800,0.042967603
8801,0.024471961
8802,0.016186686
8803,0.04869437
8804,0.035404712
8805,0.14094979
8806,0.1573925
8807,0.0912876
8808,0.27972013
8809,0.030092446
8810,0.0795518
8811,0.35925183
8812,0.046173777
8813,0.0067207967
8814,0.014491863
8815,0.015738478
8816,0.16186552
8817,0.25760263
8818,0.049013022
8819,0.2652578
8820,0.27513468
8821,0.09818284
8822,0.099513575
8823,0.023574831
8824,0.1016647
8825,0.08959742
8826,0.043944884
8827,0.13742685
8828,0.12587851
8829,0.053550504
8830,0.014970547
8831,0.39082113
8832,0.018404363
8833,0.018529763
8834,0.10830809
8835,0.011872481
8836,0.04344224
8837,0.04148485
8838,0.16038376
8839,0.054406825
8840,0.06640533
8841,0.018830644
8842,0.063672304
8843,0.19850193
8844,0.3916336
8845,0.4103964
8846,0.07817649
8847,0.0030844824
8848,0.017360546
8849,0.019380819
8850,0.027884437
8851,0.063201256
8852,0.021313379
8853,0.076450616
8854,0.14899677
8855,0.018862415
8856,0.03901159
8857,0.018471062
8858,0.035998777
8859,0.025168505
8860,0.012218587
8861,0.032602903
8862,0.09611499
8863,0.1303817
8864,0.3800541
8865,0.026630852
8866,0.029447963
8867,0.051008433
8868,0.09487311
8869,0.121748276
8870,0.3573625
8871,0.077696174
8872,0.004807712
8873,0.22330494
8874,0.038946435
8875,0.019252267
8876,0.0847496
8877,0.1318595
8878,0.0635302
8879,0.0165157
8880,0.021105692
8881,0.014134495
8882,0.19321497
8883,0.014053884
8884,0.032275286
8885,0.1620197
8886,0.09166433
8887,0.060655788
8888,0.028249172
8889,0.04292977
8890,0.086243674
8891,0.3871665
8892,0.026066741
8893,-0.00547443
8894,0.02140543
8895,0.026762348
8896,0.04533191
8897,0.06951271
8898,0.25841457
8899,0.07460071
8900,0.2566966
8901,0.10693114
8902,0.032253146
8903,0.05378983
8904,0.05443274
8905,0.029838629
8906,0.17750402
8907,0.019355392
8908,0.09984302
8909,0.021844234
8910,0.123945914
8911,0.06953174
8912,0.019336944
8913,0.021047914
8914,0.30159026
8915,0.64373124
8916,0.23776872
8917,0.06784454
8918,0.07189453
8919,0.04172447
8920,0.036404848
8921,0.08126521
8922,0.081382215
8923,0.08526082
8924,0.8892768
8925,0.023325961
8926,0.081833035
8927,0.021690007
8928,0.09142607
8929,0.08509137
8930,0.020397242
8931,0.045551263
8932,0.1499869
8933,0.42203927
8934,0.07741936
8935,0.22357222
8936,0.025079355
8937,0.016173668
8938,0.05114558
8939,0.009600524
8940,0.027053857
8941,0.105467364
8942,0.03373926
8943,0.0297346
8944,0.006607691
8945,0.06448125
8946,0.050671354
8947,0.019304998
8948,0.014608094
8949,0.0512192
8950,0.0138447
8951,0.12295204
8952,0.041889995
8953,0.049151316
8954,0.019853039
8955,0.03788512
8956,0.096884675
8957,0.11377064
8958,0.02772781
8959,0.029419053
8960,0.061522428
8961,0.56604904
8962,0.07354784
8963,0.09369987
8964,0.044038936
8965,0.036569983
8966,0.056872096
8967,0.057832494
8968,0.02221378
8969,0.39124823
8970,0.035682783
8971,-0.001398484
8972,0.004086456
8973,0.013709969
8974,0.056810547
8975,0.11002223
8976,0.026526418
8977,0.122055195
8978,0.048539445
8979,0.031502623
8980,0.008595177
8981,0.05254299
8982,0.35507417
8983,0.031800628
8984,0.02641911
8985,0.0018990875
8986,0.020642642
8987,0.0164633
8988,0.055249304
8989,0.010676483
8990,0.041846987
8991,0.008892225
8992,0.2420381
8993,0.080840364
8994,0.010058498
8995,0.013758594
8996,0.015119372
8997,0.008887256
8998,0.07265568
8999,0.1412566
9000,0.10136445
9001,0.08343763
9002,0.07505246
9003,0.032940675
9004,0.061445773
9005,0.022768011
9006,0.067209974
9007,0.26910368
9008,0.12744115
9009,0.008708116
9010,0.004033995
9011,0.03786138
9012,0.017610265
9013,0.014071482
9014,0.021766061
9015,0.016984638
9016,0.025428908
9017,0.0029606188
9018,0.012574024
9019,0.0052481024
9020,0.012448912
9021,0.030705461
9022,0.059533566
9023,0.054856945
9024,0.117075145
9025,0.012219435
9026,0.13514942
9027,0.2591084
9028,0.020837167
9029,0.012171729
9030,0.015323302
9031,0.014294514
9032,0.022992479
9033,0.025680145
9034,0.010078881
9035,0.026519302
9036,0.014376801
9037,0.014018784
9038,0.07009492
9039,0.049006734
9040,0.017828673
9041,0.054076687
9042,0.016498473
9043,0.014849489
9044,0.008130781
9045,0.102827474
9046,0.03075262
9047,0.054179903
9048,0.008738792
9049,0.0072970935
9050,0.024697933
9051,0.0062647965
9052,0.08797847
9053,0.013788968
9054,0.016090723
9055,0.15975168
9056,0.0618646
9057,0.061706305
9058,0.058306403
9059,0.096554115
9060,0.025577083
9061,0.013038035
9062,0.089685164
9063,0.011690889
9064,0.07021681
9065,0.0031185288
9066,0.1199591
9067,0.022095183
9068,0.029002538
9069,0.03523227
9070,0.032202132
9071,0.026963104
9072,0.013912736
9073,0.014037704
9074,0.014075275
9075,0.0091682235
9076,0.014034704
9077,0.035740912
9078,0.006598653
9079,0.0068233665
9080,0.062854946
9081,0.06388154
9082,0.037095048
9083,0.008912768
9084,0.17376268
9085,0.025152586
9086,0.026433934
9087,0.03160499
9088,0.004050528
9089,0.01214964
9090,0.02053968
9091,0.055783913
9092,0.025415014
9093,0.020286549
9094,0.025735335
9095,0.01558141
9096,0.031633057
9097,0.096572615
9098,0.12648715
9099,0.013653002
9100,0.087834924
9101,0.037406012
9102,0.043079846
9103,0.063386984
9104,0.036195103
9105,0.032566983
9106,0.045051374
9107,0.0064348076
9108,0.081869245
9109,0.047621332
9110,-0.00074633805
9111,0.102342576
9112,0.038835377
9113,0.05942924
9114,0.048585646
9115,0.27130163
9116,0.35934964
9117,0.012915199
9118,0.26230994
9119,0.04967764
9120,0.17783618
9121,0.06971951
9122,0.12936419
9123,0.040901966
9124,0.019739116
9125,0.0647333
9126,0.0135832885
9127,0.026564058
9128,0.011373379
9129,0.007846519
9130,0.11979422
9131,0.027362183
9132,0.65173703
9133,0.1361513
9134,0.04170253
9135,0.0372515
9136,0.12806424
9137,0.04315895
9138,0.02463433
9139,0.03734682
9140,0.017773373
9141,0.012856825
9142,0.03494307
9143,0.08515971
9144,0.13103583
9145,0.48286846
9146,0.44917658
9147,0.04286449
9148,0.055487078
9149,0.37511334
9150,0.15179305
9151,0.04269253
9152,0.03597971
9153,0.045201313
9154,0.068809055
9155,0.033746395
9156,0.3980162
9157,0.106665775
9158,0.25272036
9159,0.28474545
9160,0.093759045
9161,0.022268178
9162,0.4825349
9163,0.00555977
9164,0.0462175
9165,0.30316854
9166,0.041164603
9167,0.041761436
9168,0.03197885
9169,0.04346355
9170,-0.00236021
9171,0.024498729
9172,0.07578163
9173,0.08274283
9174,0.032196946
9175,0.028226875
9176,0.35492215
9177,0.38075283
9178,0.039842114
9179,0.031881943
9180,0.043979995
9181,0.043063246
9182,0.0558045
9183,0.029608577
9184,0.035574097
9185,0.03917444
9186,0.075353265
9187,0.047996018
9188,0.15640932
9189,0.051773716
9190,0.35567713
9191,0.043475255
9192,0.036769103
9193,0.02592541
9194,0.01425932
9195,0.0109370565
9196,0.014670848
9197,0.014689962
9198,0.016463038
9199,0.42191347
9200,0.08875311
9201,0.066801704
9202,0.4022587
9203,0.29856327
9204,0.06496525
9205,0.04372618
9206,0.013434574
9207,0.021755567
9208,0.014997488
9209,0.03488394
9210,0.0024442251
9211,0.06623302
9212,0.055251647
9213,0.08388987
9214,0.38272178
9215,0.4271332
9216,0.018120836
9217,0.024151418
9218,0.041324697
9219,0.008757155
9220,0.009242353
9221,0.030563705
9222,0.02716568
9223,0.036236573
9224,0.17080796
9225,0.02308967
9226,0.038702298
9227,0.004871277
9228,0.05451204
9229,0.121684276
9230,0.48772955
9231,0.038058337
9232,0.055721518
9233,0.021883054
9234,0.025720255
9235,0.0412804
9236,0.04522297
9237,0.015690751
9238,0.02985594
9239,0.10234953
9240,0.1666473
9241,0.08452665
9242,0.20495881
9243,0.04935756
9244,0.024063526
9245,0.027742269
9246,0.025602076
9247,0.03329477
9248,0.07364044
9249,0.06564985
9250,0.24043727
9251,0.024417812
9252,0.050752155
9253,0.039159365
9254,0.0258618
9255,0.025691072
9256,0.026078152
9257,0.041304793
9258,0.11009249
9259,0.022467503
9260,0.024873918
9261,0.06749751
9262,0.18031211
9263,0.1907684
9264,0.052236963
9265,0.043536656
9266,0.03838719
9267,0.10354378
9268,0.069067396
9269,0.01908652
9270,0.012815649
9271,0.028746145
9272,0.14911528
9273,0.024374014
9274,0.022146907
9275,0.029038196
9276,0.06708494
9277,0.08371416
9278,0.260503
9279,0.14059529
9280,0.26007143
9281,0.08015212
9282,0.051833987
9283,0.02824015
9284,0.0586886
9285,0.04839368
9286,0.11842684
9287,0.05179642
9288,0.2836015
9289,0.1276869
9290,0.027040312
9291,0.014934397
9292,0.1264255
9293,0.056231976
9294,0.053323507
9295,0.021716703
9296,0.008910264
9297,0.054193154
9298,0.0035792813
9299,0.016698573
9300,0.01905169
9301,0.083185606
9302,0.045769136
9303,0.08888962
9304,0.0801135
9305,0.13773759
9306,0.2533625
9307,0.40740362
9308,0.08449378
9309,0.03486336
9310,0.10763356
9311,0.021844294
9312,0.043178
9313,0.025204077
9314,0.08805462
9315,0.06396481
9316,0.131661
9317,0.047280412
9318,0.115515925
9319,0.04262244
9320,0.06293777
9321,0.038526423
9322,0.01965468
9323,0.022438675
9324,0.11948623
9325,0.031572204
9326,0.06092445
9327,0.009126707
9328,0.022894029
9329,0.035423744
9330,0.06159309
9331,0.08994916
9332,0.25171983
9333,0.12753592
9334,0.19324021
9335,0.14975339
9336,0.15207523
9337,0.022727419
9338,0.11590221
9339,0.013855141
9340,0.059696723
9341,0.047815952
9342,0.09488642
9343,0.039076466
9344,0.029031344
9345,0.054614108
9346,0.041948345
9347,0.05837398
9348,0.08779357
9349,0.03340351
9350,0.058765743
9351,0.02547242
9352,0.030031905
9353,0.00984646
9354,0.070559196
9355,0.010457644
9356,0.036450293
9357,0.075708814
9358,0.067364715
9359,0.16803728
9360,0.48581207
9361,0.13257521
9362,0.1416069
9363,0.08447654
9364,0.096709184
9365,0.09312578
9366,0.092121
9367,0.06465173
9368,0.010139618
9369,0.025739143
9370,0.28262186
9371,0.07137292
9372,0.08937117
9373,0.065437466
9374,0.083939575
9375,0.020144282
9376,0.028468167
9377,0.019704562
9378,0.04249252
9379,0.16534837
9380,0.07820969
9381,0.0529888
9382,0.14838743
9383,0.62611014
9384,0.12464948
9385,0.025468307
9386,0.2599036
9387,0.07678463
9388,0.26548803
9389,0.2636716
9390,0.07627612
9391,0.020307578
9392,0.056040253
9393,0.11528831
9394,0.1633046
9395,0.05011091
9396,0.25603625
9397,0.09805829
9398,0.079602465
9399,0.0145497555
9400,0.017395586
9401,0.056960933
9402,0.07693119
9403,0.01604633
9404,0.1550142
9405,0.1712577
9406,0.1584487
9407,0.111706644
9408,0.047812637
9409,0.1415281
9410,0.26424456
9411,0.26169983
9412,0.06606603
9413,0.009942706
9414,0.055851504
9415,0.027113046
9416,0.014107221
9417,0.07526526
9418,0.47685787
9419,0.045999173
9420,0.10452811
9421,0.35440302
9422,0.16397706
9423,0.014578951
9424,0.018925859
9425,0.0037374177
9426,0.010267726
9427,0.04639821
9428,0.06594664
9429,0.16305962
9430,0.25401032
9431,0.116984345
9432,0.1235767
9433,0.26479688
9434,0.26123342
9435,0.17574018
9436,0.269585
9437,0.3664103
9438,0.09293126
9439,0.025607867
9440,0.058956478
9441,0.106628835
9442,0.06445863
9443,0.28480402
9444,0.9006644
9445,0.007964154
9446,0.056177147
9447,0.36800316
9448,0.019393671
9449,0.05533136
9450,0.27511775
9451,0.014443804
9452,0.056462068
9453,0.091738544
9454,0.02107893
9455,0.05637979
9456,0.020612385
9457,0.29460108
9458,0.06775594
9459,0.11652917
9460,0.2699665
9461,0.1712335
9462,0.27314022
9463,0.37224853
9464,0.2740634
9465,0.031154124
9466,0.17227042
9467,0.24792883
9468,0.24094078
9469,0.85577095
9470,0.4092861
9471,0.29772744
9472,0.029999586
9473,0.13988821
9474,0.021813575
9475,0.068314135
9476,0.030491471
9477,0.025402801
9478,0.010297502
9479,0.010359956
9480,0.06906519
9481,0.012059417
9482,0.026389685
9483,0.04940282
9484,0.08620634
9485,0.13896027
9486,0.13278715
9487,0.14553191
9488,0.12497037
9489,0.15764341
9490,0.257212
9491,0.027315035
9492,0.11422663
9493,0.2618387
9494,0.02514537
9495,0.070214815
9496,0.9142237
9497,0.96037376
9498,0.5278407
9499,0.0071317498
9500,0.031882282
9501,0.021367395
9502,0.07457822
9503,0.36782697
9504,0.081698515
9505,0.01894994
9506,0.053457964
9507,0.010814449
9508,0.064653665
9509,0.08537541
9510,0.062368974
9511,0.016354006
9512,0.40619028
9513,0.034207106
9514,0.04903156
9515,0.14872433
9516,0.15202288
9517,0.07410693
9518,0.06850594
9519,0.24186137
9520,0.2344822
9521,0.4003015
9522,0.11270471
9523,0.11892414
9524,0.92968273
9525,0.9455228
9526,0.5155745
9527,0.020262564
9528,0.07430058
9529,0.029921528
9530,0.011938985
9531,0.2864766
9532,0.09796271
9533,0.26097792
9534,0.04402341
9535,0.07579398
9536,0.021270838
9537,0.08850522
9538,0.12668332
9539,0.16244423
9540,0.15524971
9541,0.48558217
9542,0.293845
9543,0.1760415
9544,0.18309803
9545,0.12599367
9546,0.089607276
9547,0.1538399
9548,0.0524488
9549,0.03842545
9550,0.025702326
9551,0.13982867
9552,0.24530138
9553,0.071284816
9554,0.116329975
9555,0.029176971
9556,0.87101966
9557,1.0638542
9558,0.99163854
9559,0.1168561
9560,0.05479728
9561,0.25395098
9562,0.015351635
9563,0.28666314
9564,0.028552616
9565,0.005639695
9566,0.022720154
9567,0.022437165
9568,0.051901776
9569,0.12498514
9570,0.0661296
9571,0.41200903
9572,0.73913056
9573,0.10767427
9574,0.15388778
9575,0.13602345
9576,0.20258717
9577,0.10884326
9578,0.38356692
9579,0.11639241
9580,0.04321774
9581,0.10517974
9582,0.120819084
9583,0.11925913
9584,0.05920004
9585,0.028315816
9586,0.43603876
9587,0.42075005
9588,0.26785934
9589,0.089413315
9590,0.033056527
9591,0.13396525
9592,0.0818951
9593,0.27908283
9594,0.033840477
9595,0.051639613
9596,0.054726936
9597,0.020550083
9598,0.029472852
9599,0.058743816
9600,0.05983745
9601,0.41531104
9602,0.7584614
9603,0.41875973
9604,0.2865062
9605,0.16339932
9606,0.206896
9607,0.25804576
9608,0.49706137
9609,0.07488373
9610,0.031974103
9611,0.04368282
9612,0.033557497
9613,0.24809682
9614,0.15808722
9615,0.1190361
9616,0.29420453
9617,0.20934267
9618,0.26590025
9619,1.0616276
9620,0.14109908
9621,0.25581074
9622,0.25719246
9623,0.027565036
9624,0.06748709
9625,0.38214567
9626,0.07609191
9627,0.052548695
9628,0.05248419
9629,0.06289151
9630,0.26826054
9631,0.43066773
9632,0.28821105
9633,0.52855635
9634,0.42771095
9635,0.19026804
9636,0.26050797
9637,0.39904416
9638,0.017065432
9639,0.029778477
9640,0.2542182
9641,0.07831247
9642,0.061778814
9643,0.42312315
9644,0.26833588
9645,0.06788514
9646,0.5236091
9647,0.42896175
9648,0.009706683
9649,0.094382375
9650,0.13183588
9651,0.090871364
9652,0.0570935
9653,0.013815592
9654,0.01588625
9655,0.036837466
9656,0.07501315
9657,0.122579485
9658,0.13656579
9659,0.18076201
9660,0.4146319
9661,0.9692018
9662,0.45069867
9663,0.41350678
9664,0.58096534
9665,0.10228435
9666,0.020382162
9667,0.07626863
9668,0.08119221
9669,0.24635617
9670,0.26751015
9671,0.075093076
9672,0.033696122
9673,0.07442481
9674,0.2558495
9675,0.023886828
9676,0.009905039
9677,0.055603504
9678,0.12373752
9679,0.025134863
9680,0.020247266
9681,0.04573956
9682,0.028622156
9683,0.011537949
9684,0.04176898
9685,0.09051622
9686,0.07602106
9687,0.12157786
9688,0.27570045
9689,0.2834944
9690,0.43806493
9691,0.8442681
9692,0.68154305
9693,0.38264567
9694,0.11470805
9695,0.04638177
9696,0.019118605
9697,0.0605941
9698,0.12368528
9699,0.0185382
9700,0.039406743
9701,0.70920026
9702,0.058533266
9703,0.024893753
9704,0.21337926
9705,0.05659573
9706,0.2555733
9707,0.0571218
9708,0.022702025
9709,0.046562765
9710,0.013801171
9711,0.020923417
9712,0.03640835
9713,0.116770074
9714,0.15871634
9715,0.5273045
9716,0.39281815
9717,0.26576817
9718,1.0130655
9719,0.38139397
9720,0.4781694
9721,0.13597895
9722,0.038581688
9723,0.03920851
9724,0.056347974
9725,0.051810835
9726,0.023100145
9727,0.041630246
9728,0.07742639
9729,0.4297992
9730,0.24312608
9731,0.37111273
9732,0.0338631
9733,0.119231686
9734,0.13604563
9735,0.14344414
9736,0.16979115
9737,0.04295747
9738,0.03613967
9739,0.05772478
9740,0.18443197
9741,0.6579875
9742,0.39218518
9743,0.48706454
9744,0.26027378
9745,0.39618996
9746,0.19538783
9747,0.08720021
9748,0.04316132
9749,0.027470216
9750,0.016833922
9751,0.016435701
9752,0.048343953
9753,0.03410454
9754,0.14034857
9755,0.15678994
9756,0.08955078
9757,0.26715136
9758,0.030970225
9759,0.07605873
9760,0.011741561
9761,0.27190173
9762,0.046630953
9763,0.014461473
9764,0.015404579
9765,0.16038623
9766,0.1735338
9767,0.049715567
9768,0.019474398
9769,0.26619375
9770,0.2697541
9771,0.096805304
9772,0.099392824
9773,0.09743191
9774,0.08842831
9775,0.04632707
9776,0.13394171
9777,0.1312372
9778,0.05313667
9779,0.014227892
9780,0.25178656
9781,0.01622427
9782,0.01558237
9783,0.018993063
9784,0.10555955
9785,0.043448832
9786,0.04235677
9787,0.1573545
9788,0.055245504
9789,0.069223225
9790,0.020299463
9791,0.06353054
9792,0.26783773
9793,0.37710872
9794,0.42422384
9795,0.076222785
9796,-0.0001559631
9797,0.017355528
9798,0.019975444
9799,0.025817685
9800,0.061282016
9801,0.018361436
9802,0.07617867
9803,0.14217521
9804,0.019068703
9805,0.037685808
9806,0.018551284
9807,0.03682845
9808,0.02328114
9809,0.016297195
9810,0.030817416
9811,0.09687314
9812,0.12900719
9813,0.37487105
9814,0.027312284
9815,0.029821686
9816,0.0522882
9817,0.09616438
9818,0.122891754
9819,0.26663953
9820,0.08120332
9821,0.003411985
9822,0.22053896
9823,0.038614184
9824,0.08480518
9825,0.13114944
9826,0.064053975
9827,0.018315107
9828,0.022017952
9829,0.013409387
9830,0.19071762
9831,0.01442715
9832,0.032116167
9833,0.16514315
9834,0.0917188
9835,0.060784616
9836,0.028802793
9837,0.04444094
9838,0.083763495
9839,0.3702941
9840,0.027916273
9841,-0.0044935755
9842,0.028239954
9843,0.045135237
9844,0.070337534
9845,0.25368178
9846,0.07433392
9847,0.2639745
9848,0.10940367
9849,0.03335548
9850,0.05578436
9851,0.052771874
9852,0.03197353
9853,0.26017845
9854,0.01751349
9855,0.11266528
9856,0.021950485
9857,0.12629177
9858,0.07052006
9859,0.019724492
9860,0.020991152
9861,0.42868766
9862,0.60493326
9863,0.23473959
9864,0.06583178
9865,0.0055053337
9866,0.07912074
9867,0.0396716
9868,0.037736848
9869,0.082870245
9870,0.08668285
9871,0.084377415
9872,0.88212985
9873,0.019877609
9874,0.084450856
9875,0.09336825
9876,0.0842126
9877,0.020646993
9878,0.04482821
9879,0.14612733
9880,0.32139084
9881,0.07483504
9882,0.22163348
9883,0.026695784
9884,0.05155863
9885,0.009511699
9886,0.027240433
9887,0.102311
9888,0.033127394
9889,0.02952905
9890,0.065352805
9891,0.05134078
9892,0.014200047
9893,0.05083779
9894,0.016175127
9895,0.121678576
9896,0.043366723
9897,0.050539352
9898,0.017554162
9899,0.037421465
9900,0.09543304
9901,0.11364322
9902,0.06338668
9903,0.56713676
9904,0.0721548
9905,0.100882664
9906,0.0450876
9907,0.057250906
9908,0.057905193
9909,0.020978298
9910,0.40269697
9911,0.03601197
9912,0.00078859355
9913,-0.0010509903
9914,0.055424355
9915,0.10995702
9916,0.026331794
9917,0.016321698
9918,0.119027175
9919,0.04775185
9920,0.033918135
9921,0.053115323
9922,0.3924007
9923,0.034208834
9924,0.02407599
9925,0.019726072
9926,0.018016182
9927,0.056113485
9928,0.044516046
9929,0.01006337
9930,0.23808673
9931,0.080642305
9932,0.011102518
9933,0.016003268
9934,0.010239794
9935,0.07210199
9936,0.1407941
9937,0.10064432
9938,0.07927229
9939,0.0741311
9940,0.0329145
9941,0.05990019
9942,0.069315255
9943,0.27422813
9944,0.12674096
9945,0.013531719
9946,0.037435513
9947,0.016238125
9948,0.022180805
9949,0.01615012
9950,0.024219045
9951,0.0022789123
9952,0.0043582683
9953,0.011693085
9954,0.008223549
9955,0.029589176
9956,0.061927114
9957,0.05696923
9958,0.118715465
9959,0.01906582
9960,0.016438127
9961,0.24473153
9962,0.18750854
9963,0.013615183
9964,0.010682211
9965,0.02271859
9966,0.028663598
9967,0.01427988
9968,0.013160338
9969,0.021630326
9970,0.025332326
9971,0.009851552
9972,0.02647758
9973,0.008398822
9974,0.01383219
9975,0.013715147
9976,0.030583948
9977,0.04764798
9978,0.054835133
9979,0.018634226
9980,0.009360808
9981,0.102332994
9982,0.029958827
9983,0.055032082
9984,0.025679266
9985,0.007068494
9986,0.08870745
9987,0.018169792
9988,0.014950016
9989,0.15690717
9990,0.06332378
9991,0.0625272
9992,0.058165822
9993,0.013570864
9994,0.09924312
9995,0.02747964
9996,0.014890457
9997,0.008198121
9998,0.086026214
9999,0.066458784
10000,0.002988949
10001,0.117490314
10002,0.021574195
10003,0.036319632
10004,0.033877403
10005,0.03140071
10006,0.02981062
10007,0.013141385
10008,0.013016829
10009,0.0138285905
10010,0.035687592
10011,0.007280901
10012,0.0072896658
10013,0.061702333
10014,0.060516965
10015,0.03774975
10016,0.16123642
10017,0.023946455
10018,0.02541898
10019,0.0046528657
10020,0.013675734
10021,0.019493017
10022,0.057077233
10023,0.024020582
10024,0.009317607
10025,0.02051216
10026,0.012905481
10027,0.0051473705
10028,0.030378934
10029,0.09592292
10030,0.12487423
10031,0.09084099
10032,0.024441652
10033,0.036340646
10034,0.03344842
10035,0.22066984
10036,0.06241334
10037,0.033458818
10038,0.030632284
10039,0.039369132
10040,0.028839713
10041,0.076725915
10042,0.038007375
10043,0.026137296
10044,0.031105887
10045,0.091518275
10046,0.06184929
10047,0.0371686
10048,0.36185852
10049,0.3489887
10050,0.019629914
10051,0.018431392
10052,0.02974588
10053,0.010922326
10054,0.266902
10055,0.05547706
10056,0.27137548
10057,0.07178699
10058,0.25742427
10059,0.04199295
10060,0.01396684
10061,0.054175343
10062,0.03157709
10063,0.013923127
10064,0.101088434
10065,0.033578385
10066,0.64817023
10067,0.26034203
10068,0.036650974
10069,0.03428438
10070,0.25545123
10071,0.04175393
10072,0.005856503
10073,0.039818842
10074,0.035961393
10075,0.015946263
10076,0.03552376
10077,0.0860809
10078,0.25473034
10079,0.499045
10080,0.4872162
10081,0.051053166
10082,0.11355987
10083,0.25402015
10084,0.009653127
10085,0.016868204
10086,0.046816345
10087,0.047112297
10088,0.011759529
10089,0.070068374
10090,0.4046706
10091,0.105855756
10092,0.2561674
10093,0.45515135
10094,0.08825235
10095,0.023846403
10096,0.43588874
10097,0.04852937
10098,0.29038665
10099,0.03928388
10100,0.04496159
10101,0.030733803
10102,0.045867402
10103,0.023633927
10104,0.20584336
10105,0.08202931
10106,0.074091405
10107,0.032959778
10108,0.20412001
10109,0.28687364
10110,0.037956893
10111,0.029453691
10112,0.044622034
10113,0.04264907
10114,0.053238343
10115,0.030649653
10116,0.033571042
10117,0.035066865
10118,0.077561155
10119,0.024405872
10120,0.043013684
10121,0.14361645
10122,0.044252757
10123,0.25143877
10124,0.018367093
10125,0.041557293
10126,0.034340557
10127,0.024119353
10128,0.013493694
10129,0.015196039
10130,0.011731971
10131,0.42960757
10132,0.09559044
10133,0.056926966
10134,0.40206066
10135,0.3097245
10136,0.06397142
10137,0.043077823
10138,0.013716026
10139,0.016482934
10140,0.025805462
10141,0.007833773
10142,0.03187486
10143,0.0016232579
10144,0.010708218
10145,0.069281496
10146,0.066792615
10147,0.08232669
10148,0.25336874
10149,0.41965106
10150,0.01835269
10151,0.024550255
10152,0.043399755
10153,0.012731981
10154,0.009864363
10155,0.030995486
10156,0.027112063
10157,0.03440731
10158,0.2823078
10159,0.022181705
10160,0.037700735
10161,0.054914158
10162,0.029626934
10163,0.12323163
10164,0.48125982
10165,0.04161711
10166,0.057881642
10167,0.021283237
10168,0.02413275
10169,0.040109795
10170,0.05020281
10171,0.012020339
10172,0.02562586
10173,0.013321792
10174,0.09597121
10175,0.15813982
10176,0.08480613
10177,0.07833727
10178,0.045890342
10179,0.026526226
10180,0.033138122
10181,0.028994353
10182,0.036048427
10183,0.08528694
10184,0.06733198
10185,0.23734634
10186,0.027677052
10187,0.05525039
10188,0.04173585
10189,0.02833395
10190,0.026497645
10191,0.027704757
10192,0.04640809
10193,0.005596108
10194,0.101421565
10195,0.02339802
10196,0.06905813
10197,0.29618937
10198,0.2867408
10199,0.049312457
10200,0.04315414
10201,0.039595436
10202,0.11229623
10203,0.06888323
10204,0.014348057
10205,0.029019386
10206,0.15689233
10207,0.02695638
10208,0.02642199
10209,0.033294603
10210,0.072439745
10211,0.084694184
10212,0.26389307
10213,0.2580924
10214,0.2666339
10215,0.08197677
10216,0.05482508
10217,0.03053346
10218,0.06218794
10219,0.052544955
10220,0.119647406
10221,0.05214424
10222,0.53210926
10223,0.12696524
10224,0.02374075
10225,0.11604803
10226,0.054109123
10227,0.05062613
10228,0.007969345
10229,0.057677895
10230,0.018803619
10231,0.0074621094
10232,0.01958551
10233,0.02102228
10234,0.08815588
10235,0.04722392
10236,0.09127619
10237,0.08081864
10238,0.14231747
10239,0.39725593
10240,0.40024135
10241,0.08961647
10242,0.037468024
10243,0.10874385
10244,0.021803588
10245,0.04551309
10246,0.0071042744
10247,0.0070950887
10248,0.09066848
10249,0.057231553
10250,0.1278983
10251,0.046443194
10252,0.11489594
10253,0.04067379
10254,0.06123314
10255,0.036282346
10256,0.018236816
10257,0.022411251
10258,0.12313016
10259,0.006961148
10260,0.03009058
10261,0.060749564
10262,0.0044866945
10263,0.011675241
10264,0.03963917
10265,0.06489278
10266,0.090963356
10267,0.15781622
10268,0.1333399
10269,0.19664156
10270,0.15688278
10271,0.16004984
10272,0.02446873
10273,0.11575979
10274,0.015136886
10275,0.061836936
10276,0.009515744
10277,0.047188777
10278,0.09651876
10279,0.039095894
10280,0.027341343
10281,0.05432219
10282,0.04168639
10283,0.014032169
10284,0.055259418
10285,0.08290228
10286,0.033035368
10287,0.056135368
10288,0.0037234225
10289,0.021099856
10290,0.03166006
10291,0.08342107
10292,0.014402634
10293,0.039688326
10294,0.09873697
10295,0.07108572
10296,0.16927435
10297,0.5159333
10298,0.13466911
10299,0.15050007
10300,0.0879827
10301,0.101060905
10302,0.09573978
10303,0.09484259
10304,0.068771526
10305,0.024549622
10306,0.3667108
10307,0.070967026
10308,0.08780483
10309,0.060889136
10310,0.07927325
10311,0.015462658
10312,0.024775378
10313,0.005561604
10314,0.021793019
10315,0.045863744
10316,0.2962202
10317,0.08146452
10318,0.057295837
10319,0.14887404
10320,0.41763282
10321,0.12638532
10322,0.027901955
10323,0.14590405
10324,0.08179742
10325,0.26764658
10326,0.27478078
10327,0.07342237
10328,0.021015953
10329,0.05362334
10330,0.11373804
10331,0.24667175
10332,0.04594891
10333,0.17263427
10334,0.090847135
10335,0.06725419
10336,0.006312217
10337,0.017665219
10338,0.021882344
10339,0.06432791
10340,0.08050445
10341,0.017057749
10342,0.15847997
10343,0.1705713
10344,0.16376206
10345,0.11346449
10346,0.051439453
10347,0.14279841
10348,0.2689277
10349,0.26457566
10350,0.06671297
10351,0.011781199
10352,0.057906356
10353,0.025739105
10354,0.0110861985
10355,0.07553448
10356,0.44544932
10357,0.045186948
10358,0.098724894
10359,0.3597119
10360,0.25851604
10361,0.0154559985
10362,0.0052098245
10363,0.050349563
10364,0.07200289
10365,0.17259306
10366,0.2670363
10367,0.121105134
10368,0.12644427
10369,0.2662142
10370,0.17723177
10371,0.17578207
10372,0.26844627
10373,0.3805467
10374,0.09516626
10375,0.010469638
10376,0.023059538
10377,0.057454944
10378,0.10659895
10379,0.06751256
10380,0.1981453
10381,0.8711633
10382,0.005237585
10383,0.05323583
10384,0.36318982
10385,0.01771557
10386,0.0535618
10387,0.26979905
10388,0.014507204
10389,0.016877467
10390,0.060523283
10391,0.09941196
10392,0.019679965
10393,0.060366526
10394,0.43387827
10395,0.06872791
10396,0.12176647
10397,0.2725261
10398,0.1699098
10399,0.2771645
10400,0.3803327
10401,0.2780354
10402,0.029507615
10403,0.4035846
10404,0.24377432
10405,0.24887803
10406,0.8398435
10407,0.3005119
10408,0.42012453
10409,0.028630478
10410,0.13591707
10411,0.018840695
10412,0.06640673
10413,0.022482088
10414,0.011286844
10415,0.0145840775
10416,0.07562079
10417,0.011104534
10418,0.025155243
10419,0.054007825
10420,0.088894054
10421,0.14072585
10422,0.13982977
10423,0.14528605
10424,0.124686256
10425,0.24961114
10426,0.1181411
10427,0.03051291
10428,0.109998755
10429,0.26317477
10430,0.02371834
10431,0.06866487
10432,0.93615955
10433,0.85315156
10434,0.57021886
10435,0.0062902565
10436,0.026521096
10437,0.019076355
10438,0.07756563
10439,0.37926576
10440,0.08597378
10441,0.05235025
10442,0.012252277
10443,0.06846334
10444,0.090565935
10445,0.067827076
10446,0.017717067
10447,0.41163456
10448,0.0351809
10449,0.049084913
10450,0.14825366
10451,0.154815
10452,0.07569091
10453,0.07367124
10454,0.24357325
10455,0.24474585
10456,0.0073726396
10457,0.028259864
10458,0.3956458
10459,0.11139456
10460,0.114123076
10461,0.9483842
10462,0.8379078
10463,0.5556889
10464,0.017784227
10465,0.073540896
10466,0.029243335
10467,0.17551392
10468,0.0884818
10469,0.25835192
10470,0.04548668
10471,0.08406519
10472,0.023484899
10473,0.10267429
10474,0.13527505
10475,0.1644931
10476,0.16188748
10477,0.5011728
10478,0.45800525
10479,0.28071946
10480,0.18849705
10481,0.1296222
10482,0.09069693
10483,0.1520128
10484,0.055455953
10485,0.039887026
10486,0.14031017
10487,0.24637805
10488,0.07186819
10489,0.11509802
10490,0.028014388
10491,0.8905373
10492,1.0205271
10493,0.974881
10494,0.13141823
10495,0.055625748
10496,0.24526854
10497,0.28501317
10498,0.028870221
10499,0.025676612
10500,0.024260404
10501,0.05530326
10502,0.12869321
10503,0.06977593
10504,0.44923514
10505,0.8082625
10506,0.10846958
10507,0.15638018
10508,0.14046606
10509,0.19687058
10510,0.10779288
10511,0.40398782
10512,0.12162955
10513,0.04721645
10514,0.10473621
10515,0.12264152
10516,0.12000999
10517,0.058669154
10518,0.027164396
10519,0.4246934
10520,0.42784148
10521,0.2598892
10522,0.08594406
10523,0.03148302
10524,0.12528504
10525,0.07789479
10526,0.3628827
10527,0.03339706
10528,0.051620312
10529,0.05843987
10530,0.027892852
10531,0.060673963
10532,0.060200714
10533,0.4421501
10534,0.7343341
10535,0.42288172
10536,0.28742757
10537,0.16613716
10538,0.27012485
10539,0.1871273
10540,0.4892065
10541,0.07744467
10542,0.030692143
10543,0.043639135
10544,0.038042992
10545,0.14720328
10546,0.16631918
10547,0.11363074
10548,0.30262282
10549,0.43106344
10550,0.25831583
10551,1.0197456
10552,0.24475962
10553,0.24829078
10554,0.25106028
10555,0.06391126
10556,0.26268178
10557,0.08156203
10558,0.05197043
10559,0.05476502
10560,0.06397016
10561,0.2842449
10562,0.42583346
10563,0.4174825
10564,0.51117456
10565,0.43880558
10566,0.186779
10567,0.2644605
10568,0.27998507
10569,0.01761015
10570,0.16113374
10571,0.07836388
10572,0.059264187
10573,0.4305418
10574,0.19573486
10575,0.06853884
10576,0.5325137
10577,0.42256606
10578,0.007322656
10579,0.089254186
10580,0.12503748
10581,0.091612816
10582,0.016344938
10583,0.03914575
10584,0.076058134
10585,0.122077435
10586,0.13547774
10587,0.282985
10588,0.4247247
10589,0.9459865
10590,0.4440036
10591,0.40878567
10592,0.6085834
10593,0.10797337
10594,0.020937685
10595,0.07554293
10596,0.08255136
10597,0.15232897
10598,0.26823583
10599,0.07597737
10600,0.033522002
10601,0.074848495
10602,0.14662881
10603,0.022252977
10604,0.051765874
10605,0.11546904
10606,0.025129344
10607,0.019578833
10608,0.047828358
10609,0.024607947
10610,0.012018787
10611,0.04442859
10612,0.09503844
10613,0.07712948
10614,0.12214648
10615,0.42853746
10616,0.28379914
10617,0.42665687
10618,0.83887523
10619,0.6514294
10620,0.41061544
10621,0.1241134
10622,0.002670369
10623,0.021034887
10624,0.061725672
10625,0.12367085
10626,0.020160938
10627,0.015682587
10628,0.03994977
10629,0.76904917
10630,0.0571539
10631,0.021080583
10632,0.21304011
10633,0.056783512
10634,0.11386024
10635,0.0461418
10636,0.054720443
10637,0.019177873
10638,0.042882558
10639,0.015989687
10640,0.021447843
10641,0.036811836
10642,0.12203453
10643,0.15763111
10644,0.5339753
10645,0.4016566
10646,0.17753555
10647,1.0733964
10648,0.41584775
10649,0.4790442
10650,0.23603465
10651,0.039821394
10652,0.031062087
10653,0.04317199
10654,0.05450687
10655,0.054832526
10656,0.043153718
10657,0.073834546
10658,0.42172754
10659,0.10515473
10660,0.36828598
10661,0.17853785
10662,0.113480926
10663,0.13481008
10664,0.1340707
10665,0.17827697
10666,0.043488283
10667,0.03504409
10668,0.058613624
10669,0.17677438
10670,0.7097895
10671,0.43097657
10672,0.4888927
10673,0.419608
10674,0.27672234
10675,0.19386384
10676,0.09180033
10677,0.04422142
10678,0.026416209
10679,0.048640244
10680,0.035922103
10681,0.13747011
10682,0.15005705
10683,0.08758161
10684,0.36785153
10685,0.03110827
10686,0.07520086
10687,0.012870699
10688,0.26596683
10689,0.046768535
10690,0.15926304
10691,0.17841919
10692,0.050055224
10693,0.2766969
10694,0.27159736
10695,0.100268
10696,0.10323836
10697,0.02696837
10698,0.10139273
10699,0.09090265
10700,0.04659374
10701,0.13638186
10702,0.12124144
10703,0.049956717
10704,0.013121512
10705,0.2603284
10706,0.01776329
10707,0.011411757
10708,0.01869606
10709,0.10533033
10710,0.01135987
10711,0.044142146
10712,0.04405016
10713,0.16306822
10714,0.055721354
10715,0.06965756
10716,0.019665647
10717,0.06508753
10718,0.19968355
10719,0.3764436
10720,0.40417528
10721,0.07873575
10722,0.0027522668
10723,0.007139372
10724,0.020351382
10725,0.027814718
10726,0.06365389
10727,0.018166902
10728,0.07360611
10729,0.13343614
10730,0.0183058
10731,0.036172703
10732,0.018679488
10733,0.035214268
10734,0.023528548
10735,0.03059392
10736,0.10078031
10737,0.13119526
10738,0.37018862
10739,0.027437907
10740,0.029667897
10741,0.19957475
10742,0.098184384
10743,0.122948796
10744,0.35565007
10745,0.08131577
10746,0.00466196
10747,0.11452549
10748,0.040036146
10749,0.018685248
10750,0.08165769
10751,0.12465734
10752,0.061068308
10753,0.01462573
10754,0.014985636
10755,0.020758528
10756,0.011113945
10757,0.19570814
10758,0.013973073
10759,0.03305602
10760,0.16570486
10761,0.09369833
10762,0.060753834
10763,0.030455772
10764,0.04424961
10765,0.08778288
10766,0.30079332
10767,0.02796559
10768,-0.0051153605
10769,0.019154962
10770,0.028768653
10771,0.04429729
10772,0.06965769
10773,0.25389802
10774,0.072801046
10775,0.26239902
10776,0.101529725
10777,0.031663045
10778,0.051517796
10779,0.05215533
10780,0.029128999
10781,0.36860687
10782,0.10271751
10783,0.02099076
10784,0.1258866
10785,0.071440205
10786,0.018994939
10787,0.02384059
10788,0.4185248
10789,0.5837474
10790,0.24339896
10791,0.0629897
10792,0.07233781
10793,0.043179266
10794,0.0382125
10795,0.08152011
10796,0.08193692
10797,0.0819918
10798,0.9029871
10799,0.021445902
10800,0.08218303
10801,0.08893705
10802,0.08066201
10803,0.017756179
10804,0.044034906
10805,0.13951975
10806,0.41311008
10807,0.07803327
10808,0.1294485
10809,0.023414286
10810,0.050866418
10811,0.026396412
10812,0.10715413
10813,0.033339117
10814,0.03140395
10815,0.066912875
10816,0.0509422
10817,0.049853366
10818,0.015726527
10819,0.122207925
10820,0.040727112
10821,0.04843783
10822,0.018975351
10823,0.03665218
10824,0.08807308
10825,0.10828205
10826,0.024881177
10827,0.02600049
10828,0.058249317
10829,0.595741
10830,0.06930366
10831,0.09951832
10832,0.042147536
10833,0.037274096
10834,0.057665665
10835,0.058479182
10836,0.015739843
10837,0.021849299
10838,0.3962735
10839,0.033964172
10840,-0.0016058313
10841,0.0560763
10842,0.106470816
10843,0.11680803
10844,0.045886412
10845,0.029108832
10846,0.04986387
10847,0.3505807
10848,0.030897358
10849,0.019558731
10850,0.01723412
10851,0.05659957
10852,0.04427615
10853,0.010649546
10854,0.14201666
10855,0.08060827
10856,0.002019036
10857,0.011763727
10858,0.073375486
10859,0.13944653
10860,0.10215477
10861,0.08185005
10862,0.0723561
10863,0.031186176
10864,0.057326198
10865,0.06648394
10866,0.18815783
10867,0.13226956
10868,0.007767916
10869,0.0138921095
10870,0.016181253
10871,0.015954804
10872,0.021294015
10873,0.016167112
10874,0.025618417
10875,0.0023009477
10876,0.0044314605
10877,0.010103489
10878,0.011390217
10879,0.008696005
10880,0.029427735
10881,0.06360658
10882,0.05663087
10883,0.11623269
10884,0.010327737
10885,0.016759789
10886,0.1329269
10887,0.24837492
10888,0.021364894
10889,0.011342654
10890,0.029130314
10891,0.0150591275
10892,0.013713099
10893,0.021215871
10894,0.025712244
10895,0.011627965
10896,0.011970342
10897,0.02603064
10898,0.009155462
10899,0.013210243
10900,0.013019713
10901,0.07093435
10902,0.029222628
10903,0.04357783
10904,0.052139185
10905,0.008115995
10906,0.11316928
10907,0.031586338
10908,0.05566133
10909,0.010521414
10910,0.008004896
10911,0.028272683
10912,0.008581015
10913,0.08976404
10914,0.018233353
10915,0.008179739
10916,0.011909592
10917,0.015120194
10918,0.012619432
10919,0.25977477
10920,0.06023467
10921,0.062467262
10922,0.058793332
10923,0.012564535
10924,0.0028500217
10925,0.004931044
10926,0.10013571
10927,0.026292332
10928,0.014397809
10929,0.09087868
10930,0.011303906
10931,0.07180422
10932,0.0029271408
10933,0.2347384
10934,0.022375368
10935,0.03526895
10936,0.029469952
10937,0.026536947
10938,0.008685301
10939,0.013497137
10940,0.014955453
10941,0.010362443
10942,0.014609553
10943,0.037907653
10944,0.0070786634
10945,0.06458702
10946,0.064555354
10947,0.036232967
10948,0.2515748
10949,0.021327479
10950,0.024525743
10951,0.0056613814
10952,0.013383672
10953,0.020587692
10954,0.056989893
10955,0.023518464
10956,0.020072956
10957,0.012258085
10958,0.0054222867
10959,0.0077209114
10960,0.015562388
10961,0.031529587
10962,0.09923579
10963,0.11871511
10964,0.08879118
10965,0.018558107
10966,0.049917664
10967,0.03908408
10968,0.055227786
10969,0.02849988
10970,0.030087858
10971,0.027140923
10972,0.085484035
10973,0.03970177
10974,0.08007392
10975,0.046356495
10976,0.031411357
10977,0.021702489
10978,0.09861361
10979,0.06190106
10980,0.044294592
10981,0.26576757
10982,0.34769508
10983,0.01752372
10984,0.03448188
10985,0.009917869
10986,0.26866907
10987,0.05662424
10988,0.1980617
10989,0.073296666
10990,0.124297194
10991,0.044157278
10992,0.0217669
10993,0.014904339
10994,0.029864667
10995,0.118470564
10996,0.034646574
10997,0.62781024
10998,0.2534896
10999,0.037731353
11000,0.24861418
11001,0.03985358
11002,0.027471203
11003,0.02334178
11004,0.04234195
11005,0.032772463
11006,0.01555239
11007,0.011735187
11008,0.037131898
11009,0.09053492
11010,0.13702838
11011,0.4772732
11012,0.4269858
11013,0.041059162
11014,0.05145088
11015,0.022680363
11016,0.23207483
11017,0.14839862
11018,0.009686457
11019,0.045984175
11020,0.03480034
11021,0.041275732
11022,0.06521975
11023,0.4065601
11024,0.10761854
11025,0.24888483
11026,0.48855218
11027,0.09391727
11028,0.4364097
11029,0.045720585
11030,0.5168401
11031,0.036668345
11032,0.040836442
11033,0.03348519
11034,0.043226317
11035,0.026992366
11036,0.07908267
11037,0.0852802
11038,0.07514867
11039,0.0507615
11040,0.28908876
11041,0.036466308
11042,0.03033954
11043,0.047204107
11044,0.058570765
11045,0.026908685
11046,0.033134144
11047,0.003907364
11048,0.039484248
11049,0.07784423
11050,0.02793441
11051,0.047146574
11052,0.2524981
11053,0.15270744
11054,0.016602477
11055,0.0406699
11056,0.076018885
11057,0.03408338
11058,0.025466127
11059,0.013936731
11060,0.44332546
11061,0.09746431
11062,0.063435465
11063,0.27490264
11064,0.4573768
11065,0.05835117
11066,0.043355316
11067,0.016208986
11068,0.021511845
11069,0.0045365947
11070,0.032558873
11071,0.00924916
11072,0.06788692
11073,0.06387092
11074,0.08462698
11075,0.15427658
11076,0.42143157
11077,0.0024965634
11078,0.1858519
11079,0.047167107
11080,0.012343528
11081,0.009227475
11082,0.028183
11083,0.027231568
11084,0.031539418
11085,0.2644724
11086,0.021265093
11087,0.0371112
11088,0.008244731
11089,0.011273861
11090,0.043665774
11091,0.028248647
11092,0.12849008
11093,0.47997528
11094,0.041112985
11095,0.05707708
11096,0.019455314
11097,0.025182784
11098,0.03721055
11099,0.04812961
11100,0.011249921
11101,0.015830545
11102,0.025993694
11103,0.013449166
11104,0.09936077
11105,0.16189781
11106,0.08100829
11107,0.08548942
11108,0.04328454
11109,0.0260277
11110,0.029618796
11111,0.028931841
11112,0.0379695
11113,0.087160915
11114,0.068540804
11115,0.10965201
11116,0.026193032
11117,0.049435504
11118,0.040651627
11119,0.02764743
11120,0.027505774
11121,0.04484998
11122,0.022659011
11123,0.0682512
11124,0.1895723
11125,0.27813232
11126,0.04826511
11127,0.039783966
11128,0.03493025
11129,0.098973356
11130,0.06871951
11131,0.013496208
11132,0.053274065
11133,0.027532212
11134,0.23432565
11135,0.027128339
11136,0.026127456
11137,0.032973003
11138,0.07431215
11139,0.0836045
11140,0.26333928
11141,0.25650138
11142,0.26316756
11143,0.07927649
11144,0.055369724
11145,0.031405307
11146,0.06176653
11147,0.049617004
11148,0.007927292
11149,0.12503794
11150,0.051103354
11151,0.5325609
11152,0.121624425
11153,0.024484837
11154,0.012762551
11155,0.12184805
11156,0.054265853
11157,0.050139375
11158,0.020932538
11159,0.008566569
11160,0.056992322
11161,0.005541916
11162,0.018653126
11163,0.021002317
11164,0.08851678
11165,0.050308816
11166,0.09054452
11167,0.078773886
11168,0.14373694
11169,0.26018465
11170,0.42772052
11171,0.087684706
11172,0.03487174
11173,0.10592229
11174,0.020888917
11175,0.04539343
11176,0.007982321
11177,0.008713102
11178,0.08723525
11179,0.06200789
11180,0.12932332
11181,0.046489347
11182,0.11813069
11183,0.041569866
11184,0.06020525
11185,0.034316685
11186,0.022105662
11187,0.12833416
11188,0.006843704
11189,0.029217048
11190,0.06325315
11191,0.012771801
11192,0.024069756
11193,0.040314578
11194,0.06448466
11195,0.08983547
11196,0.16074455
11197,0.12777248
11198,0.2654977
11199,0.156199
11200,0.15951912
11201,0.024865724
11202,0.11935838
11203,0.015089781
11204,0.061269484
11205,0.009265774
11206,0.04716495
11207,0.090263955
11208,0.03570931
11209,0.024541559
11210,0.05160624
11211,0.039637495
11212,0.055531085
11213,0.085247785
11214,0.032690298
11215,0.055627957
11216,0.020751556
11217,0.03100662
11218,0.083180994
11219,0.014521312
11220,0.040114462
11221,0.10211866
11222,0.07357601
11223,0.17262283
11224,0.33094546
11225,0.13483185
11226,0.14662163
11227,0.08299983
11228,0.10053812
11229,0.09613389
11230,0.09634253
11231,0.06717385
11232,0.008469175
11233,0.010148984
11234,0.023605954
11235,0.35201395
11236,0.06969964
11237,0.088017814
11238,0.06400423
11239,0.08042167
11240,0.016746797
11241,0.02392785
11242,0.023214772
11243,0.04598648
11244,0.30098146
11245,0.08053472
11246,0.056588642
11247,0.15215118
11248,0.5944036
11249,0.12694763
11250,0.026743215
11251,0.25547662
11252,0.08117437
11253,0.2575451
11254,0.26669493
11255,0.076458395
11256,0.021795888
11257,0.05509042
11258,0.060287833
11259,0.11239167
11260,0.16474436
11261,0.047743957
11262,0.17602627
11263,0.090793185
11264,0.07026321
11265,0.010488026
11266,0.0056083105
11267,0.018547496
11268,0.021140335
11269,0.06564585
11270,0.08233521
11271,0.017608771
11272,0.15803127
11273,0.17527954
11274,0.16529112
11275,0.11662265
11276,0.052131787
11277,0.14219277
11278,0.26424658
11279,0.25877258
11280,0.068185575
11281,0.008702818
11282,0.05465129
11283,0.023741873
11284,0.074318446
11285,0.46898896
11286,0.04453376
11287,0.10824897
11288,0.37572065
11289,0.2525523
11290,0.010661647
11291,0.050254226
11292,0.06977876
11293,0.17453836
11294,0.2636268
11295,0.025256284
11296,0.12114005
11297,0.13119492
11298,0.18591417
11299,0.17667028
11300,0.17898315
11301,0.2181907
11302,0.37545776
11303,0.097188324
11304,0.0577043
11305,0.103530526
11306,0.06772286
11307,0.277318
11308,0.883393
11309,0.0049192635
11310,0.05166215
11311,0.37859067
11312,0.016235633
11313,0.050729696
11314,0.27336177
11315,0.015967518
11316,0.060807813
11317,0.100510255
11318,0.024703413
11319,0.056804422
11320,0.01746125
11321,0.42181012
11322,0.06764276
11323,0.12038521
11324,0.26904702
11325,0.16837382
11326,0.27744812
11327,0.38127244
11328,0.27552795
11329,0.03035675
11330,0.17183076
11331,0.2528205
11332,0.25079307
11333,0.8888845
11334,0.30796173
11335,0.41920313
11336,0.027570989
11337,0.13714504
11338,0.067341454
11339,0.027038945
11340,0.02266639
11341,0.0055805612
11342,0.0126940785
11343,0.075348414
11344,0.012348427
11345,0.026824677
11346,0.05351714
11347,0.08910465
11348,0.13918291
11349,0.13531421
11350,0.14861396
11351,0.12794669
11352,0.1552906
11353,0.26251465
11354,0.029073434
11355,0.11559813
11356,0.2654002
11357,0.021605425
11358,0.0700586
11359,0.8879644
11360,0.9126882
11361,0.55189645
11362,0.006541692
11363,0.028015915
11364,0.08160046
11365,0.37314612
11366,0.08195849
11367,0.050493624
11368,0.06760029
11369,0.091639966
11370,0.06846564
11371,0.017834542
11372,0.392594
11373,0.034155753
11374,0.04924183
11375,0.1550967
11376,0.15503623
11377,0.07684418
11378,0.07307234
11379,0.24286327
11380,0.24886774
11381,0.029025543
11382,0.13519336
11383,0.1158758
11384,0.11654557
11385,0.9577697
11386,0.83039004
11387,0.56792396
11388,0.018223267
11389,0.072397076
11390,0.028067363
11391,0.27802673
11392,0.09421566
11393,0.26539248
11394,0.042157646
11395,0.08152301
11396,0.023676682
11397,0.102858864
11398,0.13287099
11399,0.1634506
11400,0.16893221
11401,0.47694635
11402,0.46023607
11403,0.27391654
11404,0.18647987
11405,0.12775397
11406,0.09078087
11407,0.14903684
11408,0.054505844
11409,0.0382263
11410,0.026067087
11411,0.13715002
11412,0.14383592
11413,0.07198079
11414,0.11618687
11415,0.029807411
11416,0.9266456
11417,1.0185987
11418,0.9729765
11419,0.13331293
11420,0.05467022
11421,0.24803603
11422,0.28821757
11423,0.026950411
11424,0.024024334
11425,0.02452029
11426,0.054900967
11427,0.13138749
11428,0.07073665
11429,0.4275494
11430,0.8580996
11431,0.1097987
11432,0.15998773
11433,0.13872004
11434,0.1954151
11435,0.10663752
11436,0.40471494
11437,0.11771307
11438,0.04552013
11439,0.10516503
11440,0.12211736
11441,0.115836285
11442,0.058015898
11443,0.027328461
11444,0.29954463
11445,0.43469885
11446,0.17182885
11447,0.08661479
11448,0.030854996
11449,0.12682638
11450,0.08182727
11451,0.27799928
11452,0.030851547
11453,0.047869127
11454,0.055665117
11455,0.021769995
11456,0.029165946
11457,0.060927972
11458,0.061555967
11459,0.421477
11460,0.7543016
11461,0.42791846
11462,0.21643093
11463,0.16971156
11464,0.2073327
11465,0.18928556
11466,0.50035655
11467,0.07480481
11468,0.0314496
11469,0.045001205
11470,0.03514047
11471,0.14720383
11472,0.16437961
11473,0.118926816
11474,0.4286294
11475,0.41202438
11476,0.2570002
11477,1.0257604
11478,0.25245547
11479,0.021548605
11480,0.14256793
11481,0.17468001
11482,0.025901873
11483,0.06600444
11484,0.1618973
11485,0.0833032
11486,0.053733557
11487,0.05338841
11488,0.06454028
11489,0.18592477
11490,0.42152625
11491,0.42305925
11492,0.52372414
11493,0.42795524
11494,0.18801163
11495,0.25822315
11496,0.27431315
11497,0.017570803
11498,0.029656999
11499,0.17086013
11500,0.08299641
11501,0.41437048
11502,0.20505401
11503,0.067112
11504,0.5195204
11505,0.42794555
11506,0.008817643
11507,0.09144227
11508,0.12616356
11509,0.09046808
11510,0.05530916
11511,0.017714946
11512,0.037453745
11513,0.07676662
11514,0.12618878
11515,0.13709174
11516,0.2854514
11517,0.44371396
11518,0.94083303
11519,0.4332963
11520,0.40172258
11521,0.6140811
11522,0.106347635
11523,0.07722225
11524,0.08119304
11525,0.15151861
11526,0.19705465
11527,0.07519973
11528,0.033735085
11529,0.07086824
11530,0.14732407
11531,0.022930345
11532,0.009603846
11533,0.054844994
11534,0.1192526
11535,0.023303837
11536,0.046302408
11537,0.015616934
11538,0.043268424
11539,0.09699113
11540,0.07844407
11541,0.1253882
11542,0.27797177
11543,0.28240743
11544,0.4360669
11545,0.85609317
11546,0.66059124
11547,0.40205163
11548,0.12559707
11549,0.019730417
11550,0.05487877
11551,0.12694708
11552,0.020399254
11553,0.0108984085
11554,0.03697585
11555,0.77635
11556,0.058511194
11557,0.020507347
11558,0.06939814
11559,0.05972322
11560,0.11721772
11561,0.044187278
11562,0.057177294
11563,0.016601684
11564,0.021550221
11565,0.03820076
11566,0.12166127
11567,0.1573355
11568,0.5020802
11569,0.39936826
11570,0.17838784
11571,1.071888
11572,0.40586218
11573,0.5199186
11574,0.13999401
11575,0.038043045
11576,0.03115757
11577,0.043028466
11578,0.056042064
11579,0.054292712
11580,0.043377344
11581,0.07541657
11582,0.43307513
11583,0.23953368
11584,0.36576477
11585,0.031798296
11586,0.11246777
11587,0.13265513
11588,0.13956213
11589,0.24409373
11590,0.044740908
11591,0.03774959
11592,0.014018073
11593,0.059175156
11594,0.1855836
11595,0.7074429
11596,0.40587074
11597,0.48209202
11598,0.26830697
11599,0.38856623
11600,0.19457301
11601,0.09026491
11602,0.043953657
11603,0.02605069
11604,0.018031036
11605,0.04846119
11606,0.03462573
11607,0.14053199
11608,0.15850691
11609,0.08989492
11610,0.19626078
11611,0.03214352
11612,0.07543168
11613,0.26965043
11614,0.044461537
11615,0.014537062
11616,0.16467603
11617,0.26271227
11618,0.05167154
11619,0.2668725
11620,0.19630286
11621,0.10100355
11622,0.105625965
11623,0.10365713
11624,0.08953327
11625,0.04649582
11626,0.1375784
11627,0.12821202
11628,0.05041113
11629,0.014021103
11630,0.24858621
11631,0.0126987565
11632,0.01892981
11633,0.105553135
11634,0.04465541
11635,0.16686144
11636,0.05580072
11637,0.06871073
11638,0.06520315
11639,0.20001225
11640,0.36853698
11641,0.4336091
11642,0.078419425
11643,0.0023738865
11644,0.01917717
11645,0.027369132
11646,0.062179092
11647,0.019810256
11648,0.07268358
11649,0.14265035
11650,0.037307695
11651,0.017928453
11652,0.033224203
11653,0.021640053
11654,0.012330897
11655,0.030692652
11656,0.09466973
11657,0.12938686
11658,0.37906837
11659,0.026964761
11660,0.02895689
11661,0.05438719
11662,0.09893435
11663,0.12583537
11664,0.3298319
11665,0.08050831
11666,0.0014612416
11667,0.12020875
11668,0.011570533
11669,0.037342783
11670,0.083897606
11671,0.13267422
11672,0.061378796
11673,0.014093877
11674,0.012627277
11675,0.019164946
11676,0.011383958
11677,0.1967347
11678,0.013291006
11679,0.032369297
11680,0.16564205
11681,0.092502825
11682,0.06389668
11683,0.029773643
11684,0.043775335
11685,0.087240115
11686,0.37965524
11687,0.027859744
11688,-0.00413283
11689,0.005214666
11690,0.019183328
11691,0.02791674
11692,0.044827648
11693,0.06893869
11694,0.25743178
11695,0.07297731
11696,0.26294163
11697,0.10174077
11698,0.02989167
11699,0.015970899
11700,0.052134793
11701,0.05287777
11702,0.031172417
11703,0.3671274
11704,0.102836855
11705,0.020983411
11706,0.12360648
11707,0.072178416
11708,0.017411405
11709,0.019122804
11710,0.4198521
11711,0.60495555
11712,0.13500084
11713,0.06321418
11714,0.070843615
11715,0.040159993
11716,0.039456137
11717,0.08530449
11718,0.079046935
11719,0.08486966
11720,0.84302145
11721,0.079323485
11722,0.08655407
11723,0.080839254
11724,0.01948942
11725,0.044051792
11726,0.14553954
11727,0.4074558
11728,0.07896292
11729,0.13375029
11730,0.023078404
11731,0.04686256
11732,0.025222251
11733,0.10839091
11734,0.032077275
11735,0.02956824
11736,0.008030232
11737,0.06406968
11738,0.052481487
11739,0.019654755
11740,0.01271931
11741,0.050456174
11742,0.12344757
11743,0.04859851
11744,0.018189043
11745,0.034917653
11746,0.08860345
11747,0.11304817
11748,0.023264235
11749,0.057439115
11750,0.593123
11751,0.07046312
11752,0.100914165
11753,0.005482066
11754,0.042434137
11755,0.036208495
11756,0.05765425
11757,0.058553576
11758,0.016809884
11759,0.021651063
11760,0.29810798
11761,0.034809794
11762,0.053986747
11763,0.11009492
11764,0.025501674
11765,0.2451404
11766,0.047039393
11767,0.029098371
11768,0.049843483
11769,0.3510126
11770,0.029305764
11771,0.022063619
11772,0.0011913477
11773,0.020161718
11774,0.016805599
11775,0.05720338
11776,0.009871898
11777,0.043249663
11778,0.1483303
11779,0.08004941
11780,0.010157918
11781,0.014670276
11782,0.07053069
11783,0.13555874
11784,0.099433884
11785,0.08027977
11786,0.072758436
11787,0.03004361
11788,0.057992987
11789,0.21961232
11790,0.18073443
11791,0.13048886
11792,0.007085852
11793,0.012903348
11794,0.03861198
11795,0.016428394
11796,0.013604491
11797,0.020949027
11798,0.015802663
11799,0.0021588346
11800,0.0024334297
11801,0.009632051
11802,0.0121889
11803,0.008501174
11804,0.02805917
11805,0.058988996
11806,0.054369893
11807,0.112377904
11808,0.016094811
11809,0.12965956
11810,0.012112419
11811,0.18102007
11812,0.010924665
11813,0.019054227
11814,0.028754042
11815,0.013975653
11816,0.012652177
11817,0.021427112
11818,0.025109043
11819,0.011093784
11820,0.009553544
11821,0.025400372
11822,0.009972858
11823,0.011741892
11824,0.06828799
11825,0.029251918
11826,0.04819734
11827,0.016257992
11828,0.049982578
11829,0.015604023
11830,0.014639243
11831,0.009668057
11832,0.11437062
11833,0.03010463
11834,0.05571655
11835,0.011146587
11836,0.0086803045
11837,0.008379782
11838,0.026815647
11839,0.0078157345
11840,0.016127279
11841,0.08612018
11842,0.01869109
11843,0.2583367
11844,0.06136539
11845,0.06304651
11846,0.059068933
11847,0.0045554284
11848,0.10197876
11849,0.026421655
11850,0.0137009015
11851,0.008048314
11852,0.08976568
11853,0.009815155
11854,0.07399504
11855,0.120358616
11856,0.020499647
11857,0.031926487
11858,0.029939087
11859,0.027193058
11860,0.011474134
11861,0.013135271
11862,0.015781226
11863,0.009274718
11864,0.03722552
11865,0.007231106
11866,0.063405365
11867,0.061661106
11868,0.03518829
11869,0.0054200026
11870,0.25793386
11871,0.025666839
11872,0.012328021
11873,0.030084299
11874,0.005243878
11875,0.02010055
11876,0.05544212
11877,0.024551488
11878,0.008301415
11879,0.019621274
11880,0.0048476793
11881,0.006635784
11882,0.031184774
11883,0.09470744
11884,0.22353014
11885,0.021384776
11886,0.08491525
11887,0.02218451
11888,0.02795882
11889,0.052846476
11890,0.03846433
11891,0.05161714
11892,0.034982387
11893,0.04307305
11894,0.036512144
11895,0.035433292
11896,0.07706389
11897,0.042736355
11898,0.027763275
11899,0.018497102
11900,0.025134997
11901,0.099775836
11902,0.04670416
11903,0.05839609
11904,0.13616887
11905,0.3742762
11906,0.07162059
11907,0.033650663
11908,0.35450512
11909,0.059391763
11910,0.28321266
11911,0.073296666
11912,0.25539654
11913,0.042422377
11914,0.013458456
11915,0.029925536
11916,0.11862056
11917,0.031770885
11918,0.6310311
11919,0.25821587
11920,0.03617136
11921,0.25591502
11922,0.039453775
11923,0.022877106
11924,0.03517694
11925,0.03160474
11926,0.015407721
11927,0.011665015
11928,0.038561083
11929,0.087020144
11930,0.13299185
11931,0.4727765
11932,0.43397644
11933,0.04200176
11934,0.05033688
11935,0.02310792
11936,0.2338544
11937,0.2704223
11938,0.006255977
11939,0.020371716
11940,0.043547496
11941,0.032219913
11942,0.041966807
11943,0.064579956
11944,0.39291593
11945,0.10738651
11946,0.25596747
11947,0.46867964
11948,0.095444106
11949,0.01815771
11950,0.4750457
11951,0.04508496
11952,0.470512
11953,0.041936755
11954,0.042147577
11955,0.032669537
11956,0.044129394
11957,0.023019737
11958,0.081607915
11959,0.086630754
11960,0.026778847
11961,0.056657877
11962,0.38382235
11963,0.040346514
11964,0.03050388
11965,0.042408478
11966,0.057133432
11967,0.027794493
11968,0.032858033
11969,0.0016408532
11970,0.03826893
11971,0.07824945
11972,0.049265385
11973,0.14915235
11974,0.04437834
11975,0.2579668
11976,0.01637455
11977,0.042336147
11978,0.034811307
11979,0.024343569
11980,0.01367075
11981,0.43452805
11982,0.097545676
11983,0.065385565
11984,0.28481293
11985,0.43375245
11986,0.0033494232
11987,0.06569342
11988,0.042442236
11989,0.011678945
11990,0.018651087
11991,0.021488713
11992,0.015461288
11993,0.0057238685
11994,0.032183927
11995,0.010692914
11996,0.009426287
11997,0.06413959
11998,0.05962677
11999,0.08665361
12000,0.15766321
12001,0.42215165
12002,0.018676987
12003,0.02558021
12004,0.0421821
12005,0.010123168
12006,0.0102235265
12007,0.030314792
12008,0.025313647
12009,0.033128355
12010,0.27058166
12011,0.02171664
12012,0.03836796
12013,0.008833731
12014,0.057434555
12015,0.042507675
12016,0.12420679
12017,0.49451762
12018,0.0033136795
12019,0.038955346
12020,0.058070753
12021,0.021196583
12022,0.025169414
12023,0.040415034
12024,0.04733461
12025,0.0096491985
12026,0.025862582
12027,0.013450704
12028,0.09755213
12029,0.16358063
12030,0.08111819
12031,0.07664363
12032,0.044898637
12033,0.025805108
12034,0.02997935
12035,0.028320652
12036,0.03749124
12037,0.09108039
12038,0.06711721
12039,0.23635092
12040,0.024954265
12041,0.05100827
12042,0.0418294
12043,0.028003894
12044,0.027468663
12045,0.04413444
12046,0.020271657
12047,0.024432432
12048,0.07075921
12049,0.19369622
12050,0.28070194
12051,0.04780113
12052,0.039885797
12053,0.039734554
12054,0.10243506
12055,0.06625739
12056,0.0131690465
12057,0.052693635
12058,0.014828375
12059,0.028407175
12060,0.15722929
12061,0.027806258
12062,0.024959438
12063,0.03259621
12064,0.07225314
12065,0.08696016
12066,0.25701866
12067,0.2536861
12068,0.26870567
12069,0.08370101
12070,0.055747915
12071,0.029405415
12072,0.058668915
12073,0.05160356
12074,0.12524818
12075,0.050844457
12076,0.5127005
12077,0.1249439
12078,0.0232089
12079,0.115843624
12080,0.055474956
12081,0.051423956
12082,0.02197427
12083,0.01375295
12084,0.055355903
12085,0.005281694
12086,0.02068745
12087,0.022449708
12088,0.08797809
12089,0.04955017
12090,0.09164991
12091,0.080631934
12092,0.14076236
12093,0.2602263
12094,0.41280922
12095,0.086268485
12096,0.036521565
12097,0.11178879
12098,0.022386253
12099,0.040483415
12100,0.024301965
12101,0.008696695
12102,0.088654764
12103,0.06132445
12104,0.1292085
12105,0.04691511
12106,0.11528753
12107,0.039713364
12108,0.06097829
12109,0.036263876
12110,0.12656052
12111,0.0076011927
12112,0.030052468
12113,0.061251055
12114,0.030979289
12115,0.008961683
12116,0.01293158
12117,0.025476191
12118,0.039662316
12119,0.063629575
12120,0.09311488
12121,0.15906598
12122,0.13109004
12123,0.26476678
12124,0.25745606
12125,0.1584824
12126,0.023149991
12127,0.118243486
12128,0.016442245
12129,0.06216928
12130,0.047486838
12131,0.09302305
12132,0.03658183
12133,0.028067652
12134,0.054221585
12135,0.039892133
12136,0.013412715
12137,0.0551187
12138,0.085031666
12139,0.031584084
12140,0.055807542
12141,0.084836364
12142,0.01437154
12143,0.04115697
12144,0.096621156
12145,0.07141636
12146,0.17367962
12147,0.32379445
12148,0.13197526
12149,0.14377366
12150,0.08335324
12151,0.10208238
12152,0.091370024
12153,0.09344083
12154,0.06572796
12155,0.025459029
12156,0.37814087
12157,0.07068657
12158,0.08895281
12159,0.062490486
12160,0.079582684
12161,0.017452255
12162,0.025299894
12163,0.022082636
12164,0.045828164
12165,0.29877058
12166,0.08192749
12167,0.05526993
12168,0.15045065
12169,0.6195777
12170,0.12680869
12171,0.025694871
12172,0.25031936
12173,0.08025182
12174,0.21294469
12175,0.27060205
12176,0.07510452
12177,0.019510368
12178,0.054974794
12179,0.11562478
12180,0.16330731
12181,0.046166327
12182,0.17410487
12183,0.08208849
12184,0.06924611
12185,0.011272879
12186,0.017341947
12187,0.02205215
12188,0.06358915
12189,0.07973366
12190,0.018159913
12191,0.15858734
12192,0.17098176
12193,0.16357394
12194,0.11614563
12195,0.051175617
12196,0.14286104
12197,0.19333039
12198,0.26476353
12199,0.068906054
12200,0.056574784
12201,0.026308043
12202,0.07340989
12203,0.4554455
12204,0.04246061
12205,0.100228064
12206,0.37217826
12207,0.25859556
12208,0.009736009
12209,0.05046095
12210,0.07092531
12211,0.269272
12212,0.26288044
12213,0.12401955
12214,0.124547474
12215,0.26995066
12216,0.2661119
12217,0.1786599
12218,0.2150986
12219,0.37099707
12220,0.095015876
12221,0.058917675
12222,0.106864296
12223,0.06397169
12224,0.28474244
12225,0.89773464
12226,0.006176427
12227,0.053316202
12228,0.39521757
12229,0.017477183
12230,0.05143714
12231,0.2672224
12232,0.016675849
12233,0.060095776
12234,0.09976166
12235,0.022522382
12236,0.05920787
12237,0.018904243
12238,0.43316528
12239,0.06646065
12240,0.11934212
12241,0.2700174
12242,0.17125867
12243,0.27878535
12244,0.38194963
12245,0.27825585
12246,0.028634474
12247,0.25697076
12248,0.1164845
12249,0.25034913
12250,0.8573821
12251,0.42491582
12252,0.3028321
12253,0.028111203
12254,0.24095894
12255,0.026719078
12256,0.02276752
12257,0.007432598
12258,0.07412952
12259,0.012532557
12260,0.02479911
12261,0.053752873
12262,0.0880831
12263,0.14315756
12264,0.13432609
12265,0.14968516
12266,0.12617841
12267,0.25485426
12268,0.25974745
12269,0.030471362
12270,0.10861498
12271,0.18366052
12272,0.06880941
12273,0.89402634
12274,0.91632646
12275,0.52976125
12276,0.02770001
12277,0.017323708
12278,0.0820193
12279,0.37248096
12280,0.083113536
12281,0.05490189
12282,0.010325975
12283,0.070235744
12284,0.09020699
12285,0.06788754
12286,0.01823604
12287,0.40914688
12288,0.033454783
12289,0.05002238
12290,0.15387228
12291,0.15627673
12292,0.07769808
12293,0.074369825
12294,0.24414721
12295,0.2425308
12296,0.02821905
12297,0.24853969
12298,0.111203715
12299,0.11888096
12300,0.9563512
12301,0.85393524
12302,0.5490268
12303,0.072199985
12304,0.028447699
12305,0.008151708
12306,0.37377116
12307,0.09207693
12308,0.36723092
12309,0.045418363
12310,0.07211831
12311,0.02341621
12312,0.10063803
12313,0.13638373
12314,0.1646767
12315,0.16017407
12316,0.49108365
12317,0.45194647
12318,0.2742659
12319,0.28414845
12320,0.12777892
12321,0.090704
12322,0.15126841
12323,0.052594624
12324,0.037407797
12325,0.025390552
12326,0.13797912
12327,0.14165325
12328,0.071559146
12329,0.1157775
12330,0.029172985
12331,0.9205904
12332,1.0031673
12333,0.9653245
12334,0.13476098
12335,0.05315481
12336,0.36442038
12337,0.015453558
12338,0.2858075
12339,0.026993772
12340,0.0053151734
12341,0.025244964
12342,0.0522169
12343,0.1306678
12344,0.07024621
12345,0.44269857
12346,0.84389126
12347,0.11065457
12348,0.15762709
12349,0.1395059
12350,0.19778049
12351,0.10814812
12352,0.3964028
12353,0.11932805
12354,0.045338504
12355,0.10352267
12356,0.12270436
12357,0.11471479
12358,0.057826087
12359,0.02648225
12360,0.428301
12361,0.29277748
12362,0.26567346
12363,0.08533591
12364,0.12440414
12365,0.07892346
12366,0.27440882
12367,0.032529697
12368,0.05210053
12369,0.057624932
12370,0.028081609
12371,0.06220274
12372,0.06135372
12373,0.43186685
12374,0.75397396
12375,0.43345767
12376,0.2842207
12377,0.16814661
12378,0.26161468
12379,0.26708332
12380,0.49578536
12381,0.07523076
12382,0.030006098
12383,0.044845197
12384,0.036701854
12385,0.14740479
12386,0.16756776
12387,0.22435361
12388,0.29561114
12389,0.27609992
12390,0.2599871
12391,1.0803503
12392,0.24544743
12393,0.022735687
12394,0.24992828
12395,0.2471709
12396,0.066245936
12397,0.15122902
12398,0.08272583
12399,0.05324649
12400,0.052962992
12401,0.06285721
12402,0.27302614
12403,0.42467633
12404,0.28239048
12405,0.50888556
12406,0.30175358
12407,0.18739723
12408,0.18329999
12409,0.40105343
12410,0.016508976
12411,0.17134222
12412,0.08368595
12413,0.061306
12414,0.41990075
12415,0.27098614
12416,0.068533875
12417,0.51538277
12418,0.43705675
12419,0.09359782
12420,0.1277053
12421,0.088014096
12422,0.055185597
12423,0.013897785
12424,0.01792513
12425,0.03860988
12426,0.07651567
12427,0.12399648
12428,0.13717034
12429,0.18512993
12430,0.42114824
12431,0.934632
12432,0.4460467
12433,0.40141577
12434,0.6093556
12435,0.107686065
12436,0.074265465
12437,0.079849504
12438,0.15312906
12439,0.19802654
12440,0.07781606
12441,0.034687806
12442,0.072600015
12443,0.1465179
12444,0.005768128
12445,0.052124474
12446,0.119591266
12447,0.024347676
12448,0.04795952
12449,0.027281644
12450,0.020878948
12451,0.006392354
12452,0.012965568
12453,0.0435999
12454,0.094520316
12455,0.076124065
12456,0.12527247
12457,0.27646443
12458,0.28467765
12459,0.4473595
12460,0.83313584
12461,0.6686484
12462,0.40987203
12463,0.12594232
12464,0.047026258
12465,0.021364162
12466,0.058809776
12467,0.12381921
12468,0.02041087
12469,0.038797084
12470,0.768637
12471,0.057582855
12472,0.068912596
12473,0.05569141
12474,0.11605441
12475,0.046106555
12476,0.055043783
12477,0.019569516
12478,0.04380782
12479,0.015638469
12480,0.021780867
12481,0.04118693
12482,0.12109032
12483,0.15824975
12484,0.51991636
12485,0.39911422
12486,0.1781523
12487,1.0753038
12488,0.41565067
12489,0.47693807
12490,0.13888292
12491,0.005332973
12492,0.0408044
12493,0.029663933
12494,0.043104608
12495,0.057172365
12496,0.052307844
12497,0.043175347
12498,0.073956795
12499,0.43558392
12500,0.23990753
12501,0.34381095
12502,0.033294894
12503,0.116400085
12504,0.1347077
12505,0.13444073
12506,0.17011127
12507,0.045061823
12508,0.03783093
12509,0.013146828
12510,0.059438873
12511,0.18412913
12512,0.74200505
12513,0.2054071
12514,0.45856628
12515,0.42006308
12516,0.360532
12517,0.26888824
12518,0.08971077
12519,0.04402558
12520,0.026482003
12521,0.016327737
12522,0.0475408
12523,0.034330893
12524,0.14198036
12525,0.15373246
12526,0.08849581
12527,0.35886765
12528,0.029952731
12529,0.072350115
12530,0.37584454
12531,0.043401297
12532,0.014546711
12533,0.016683357
12534,0.015519478
12535,0.16333586
12536,0.1776562
12537,0.04953788
12538,0.27669007
12539,0.2692308
12540,0.10036669
12541,0.103995904
12542,0.02465593
12543,0.103621446
12544,0.08801285
12545,0.045927145
12546,0.13744996
12547,0.1227671
12548,0.05104749
12549,0.03438272
12550,0.012198135
12551,0.25335398
12552,0.015613407
12553,0.10762669
12554,0.041884165
12555,0.043754514
12556,0.16142602
12557,0.054295138
12558,0.0701907
12559,0.019802747
12560,0.06542909
12561,0.26421803
12562,0.3756629
12563,0.41273093
12564,0.080755025
12565,0.019707672
12566,0.026995245
12567,0.06306384
12568,0.07520841
12569,0.13904001
12570,0.035955463
12571,0.016924202
12572,0.034841456
12573,0.02378926
12574,0.012422849
12575,0.0987926
12576,0.13209341
12577,0.3696182
12578,0.026618766
12579,0.02946975
12580,0.055496395
12581,0.097643726
12582,0.12403068
12583,0.34662756
12584,0.07684231
12585,0.0046064886
12586,0.12117929
12587,0.039342664
12588,0.018106187
12589,0.08196481
12590,0.12984042
12591,0.060241193
12592,0.015396948
12593,0.0126976585
12594,0.018178815
12595,0.010991697
12596,0.201945
12597,0.013424622
12598,0.032540586
12599,0.16278201
12600,0.09390189
12601,0.063192464
12602,0.030213876
12603,0.043856706
12604,0.08863298
12605,0.36963126
12606,0.027825024
12607,-0.00413283
12608,0.020058148
12609,0.028235883
12610,0.042100202
12611,0.068587385
12612,0.17081773
12613,0.07275095
12614,0.26212892
12615,0.10224782
12616,0.032689434
12617,0.01734666
12618,0.05351414
12619,0.052188095
12620,0.027323864
12621,0.2614814
12622,0.01337891
12623,0.110527135
12624,0.020006802
12625,0.123902746
12626,0.07223636
12627,0.019925693
12628,0.022027237
12629,0.41199502
12630,0.64817965
12631,0.13281511
12632,0.06496525
12633,0.072715834
12634,0.04010386
12635,0.03566486
12636,0.22910544
12637,0.08282257
12638,0.08744257
12639,0.83938456
12640,0.019401643
12641,0.08198025
12642,0.018286895
12643,0.08895896
12644,0.079766124
12645,0.018107332
12646,0.14017756
12647,0.40987438
12648,0.075574495
12649,0.1284725
12650,0.026117552
12651,0.044935804
12652,0.009751275
12653,0.026484782
12654,0.10824891
12655,0.033200007
12656,0.0045744977
12657,0.030046234
12658,0.007602112
12659,0.064614736
12660,0.051077984
12661,0.01280412
12662,0.05003876
12663,0.015753983
12664,0.12364944
12665,0.04747743
12666,0.018248998
12667,0.03511011
12668,0.08852507
12669,0.10986948
12670,0.02436238
12671,0.060091477
12672,0.61963594
12673,0.07305799
12674,0.09638427
12675,0.042662103
12676,0.03683218
12677,0.058047485
12678,0.058218632
12679,0.016462652
12680,0.021597655
12681,0.29709756
12682,0.034845278
12683,0.0011714542
12684,-0.00017986025
12685,0.01241259
12686,0.05367581
12687,0.110994264
12688,0.014992855
12689,0.11894957
12690,0.04570922
12691,0.029294929
12692,0.04767379
12693,0.3635213
12694,0.03151316
12695,0.021389157
12696,0.019559592
12697,0.05630652
12698,0.04346176
12699,0.14093226
12700,0.08000628
12701,0.00803269
12702,0.012546728
12703,0.013533189
12704,0.07167447
12705,0.2435156
12706,0.09893057
12707,0.07861687
12708,0.07185058
12709,0.02942262
12710,0.058399595
12711,0.01988014
12712,0.21221302
12713,0.26313812
12714,0.12592685
12715,0.0077072387
12716,0.00610491
12717,0.014715378
12718,0.038464826
12719,0.016255515
12720,0.014775864
12721,0.022050828
12722,0.01582222
12723,0.024562601
12724,0.0017776691
12725,0.012237867
12726,0.008293933
12727,0.008108206
12728,0.028403716
12729,0.061312474
12730,0.055613186
12731,0.113946326
12732,0.009418383
12733,0.014940782
12734,0.0142399445
12735,0.13247748
12736,0.1762147
12737,0.012724816
12738,0.021559445
12739,0.011132391
12740,0.028241294
12741,0.01445219
12742,0.012934127
12743,0.021910673
12744,0.02338282
12745,0.011369729
12746,0.010243511
12747,0.027460106
12748,-0.001689906
12749,0.013012009
12750,0.012822588
12751,0.06922922
12752,0.029683271
12753,0.045894314
12754,0.05508631
12755,0.016207656
12756,0.015157204
12757,0.009996194
12758,0.11684951
12759,0.02953125
12760,0.055591997
12761,0.010878641
12762,0.008789127
12763,0.008347431
12764,0.02503603
12765,0.0094361305
12766,0.015692817
12767,0.085545085
12768,0.018109556
12769,0.015586875
12770,0.16229832
12771,0.06140868
12772,0.06357316
12773,0.06121502
12774,0.09855239
12775,0.025345638
12776,0.014302965
12777,0.0071296426
12778,0.09013704
12779,0.010806076
12780,0.075144745
12781,0.0036150499
12782,0.11912794
12783,0.022551332
12784,0.025929194
12785,0.032538354
12786,0.03444764
12787,0.030135214
12788,0.02585515
12789,0.013774298
12790,0.013469639
12791,0.03667925
12792,0.0058345688
12793,0.063539505
12794,0.062200673
12795,0.03818397
12796,0.17072876
12797,0.022108635
12798,0.026896676
12799,0.0031703573
12800,0.01248565
12801,0.020308433
12802,0.05619739
12803,0.025528846
12804,0.009173129
12805,0.019308835
12806,0.0109528545
12807,0.025128355
12808,0.006463241
12809,0.03140163
12810,0.093463115
12811,0.12437047
12812,0.022490531
12813,0.09105806
12814,0.034284722
12815,0.049587347
12816,0.042759895
12817,0.05369136
12818,0.02958396
12819,0.026435511
12820,0.040921476
12821,0.034280144
12822,0.03414959
12823,0.08451397
12824,0.05079102
12825,0.02607639
12826,0.08834978
12827,0.039279222
12828,0.052132446
12829,0.038577713
12830,0.37981516
12831,0.36480865
12832,0.031138994
12833,0.012958417
12834,0.2639435
12835,0.062946185
12836,0.3783172
12837,0.077675775
12838,0.12338391
12839,0.06600806
12840,0.03173445
12841,0.11553332
12842,0.03261284
12843,0.63092804
12844,0.13157547
12845,0.039607637
12846,0.2530381
12847,0.040383313
12848,0.027225377
12849,0.03779783
12850,0.031652845
12851,0.016315028
12852,0.011655625
12853,0.035837326
12854,0.090417616
12855,0.132585
12856,0.48910716
12857,0.4674351
12858,0.04232033
12859,0.023603171
12860,0.23179792
12861,0.1491202
12862,0.017253045
12863,0.043814886
12864,0.03468506
12865,0.03656539
12866,0.07117838
12867,0.39936015
12868,0.103188924
12869,0.24164659
12870,0.4570439
12871,0.09242687
12872,0.4582202
12873,0.014644419
12874,0.05141496
12875,0.30713236
12876,0.037783433
12877,0.04003939
12878,0.03256183
12879,0.043374766
12880,0.026417388
12881,0.07489815
12882,0.08465982
12883,0.06481518
12884,0.032045882
12885,0.027923085
12886,0.046639055
12887,0.29675478
12888,0.04005182
12889,0.028389256
12890,0.044493854
12891,0.044475332
12892,0.055597343
12893,0.032942705
12894,0.04307482
12895,0.07864628
12896,0.030613953
12897,0.052070063
12898,0.14283195
12899,0.046476953
12900,0.14278793
12901,0.04317028
12902,0.03447208
12903,0.024496885
12904,0.012747153
12905,0.014018584
12906,0.4646551
12907,0.10326916
12908,0.06307528
12909,0.40311414
12910,0.45063028
12911,0.06687418
12912,0.04521399
12913,0.017626867
12914,0.020904679
12915,0.014570564
12916,0.0041944436
12917,0.032064833
12918,0.08735452
12919,0.009871827
12920,0.06873623
12921,0.05974535
12922,0.08521312
12923,0.25334552
12924,0.40842545
12925,0.024448216
12926,0.04274599
12927,0.01058446
12928,0.010356639
12929,0.027724447
12930,0.033659488
12931,0.26877588
12932,0.01983848
12933,0.036463685
12934,0.010079958
12935,0.0084353965
12936,0.058440898
12937,0.12554209
12938,0.49206325
12939,0.041259106
12940,0.05948404
12941,0.020505615
12942,0.024651729
12943,0.040290024
12944,0.049513415
12945,0.010997265
12946,0.02645866
12947,0.012742122
12948,0.09629379
12949,0.16065232
12950,0.083867215
12951,0.08082962
12952,0.045705818
12953,0.024082424
12954,0.030906834
12955,0.029911546
12956,0.039461385
12957,0.08689926
12958,0.070195325
12959,0.24584712
12960,0.026414827
12961,0.051127546
12962,0.039685935
12963,0.028309995
12964,0.026149554
12965,0.027971977
12966,0.04637212
12967,0.024366476
12968,0.07219338
12969,0.19422054
12970,0.27579802
12971,0.04800615
12972,0.037939206
12973,0.03799849
12974,0.09906147
12975,0.06547733
12976,0.013314513
12977,0.053681977
12978,0.027550876
12979,0.15057229
12980,0.025950503
12981,0.025545659
12982,0.030703636
12983,0.004829957
12984,0.07016861
12985,0.08698837
12986,0.26208174
12987,0.25637817
12988,0.26546928
12989,0.08067554
12990,0.05452179
12991,0.030342229
12992,0.060973268
12993,0.05197925
12994,0.010835452
12995,0.12259565
12996,0.05437568
12997,0.5624205
12998,0.12471243
12999,0.119625494
13000,0.05417708
13001,0.05197835
13002,0.022200948
13003,0.017015615
13004,0.055308387
13005,0.021752637
13006,0.019085823
13007,0.02232214
13008,0.08965115
13009,0.048443742
13010,0.09118451
13011,0.081258476
13012,0.14184926
13013,0.2615543
13014,0.4305584
13015,0.08718656
13016,0.03645312
13017,0.106264845
13018,0.021167874
13019,0.04192885
13020,0.02512194
13021,0.007536288
13022,0.09057653
13023,0.057981655
13024,0.1291075
13025,0.046509285
13026,0.11473428
13027,0.03928045
13028,0.059936546
13029,0.03615619
13030,0.018204747
13031,0.020973561
13032,0.123610154
13033,0.0074043632
13034,0.030787457
13035,0.059719995
13036,0.03221718
13037,0.003746493
13038,0.011679542
13039,0.022684516
13040,0.0403206
13041,0.064680085
13042,0.09175384
13043,0.1570552
13044,0.13052672
13045,0.26328838
13046,0.25976545
13047,0.16043417
13048,0.024620196
13049,0.11693074
13050,0.060112417
13051,0.008792962
13052,0.04725659
13053,0.09060897
13054,0.037523314
13055,0.025852684
13056,0.052769355
13057,0.04031237
13058,0.012730074
13059,0.056194305
13060,0.08332265
13061,0.03355167
13062,0.021995747
13063,0.029807454
13064,0.08396929
13065,0.015220947
13066,0.04130256
13067,0.09939803
13068,0.07119623
13069,0.26384023
13070,0.3365679
13071,0.13371491
13072,0.14333326
13073,0.08700004
13074,0.101526015
13075,0.09677486
13076,0.095311336
13077,0.06564617
13078,0.007911731
13079,0.023816548
13080,0.36903173
13081,0.06919727
13082,0.080037706
13083,0.062490486
13084,0.0807952
13085,0.017819827
13086,0.024632303
13087,0.017375385
13088,0.022163367
13089,0.048276745
13090,0.18247852
13091,0.08143332
13092,0.057997975
13093,0.15089516
13094,0.61352754
13095,0.12650014
13096,0.02546967
13097,0.251024
13098,0.08027246
13099,0.2630595
13100,0.20110689
13101,0.076410785
13102,0.020314252
13103,0.05478555
13104,0.11616537
13105,0.16156696
13106,0.04762653
13107,0.17527282
13108,0.08911198
13109,0.06840811
13110,0.018407954
13111,0.018977592
13112,0.06505762
13113,0.081531905
13114,0.014704567
13115,0.16071466
13116,0.17354456
13117,0.16339089
13118,0.115538
13119,0.049415417
13120,0.1485571
13121,0.18890864
13122,0.2637387
13123,0.06521767
13124,0.008942065
13125,0.061184056
13126,0.024919556
13127,0.0748593
13128,0.4855692
13129,0.04231727
13130,0.105054766
13131,0.36398482
13132,0.15741587
13133,0.011071612
13134,0.04921551
13135,0.07031788
13136,0.2681875
13137,0.26503247
13138,0.12123392
13139,0.12427453
13140,0.18614934
13141,0.17815018
13142,0.1768995
13143,0.21186423
13144,0.3757759
13145,0.094942
13146,0.022806702
13147,0.058387943
13148,0.10420196
13149,0.06367644
13150,0.28154102
13151,0.8856467
13152,0.006664949
13153,0.05411448
13154,0.3632551
13155,0.018668905
13156,0.05114001
13157,0.2671113
13158,0.014372057
13159,0.060717586
13160,0.09970051
13161,0.023238068
13162,0.0615755
13163,0.019969705
13164,0.4305289
13165,0.0677356
13166,0.11994028
13167,0.27784628
13168,0.1703091
13169,0.2745137
13170,0.37362182
13171,0.37416247
13172,0.25949287
13173,0.11616432
13174,0.13848722
13175,0.8428235
13176,0.41807377
13177,0.40428177
13178,0.027925001
13179,0.23988947
13180,0.06618126
13181,0.021482263
13182,0.07405173
13183,0.011848367
13184,0.02681243
13185,0.052177906
13186,0.087452754
13187,0.14527711
13188,0.13521549
13189,0.14926702
13190,0.12325585
13191,0.25563982
13192,0.12236565
13193,0.028810663
13194,0.11868555
13195,0.26428667
13196,0.06915915
13197,0.90432954
13198,0.8843919
13199,0.5763784
13200,0.005733313
13201,0.026903348
13202,0.01853907
13203,0.07580757
13204,0.37710112
13205,0.08196038
13206,0.05339355
13207,0.009766152
13208,0.07062551
13209,0.089572184
13210,0.067597516
13211,0.016441047
13212,0.39873958
13213,0.033520684
13214,0.048185986
13215,0.15725385
13216,0.15409756
13217,0.07558877
13218,0.07512471
13219,0.24622369
13220,0.38974404
13221,0.028972857
13222,0.24800336
13223,0.11255098
13224,0.11728304
13225,0.94232583
13226,0.8464683
13227,0.5508405
13228,0.017807554
13229,0.0726243
13230,0.028185591
13231,0.009492123
13232,0.3659781
13233,0.09274889
13234,0.2622123
13235,0.045993194
13236,0.078156084
13237,0.026421715
13238,0.10379755
13239,0.13430794
13240,0.15921514
13241,0.16001384
13242,0.49385986
13243,0.29771093
13244,0.2764358
13245,0.18698779
13246,0.12676445
13247,0.08922338
13248,0.1504551
13249,0.054025486
13250,0.038116552
13251,0.026914949
13252,0.14211416
13253,0.14095083
13254,0.069106676
13255,0.11550028
13256,0.027592752
13257,0.9182265
13258,1.053083
13259,0.9505981
13260,0.1337436
13261,0.05367022
13262,0.25192085
13263,0.28804302
13264,0.025874052
13265,0.0248404
13266,0.02470782
13267,0.05382853
13268,0.12999855
13269,0.0711334
13270,0.43314227
13271,0.8290095
13272,0.10974761
13273,0.15590216
13274,0.13860424
13275,0.1945671
13276,0.10875138
13277,0.39330193
13278,0.119555466
13279,0.04513871
13280,0.10824878
13281,0.12301138
13282,0.11776317
13283,0.058581367
13284,0.026152099
13285,0.43206182
13286,0.42958272
13287,0.1703259
13288,0.085317865
13289,0.1271001
13290,0.0813239
13291,0.27163902
13292,0.030450054
13293,0.0529291
13294,0.05839044
13295,0.021785991
13296,0.028453676
13297,0.06057993
13298,0.061744284
13299,0.2781304
13300,0.7590819
13301,0.2879568
13302,0.2828975
13303,0.16845964
13304,0.20392919
13305,0.1891264
13306,0.52111083
13307,0.074927464
13308,0.035052553
13309,0.046278343
13310,0.034898117
13311,0.14802778
13312,0.16790697
13313,0.223954
13314,0.2951969
13315,0.2731883
13316,0.26118144
13317,1.0713876
13318,0.24489683
13319,0.022123631
13320,0.24832429
13321,0.25436726
13322,0.023680022
13323,0.0684868
13324,0.1468014
13325,0.080964915
13326,0.0521938
13327,0.05314941
13328,0.06391154
13329,0.27302614
13330,0.43678933
13331,0.28857252
13332,0.5312794
13333,0.3065163
13334,0.18749565
13335,0.26402828
13336,0.27096456
13337,0.018698981
13338,0.029180333
13339,0.1683089
13340,0.22678246
13341,0.06099301
13342,0.42146397
13343,0.26475358
13344,0.06870918
13345,0.52574384
13346,0.4254845
13347,0.09186657
13348,0.12567583
13349,0.08779719
13350,0.05602161
13351,0.015192129
13352,0.010242479
13353,0.01764195
13354,0.036481
13355,0.07601719
13356,0.12441743
13357,0.13784792
13358,0.18399076
13359,0.43774426
13360,0.96172476
13361,0.44401014
13362,0.40840304
13363,0.5763733
13364,0.10629754
13365,0.07741102
13366,0.07982542
13367,0.15066518
13368,0.19571522
13369,0.07510261
13370,0.033772513
13371,0.073399045
13372,0.14437987
13373,0.006486323
13374,0.052223615
13375,0.117495075
13376,0.024319222
13377,0.04733823
13378,0.024742648
13379,0.020845786
13380,0.006362484
13381,0.013486832
13382,0.042747043
13383,0.09490134
13384,0.076761626
13385,0.12484143
13386,0.26806283
13387,0.28349975
13388,0.4664014
13389,0.8381048
13390,0.66209763
13391,0.4017193
13392,0.1217882
13393,0.048226036
13394,0.020254739
13395,0.060102038
13396,0.12482574
13397,0.019689966
13398,0.03879108
13399,0.7967252
13400,0.056720775
13401,0.021591213
13402,0.06992152
13403,0.055793572
13404,0.24782345
13405,0.046142913
13406,0.05761839
13407,0.042790744
13408,0.016006159
13409,0.021534137
13410,0.037241954
13411,0.12102244
13412,0.15889952
13413,0.52952975
13414,0.40466198
13415,0.17877525
13416,0.48406264
13417,0.41331628
13418,0.48903164
13419,0.23868893
13420,0.0364822
13421,0.03102955
13422,0.042453114
13423,0.05592749
13424,0.053322908
13425,0.044629674
13426,0.07388979
13427,0.4166088
13428,0.24198663
13429,0.357174
13430,0.032811385
13431,0.11340289
13432,0.1352165
13433,0.1385971
13434,0.17772524
13435,0.043043286
13436,0.03828584
13437,0.012839981
13438,0.059656285
13439,0.18214376
13440,0.7295367
13441,0.40316102
13442,0.50370365
13443,0.4328736
13444,0.2808873
13445,0.2698425
13446,0.09089699
13447,0.043793008
13448,0.016269509
13449,0.04953992
13450,0.03596431
13451,0.13714944
13452,0.1495093
13453,0.08932043
13454,0.2676559
13455,0.02976544
13456,0.07703826
13457,0.012632921
13458,0.26614678
13459,0.04639924
13460,0.01683243
13461,0.16458344
13462,0.25856125
13463,0.050444957
13464,0.018869465
13465,0.16012934
13466,0.19596535
13467,0.10195242
13468,0.10420689
13469,0.025902813
13470,0.102555506
13471,0.091158204
13472,0.04661891
13473,0.13668852
13474,0.1248256
13475,0.050890926
13476,0.013907683
13477,0.3788414
13478,0.0117121395
13479,0.01904829
13480,0.10551327
13481,0.042732336
13482,0.043908745
13483,0.16332547
13484,0.05477954
13485,0.06703737
13486,0.019365197
13487,0.06361265
13488,0.19851622
13489,0.37671563
13490,0.41273093
13491,0.07911639
13492,0.0036415076
13493,0.019897684
13494,0.025395846
13495,0.06249662
13496,0.07319154
13497,0.13765036
13498,0.016608426
13499,0.03707604
13500,0.017078677
13501,0.03440294
13502,0.023344517
13503,0.012628345
13504,0.09881949
13505,0.1305844
13506,0.3784579
13507,0.02714672
13508,0.030324545
13509,0.053369515
13510,0.09782604
13511,0.12402435
13512,0.3551234
13513,0.08175793
13514,0.006227003
13515,0.12104744
13516,0.03867233
13517,0.08264706
13518,0.13399997
13519,0.060570482
13520,0.0123166535
13521,0.019398201
13522,0.010808994
13523,0.19895263
13524,0.03388606
13525,0.012253384
13526,0.032249756
13527,0.16496804
13528,0.0938638
13529,0.06075021
13530,0.029036775
13531,0.045008145
13532,0.08526897
13533,0.38107187
13534,0.027700743
13535,0.019328453
13536,0.027456619
13537,0.045345232
13538,0.0693988
13539,0.16649513
13540,0.0713243
13541,0.1752412
13542,0.10507921
13543,0.030434141
13544,0.015919957
13545,0.05025577
13546,0.052230578
13547,0.029906005
13548,0.2586703
13549,0.10434307
13550,0.020648614
13551,0.12367437
13552,0.07167391
13553,0.018113244
13554,0.020759694
13555,0.4105737
13556,0.632792
13557,0.13057825
13558,0.06357411
13559,0.0020187388
13560,0.07397659
13561,0.04259954
13562,0.039475832
13563,0.22045965
13564,0.08270314
13565,0.08582612
13566,0.8778081
13567,0.01882295
13568,0.08153299
13569,0.019478407
13570,0.08888571
13571,0.08192728
13572,0.017578786
13573,0.04483762
13574,0.13711779
13575,0.41644746
13576,0.07228631
13577,0.22373776
13578,0.023950597
13579,0.016509853
13580,0.046851538
13581,0.027496476
13582,0.10859208
13583,0.033377852
13584,0.030042356
13585,0.06495694
13586,0.0533604
13587,0.017802397
13588,0.013647845
13589,0.05055978
13590,0.015300766
13591,0.122582175
13592,0.048131667
13593,0.01652493
13594,0.036321748
13595,0.08817089
13596,0.110295236
13597,0.023453344
13598,0.059000406
13599,0.62205946
13600,0.07349527
13601,0.23378159
13602,0.03416157
13603,0.058153942
13604,0.057523552
13605,0.39360455
13606,0.03438998
13607,0.005172396
13608,-0.00218994
13609,0.013547946
13610,0.054784052
13611,0.10892337
13612,0.024568882
13613,0.11827845
13614,0.04609919
13615,0.029206377
13616,0.051343374
13617,0.3530616
13618,0.031126903
13619,0.022338042
13620,0.0054634265
13621,0.01841408
13622,0.05536824
13623,0.04579152
13624,0.14407507
13625,0.08092269
13626,0.008907862
13627,0.0114022875
13628,0.011374574
13629,0.07114538
13630,0.13607863
13631,0.100742675
13632,0.08108173
13633,0.06953611
13634,0.030640433
13635,0.058358427
13636,0.020515442
13637,0.21301278
13638,0.260556
13639,0.12877506
13640,0.038017433
13641,0.01665866
13642,0.015285314
13643,0.022010993
13644,0.016342346
13645,0.024363985
13646,0.0024707424
13647,0.009409112
13648,0.01210724
13649,0.029967116
13650,0.06040631
13651,0.054413
13652,0.11123482
13653,0.0171884
13654,0.2349713
13655,0.01029554
13656,0.27016577
13657,0.010155044
13658,0.020858508
13659,0.02974979
13660,0.0138001805
13661,0.0126645025
13662,0.021187967
13663,0.024764353
13664,0.010238684
13665,0.027993552
13666,0.013390515
13667,0.012414216
13668,0.06800087
13669,0.028526628
13670,0.0472699
13671,0.050316032
13672,0.016691493
13673,0.015277635
13674,0.009094681
13675,0.110949144
13676,0.029655779
13677,0.055565182
13678,0.010151149
13679,0.008603451
13680,0.00817186
13681,-0.00041434998
13682,0.02655247
13683,0.016000418
13684,0.08185041
13685,0.017308097
13686,0.16890286
13687,0.062267628
13688,0.06830892
13689,0.05833646
13690,0.014161857
13691,0.10178609
13692,0.026034534
13693,0.01463856
13694,0.089512974
13695,0.01187703
13696,0.07343583
13697,0.12294104
13698,0.01960448
13699,0.034990802
13700,0.03420922
13701,0.024030974
13702,0.01360184
13703,0.013434834
13704,0.008515197
13705,0.013973128
13706,0.03611446
13707,0.006476302
13708,0.06149737
13709,0.060225025
13710,0.036474064
13711,0.17426127
13712,0.017539466
13713,0.022057226
13714,0.024717782
13715,0.028251626
13716,0.0038826272
13717,0.02037621
13718,0.05678641
13719,0.0246657
13720,0.009088776
13721,0.020422472
13722,0.010104572
13723,0.025140833
13724,0.0067995545
13725,0.016180154
13726,0.029500384
13727,0.091526695
13728,0.11836753
13729,0.02105402
13730,0.09029331
13731,0.022435084
13732,0.03601548
13733,0.051527083
13734,0.03370667
13735,0.054449808
13736,0.027413705
13737,0.03986022
13738,0.08495107
13739,0.03491945
13740,0.032303613
13741,0.07785432
13742,0.043433066
13743,0.028360525
13744,0.023124121
13745,0.029290399
13746,0.09961138
13747,0.04289251
13748,0.06326405
13749,0.047356226
13750,0.14209566
13751,0.35210252
13752,0.014866477
13753,0.017014146
13754,0.26921934
13755,0.06402292
13756,0.18425624
13757,0.07005477
13758,0.11792311
13759,0.01297607
13760,0.017114358
13761,0.11038401
13762,0.03464667
13763,0.6840727
13764,0.12377676
13765,0.04894304
13766,0.26706463
13767,0.043513287
13768,0.035487574
13769,0.026656488
13770,0.043483816
13771,0.041799407
13772,0.014460637
13773,0.018954707
13774,0.039846063
13775,0.08969366
13776,0.13909341
13777,0.47788072
13778,0.464087
13779,0.039771803
13780,0.10746783
13781,0.25729683
13782,0.026477154
13783,0.051832452
13784,0.038724754
13785,0.049766682
13786,0.062350083
13787,0.3943035
13788,0.11479128
13789,0.39149097
13790,0.46357363
13791,0.020806752
13792,0.43690166
13793,0.055948082
13794,0.30687508
13795,0.046101354
13796,0.05222326
13797,0.039619323
13798,0.057275582
13799,0.029244736
13800,0.07812312
13801,0.092260316
13802,0.07973613
13803,0.030240055
13804,0.05376148
13805,0.297962
13806,0.043629974
13807,0.035327878
13808,0.048549768
13809,0.04910803
13810,0.06731407
13811,0.03033117
13812,0.034646448
13813,0.041260038
13814,0.075997435
13815,0.026732862
13816,0.0521097
13817,0.1544046
13818,0.26456302
13819,0.017772479
13820,0.039003905
13821,0.027065262
13822,0.428381
13823,0.094494075
13824,0.06727413
13825,0.2808074
13826,0.30732423
13827,0.062977016
13828,0.044875145
13829,0.020326212
13830,0.023106115
13831,0.0054403576
13832,0.03367611
13833,0.007858523
13834,0.09015693
13835,0.06874362
13836,0.057449903
13837,0.081477426
13838,0.14926158
13839,0.4061417
13840,0.019572517
13841,0.027466362
13842,0.045410126
13843,0.0123745315
13844,0.0072525716
13845,0.031090079
13846,0.029846773
13847,0.03559103
13848,0.37639245
13849,0.021976465
13850,0.039692473
13851,0.05438382
13852,0.12869255
13853,0.4595041
13854,0.0049151145
13855,0.0423303
13856,0.061078038
13857,0.0266594
13858,0.03936286
13859,0.05285944
13860,0.012140525
13861,0.018256806
13862,0.027473617
13863,0.097828716
13864,0.16040759
13865,0.08545937
13866,0.07873025
13867,0.048790973
13868,0.008570064
13869,0.024566997
13870,0.026910946
13871,0.0282746
13872,0.03847697
13873,0.09508784
13874,0.066248626
13875,0.2405696
13876,0.023921518
13877,0.052564394
13878,0.039218154
13879,0.027353307
13880,0.025619572
13881,0.02607133
13882,0.042802166
13883,0.11041424
13884,0.023089962
13885,0.06669858
13886,0.28529793
13887,0.2798927
13888,0.050252594
13889,0.04155819
13890,0.036699183
13891,0.10220343
13892,0.06635901
13893,0.01341118
13894,0.054411244
13895,0.027183995
13896,0.16337521
13897,0.025533611
13898,0.024354883
13899,0.028323779
13900,0.003137759
13901,0.06951778
13902,0.08554348
13903,0.26592255
13904,0.26137832
13905,0.26173913
13906,0.08726624
13907,0.05607863
13908,0.02951075
13909,0.06074546
13910,0.050792135
13911,0.01261339
13912,0.12650955
13913,0.051343013
13914,0.5472229
13915,0.12377967
13916,0.11746673
13917,0.054141298
13918,0.052336395
13919,0.02121714
13920,0.01438153
13921,0.008946569
13922,0.05739209
13923,0.021641087
13924,0.019600833
13925,0.020889895
13926,0.08959099
13927,0.049386702
13928,0.09015457
13929,0.08020128
13930,0.14064705
13931,0.2611735
13932,0.24419089
13933,0.08791188
13934,0.03517042
13935,0.11050553
13936,0.019115007
13937,0.04284384
13938,0.004878015
13939,0.025575317
13940,0.088309586
13941,0.06203396
13942,0.12823536
13943,0.04663575
13944,0.1128174
13945,0.03870654
13946,0.06122446
13947,0.03716926
13948,0.018075934
13949,0.017915327
13950,0.12820992
13951,0.028027007
13952,0.060875636
13953,0.03166802
13954,0.008245876
13955,0.023405444
13956,0.03832606
13957,0.064490326
13958,0.08997615
13959,0.15812007
13960,0.1270414
13961,0.27394217
13962,0.25946066
13963,0.16149329
13964,0.022755785
13965,0.1123106
13966,0.059223488
13967,0.0071010785
13968,0.050415434
13969,0.095876716
13970,0.037412167
13971,0.02396124
13972,0.053559233
13973,0.039655566
13974,0.056111634
13975,0.08210415
13976,0.031255152
13977,0.05751789
13978,0.020795412
13979,0.027651213
13980,0.011737398
13981,0.084045865
13982,0.013440833
13983,0.038055897
13984,0.09893283
13985,0.06781777
13986,0.1698718
13987,0.33307645
13988,0.13364239
13989,0.14652026
13990,0.08690048
13991,0.10054545
13992,0.093399614
13993,0.09326657
13994,0.06421928
13995,0.007751287
13996,0.024882836
13997,0.27790338
13998,0.067987084
13999,0.08765635
14000,0.0637541
14001,0.07837485
14002,0.015912604
14003,0.020714574
14004,0.04492771
14005,0.18045339
14006,0.0792047
14007,0.057016037
14008,0.15250431
14009,0.6467025
14010,0.12878604
14011,0.024498073
14012,0.25608298
14013,0.08045882
14014,0.26496172
14015,0.19629085
14016,0.07470592
14017,0.055462766
14018,0.11420929
14019,0.15374817
14020,0.047867212
14021,0.17707607
14022,0.08801323
14023,0.068820596
14024,0.015746102
14025,0.020356836
14026,0.058519427
14027,0.0778957
14028,0.0146156885
14029,0.15696198
14030,0.16940132
14031,0.16808142
14032,0.115343414
14033,0.050111186
14034,0.14207077
14035,0.25961974
14036,0.26495472
14037,0.06747471
14038,0.009025743
14039,0.056681752
14040,0.026212633
14041,0.011694271
14042,0.075128
14043,0.48779568
14044,0.041596573
14045,0.10509795
14046,0.36719587
14047,0.2535208
14048,0.008745931
14049,0.016573993
14050,0.048015337
14051,0.067540646
14052,0.2700518
14053,0.2668195
14054,0.11631749
14055,0.12493618
14056,0.1855746
14057,0.17600146
14058,0.17055959
14059,0.21302833
14060,0.3839571
14061,0.093172185
14062,0.05738808
14063,0.10777411
14064,0.068195395
14065,0.28047168
14066,0.87957144
14067,0.007074902
14068,0.054243788
14069,0.38260606
14070,0.01353357
14071,0.04956372
14072,0.26973432
14073,0.058873422
14074,0.097856715
14075,0.022871858
14076,0.056293037
14077,0.42669004
14078,0.068349116
14079,0.1192339
14080,0.27168623
14081,0.25763038
14082,0.2756547
14083,0.37581873
14084,0.37733498
14085,0.031090422
14086,0.39486057
14087,0.25087374
14088,0.24876173
14089,0.84695685
14090,0.4269167
14091,0.40961936
14092,0.027900329
14093,0.24829797
14094,0.06326986
14095,0.02452322
14096,0.011889973
14097,0.072548464
14098,0.011268822
14099,0.024897588
14100,0.048884086
14101,0.08561612
14102,0.14017497
14103,0.1348371
14104,0.14424494
14105,0.12522893
14106,0.26062822
14107,0.11969719
14108,0.024608197
14109,0.11218841
14110,0.25670445
14111,0.0198165
14112,0.0677355
14113,0.9158437
14114,0.86858875
14115,0.5455182
14116,0.00737275
14117,0.028890163
14118,0.016939014
14119,0.07824244
14120,0.39044517
14121,0.08592235
14122,0.049149238
14123,0.010195841
14124,0.06741098
14125,0.08880701
14126,0.06638816
14127,0.0150827635
14128,0.39101985
14129,0.030074796
14130,0.047761243
14131,0.15237528
14132,0.15499206
14133,0.07547671
14134,0.071271054
14135,0.24440451
14136,0.24223842
14137,0.028491927
14138,0.13199924
14139,0.1135009
14140,0.1150341
14141,0.94583243
14142,0.831368
14143,0.59308946
14144,0.0151137775
14145,0.07231714
14146,0.028030735
14147,0.0090158
14148,0.3837264
14149,0.088472046
14150,0.25827822
14151,0.042497553
14152,0.076010644
14153,0.023719328
14154,0.10455672
14155,0.13285507
14156,0.16250068
14157,0.16253969
14158,0.48479164
14159,0.45902425
14160,0.2735503
14161,0.18697423
14162,0.12673245
14163,0.088739194
14164,0.14554591
14165,0.05503143
14166,0.03836318
14167,0.025165688
14168,0.13879496
14169,0.13938108
14170,0.07433857
14171,0.11451897
14172,0.028988147
14173,0.92903805
14174,1.008505
14175,0.9569542
14176,0.13245477
14177,0.05635478
14178,0.13808087
14179,0.3746685
14180,0.024686838
14181,0.022819554
14182,0.022366991
14183,0.05083584
14184,0.12565286
14185,0.06914911
14186,0.43046018
14187,0.9148084
14188,0.10939155
14189,0.14931744
14190,0.12938602
14191,0.19493109
14192,0.106108636
14193,0.40549973
14194,0.11584403
14195,0.047124013
14196,0.1037764
14197,0.11639073
14198,0.115813866
14199,0.052468933
14200,0.026266158
14201,0.4282227
14202,0.28991073
14203,0.16901568
14204,0.08660919
14205,0.12120934
14206,0.07828216
14207,0.27687603
14208,0.030171022
14209,0.050814323
14210,0.054854926
14211,0.019341648
14212,0.027092742
14213,0.05931155
14214,0.05723798
14215,0.42011192
14216,0.7674589
14217,0.28996548
14218,0.28589585
14219,0.16168371
14220,0.20056902
14221,0.2619231
14222,0.4890613
14223,0.07272136
14224,0.028691318
14225,0.043865964
14226,0.033981543
14227,0.24855079
14228,0.2558605
14229,0.122551806
14230,0.42759714
14231,0.27108616
14232,0.25295123
14233,1.117465
14234,0.25019816
14235,0.021687752
14236,0.24872251
14237,0.24804854
14238,0.021731695
14239,0.06428348
14240,0.27867407
14241,0.0065748007
14242,0.07938588
14243,0.051466554
14244,0.05172528
14245,0.060680345
14246,0.18235648
14247,0.42917058
14248,0.28689075
14249,0.53168595
14250,0.4370786
14251,0.18127126
14252,0.25960088
14253,0.27513427
14254,0.0282704
14255,0.16863249
14256,0.081192
14257,0.061379936
14258,0.42292726
14259,0.27326128
14260,0.063726515
14261,0.56341046
14262,0.44949612
14263,0.0072472994
14264,0.08743323
14265,0.12285855
14266,0.08871819
14267,0.057042405
14268,0.008274419
14269,0.015110069
14270,0.036487438
14271,0.07296067
14272,0.11920097
14273,0.1337378
14274,0.18009254
14275,0.44325075
14276,0.9596357
14277,0.43858173
14278,0.2805028
14279,0.57329535
14280,0.10633017
14281,0.019469636
14282,0.07419007
14283,0.08000656
14284,0.14909585
14285,0.19321862
14286,0.074003115
14287,0.034922685
14288,0.07121702
14289,0.1444287
14290,0.0520565
14291,0.11723723
14292,0.022300169
14293,0.044803184
14294,0.005951139
14295,0.011157322
14296,0.041713733
14297,0.089684226
14298,0.07401542
14299,0.12215664
14300,0.28248215
14301,0.20063101
14302,0.42745695
14303,0.83712864
14304,0.6289259
14305,0.3978565
14306,0.121182814
14307,0.019937675
14308,0.05829507
14309,0.12338328
14310,0.019709038
14311,0.037975445
14312,0.88659275
14313,0.055514015
14314,0.021302553
14315,0.06762744
14316,0.05407825
14317,0.11542321
14318,0.04545257
14319,0.054298017
14320,0.018962046
14321,0.04389078
14322,0.014099177
14323,0.021153616
14324,0.03663754
14325,0.11891021
14326,0.15538625
14327,0.4757602
14328,0.39971086
14329,0.17699526
14330,1.0461274
14331,0.42813462
14332,0.46633992
14333,0.24128109
14334,0.039835278
14335,0.027144307
14336,0.040612374
14337,0.053587645
14338,0.05428057
14339,0.0753316
14340,0.4238433
14341,0.101169124
14342,0.3636073
14343,0.030204175
14344,0.11122281
14345,0.13076034
14346,0.13221954
14347,0.24818791
14348,0.042919494
14349,0.033907868
14350,0.011701438
14351,0.057403445
14352,0.17653757
14353,0.78146005
14354,0.41080546
14355,0.48511437
14356,0.43694046
14357,0.37781852
14358,0.19160417
14359,0.0951158
14360,0.043863643
14361,0.027616205
14362,0.048316494
14363,0.03498796
14364,0.14066404
14365,0.14812313
14366,0.08775518
14367,0.2736292
14368,0.027757548
14369,0.07836981
14370,0.012754414
14371,0.25554514
14372,0.046236634
14373,0.013722644
14374,0.016679017
14375,0.1617377
14376,0.26183182
14377,0.04849765
14378,0.4211922
14379,0.2761239
14380,0.096935906
14381,0.106034964
14382,0.024174368
14383,0.103046656
14384,0.08662158
14385,0.044808622
14386,0.13856335
14387,0.12430994
14388,0.05089987
14389,0.011897923
14390,0.24107522
14391,0.015853966
14392,0.109076045
14393,0.04221806
14394,0.15894769
14395,0.05306131
14396,0.068550795
14397,0.017725812
14398,0.064206734
14399,0.19611038
14400,0.3783331
14401,0.42440456
14402,0.08053322
14403,0.018334866
14404,0.027131524
14405,0.061963066
14406,0.07190902
14407,0.1365599
14408,0.0164765
14409,0.037217956
14410,0.016899897
14411,0.035132587
14412,0.010951705
14413,0.027435198
14414,0.09765354
14415,0.12862521
14416,0.3747007
14417,0.025462823
14418,0.027759735
14419,0.051221542
14420,0.09563486
14421,0.12065058
14422,0.36502504
14423,0.084366314
14424,0.003803118
14425,0.22313473
14426,0.038458925
14427,0.08094352
14428,0.12852806
14429,0.06059765
14430,0.018033255
14431,0.27609888
14432,0.015243502
14433,0.03206623
14434,0.16448973
14435,0.092136025
14436,0.06008585
14437,0.029021487
14438,0.040184684
14439,0.08329484
14440,0.3736877
14441,0.0283859
14442,0.019108813
14443,0.043592036
14444,0.06882852
14445,0.25072277
14446,0.06907821
14447,0.17157339
14448,0.10458927
14449,0.03082027
14450,0.015657075
14451,0.051217493
14452,0.052478436
14453,0.027387084
14454,0.25117174
14455,0.01665244
14456,0.13229553
14457,0.11803596
14458,0.07079541
14459,0.01771723
14460,0.020361776
14461,0.3868721
14462,0.62907577
14463,0.24049947
14464,0.06849505
14465,0.00623528
14466,0.07556507
14467,0.040909685
14468,0.036874447
14469,0.07971713
14470,0.082753845
14471,0.086986765
14472,0.85102373
14473,0.08006879
14474,0.08811325
14475,0.08008845
14476,0.040030714
14477,0.1340151
14478,0.3302031
14479,0.06932595
14480,0.13110688
14481,0.025576929
14482,0.01469673
14483,0.055415787
14484,0.02408381
14485,0.10594571
14486,0.0326064
14487,0.02722522
14488,0.0059010643
14489,0.06329809
14490,0.052477106
14491,0.020752696
14492,0.048832648
14493,0.014273812
14494,0.123983875
14495,0.048970256
14496,0.018052496
14497,0.03586634
14498,0.088227905
14499,0.10635636
14500,0.024651969
14501,0.024872718
14502,0.059654124
14503,0.75491357
14504,0.06817118
14505,0.10489352
14506,0.043496598
14507,0.037206046
14508,0.054106772
14509,0.05589085
14510,0.015639596
14511,0.02215449
14512,0.29516107
14513,0.032599904
14514,0.012241622
14515,0.054256193
14516,0.2409786
14517,0.022808574
14518,0.014594656
14519,0.11660803
14520,0.04529002
14521,0.027796121
14522,0.048406683
14523,0.38357753
14524,0.02904332
14525,0.02017335
14526,0.0044289706
14527,0.054072704
14528,0.042070046
14529,0.13921006
14530,0.07703441
14531,0.010726893
14532,0.012924787
14533,0.069678314
14534,0.13277182
14535,0.10138065
14536,0.07679294
14537,0.071512245
14538,0.029712552
14539,0.05682182
14540,0.06652979
14541,0.26039037
14542,0.13134487
14543,0.037067696
14544,0.015968697
14545,0.015476842
14546,0.02044845
14547,0.0133654075
14548,0.023106117
14549,0.0040581487
14550,0.004451666
14551,0.012694739
14552,0.029724298
14553,0.062981315
14554,0.053871937
14555,0.11314149
14556,0.015548168
14557,0.13241798
14558,0.009677716
14559,0.17694636
14560,0.010902623
14561,0.019388312
14562,0.02688599
14563,0.013036867
14564,0.010087054
14565,0.019970424
14566,0.022785673
14567,0.009220289
14568,0.011759993
14569,0.009085751
14570,0.011210477
14571,0.015698813
14572,0.06827977
14573,0.009338905
14574,0.029563706
14575,0.047983013
14576,0.049863357
14577,0.0184799
14578,0.0073747267
14579,0.11413557
14580,0.029929373
14581,0.053747974
14582,0.008744891
14583,0.029450012
14584,0.009930073
14585,0.015193672
14586,0.09023311
14587,0.012537955
14588,0.17249918
14589,0.060354307
14590,0.062219426
14591,0.0612706
14592,0.09514315
14593,0.025620237
14594,0.010842615
14595,0.08952502
14596,0.012810845
14597,0.0773783
14598,0.0035871847
14599,0.11935291
14600,0.02694834
14601,0.034298286
14602,0.036272578
14603,0.028553583
14604,0.02693637
14605,0.012497444
14606,0.012490388
14607,0.0125397295
14608,0.03494159
14609,0.009305731
14610,0.0076058754
14611,0.06382963
14612,0.063401
14613,0.03666075
14614,0.1702336
14615,0.01607226
14616,0.020948185
14617,0.025381476
14618,0.029908173
14619,0.0037731973
14620,0.019224323
14621,0.055906937
14622,0.024353433
14623,0.010621102
14624,0.022480678
14625,0.011869362
14626,0.025031237
14627,0.0068303174
14628,0.031357355
14629,0.09844316
14630,0.12637542
14631,0.08791712
14632,0.019662214
14633,0.026495904
14634,0.05262421
14635,0.03617582
14636,0.036699753
14637,0.053911235
14638,0.031590305
14639,0.036042847
14640,0.040368598
14641,0.24655652
14642,0.049466785
14643,0.032075793
14644,0.029299429
14645,0.108383924
14646,0.042424157
14647,0.06930239
14648,0.040796597
14649,0.2736586
14650,0.36493593
14651,0.020765033
14652,0.020433754
14653,0.27370292
14654,0.06453838
14655,0.1842322
14656,0.24392585
14657,0.13953024
14658,0.04814737
14659,0.015590535
14660,0.0049716146
14661,0.037167985
14662,0.11634498
14663,0.6676771
14664,0.26061383
14665,0.036925517
14666,0.38050875
14667,0.041811693
14668,0.015005504
14669,0.031940855
14670,0.025339242
14671,0.040247418
14672,0.033760425
14673,0.013845786
14674,0.043579523
14675,0.09922941
14676,0.14267138
14677,0.4621266
14678,0.45976132
14679,0.05537084
14680,0.25238818
14681,0.15529914
14682,0.021669244
14683,0.052474827
14684,0.04252982
14685,0.047155414
14686,0.06507892
14687,0.37417567
14688,0.1166725
14689,0.1484495
14690,0.47334504
14691,0.09742518
14692,0.017140295
14693,0.46969196
14694,0.052362714
14695,0.32231206
14696,0.04396943
14697,0.033241168
14698,0.050762624
14699,0.025929186
14700,0.078963086
14701,0.08195304
14702,0.07456803
14703,0.051894568
14704,0.29297608
14705,0.042578403
14706,0.0037888242
14707,0.03404741
14708,0.048740324
14709,0.051140904
14710,0.06659791
14711,0.029879158
14712,0.034935977
14713,0.03988939
14714,0.084384486
14715,0.023879398
14716,0.1492101
14717,0.2586362
14718,0.019634774
14719,0.04041216
14720,0.02442458
14721,0.009323414
14722,0.4261481
14723,0.08889579
14724,0.0681556
14725,0.39472467
14726,0.30645877
14727,0.06720579
14728,0.045823116
14729,0.023690095
14730,0.007612744
14731,0.03423638
14732,0.009214548
14733,0.08749684
14734,0.068316974
14735,0.06471103
14736,0.08494524
14737,0.15242097
14738,0.4198749
14739,0.37017062
14740,0.043840587
14741,0.010116286
14742,0.029706296
14743,0.028112046
14744,0.034651723
14745,0.3782376
14746,0.021708628
14747,0.03901517
14748,0.05576566
14749,0.042838473
14750,0.12974766
14751,0.47371513
14752,0.044286318
14753,0.06421019
14754,0.024155598
14755,0.026820235
14756,0.04150466
14757,0.049260117
14758,0.011860826
14759,0.017698362
14760,0.027123835
14761,0.100216575
14762,0.16512969
14763,0.086280376
14764,0.083703354
14765,0.048772812
14766,0.0039269254
14767,0.026608987
14768,0.029757082
14769,0.029820446
14770,0.036368843
14771,0.09477837
14772,0.0653472
14773,0.24906161
14774,0.024370555
14775,0.05010775
14776,0.040039394
14777,0.024401052
14778,0.02708981
14779,0.02635243
14780,0.043122947
14781,0.019359203
14782,0.024794983
14783,0.070115365
14784,0.28526077
14785,0.2785707
14786,0.049365815
14787,0.036074374
14788,0.03677183
14789,0.09992908
14790,0.0647625
14791,0.015001906
14792,0.05415927
14793,0.01569711
14794,0.027068207
14795,0.15789671
14796,0.026692433
14797,0.02540342
14798,0.03437639
14799,0.004744857
14800,0.07131647
14801,0.086066104
14802,0.26317817
14803,0.14788653
14804,0.2646149
14805,0.083262876
14806,0.055225242
14807,0.030383447
14808,0.059048478
14809,0.048644323
14810,0.007379716
14811,0.008774608
14812,0.12971404
14813,0.050033644
14814,0.5420033
14815,0.12509443
14816,0.026133351
14817,0.11919162
14818,0.05173235
14819,0.050010975
14820,0.019075355
14821,0.06185182
14822,0.0060156127
14823,0.018941417
14824,0.021142881
14825,0.090459816
14826,0.048383698
14827,0.092740156
14828,0.079484604
14829,0.141961
14830,0.25961483
14831,0.4162105
14832,0.0869078
14833,0.03504288
14834,0.10742279
14835,0.019318579
14836,0.042970587
14837,0.0062138285
14838,0.025924442
14839,0.08987759
14840,0.059058636
14841,0.12972796
14842,0.047561616
14843,0.11773676
14844,0.039951336
14845,0.059621684
14846,0.034129627
14847,0.1248104
14848,0.028522223
14849,0.061395094
14850,0.029645864
14851,0.00842263
14852,0.011055701
14853,0.023771578
14854,0.039579704
14855,0.06407204
14856,0.09047743
14857,0.2610478
14858,0.1343253
14859,0.26734453
14860,0.15766612
14861,0.16235413
14862,0.024100386
14863,0.11719121
14864,0.014333156
14865,0.060864586
14866,0.048415646
14867,0.09317317
14868,0.037417646
14869,0.026022885
14870,0.051451243
14871,0.042091418
14872,0.056432012
14873,0.08486004
14874,0.031310357
14875,0.056516416
14876,0.019396026
14877,0.013846636
14878,0.08409587
14879,0.01405912
14880,0.03955279
14881,0.100282006
14882,0.06855606
14883,0.25862375
14884,0.3234563
14885,0.130851
14886,0.14316128
14887,0.08613503
14888,0.10030937
14889,0.09502657
14890,0.09106743
14891,0.063640445
14892,0.023387114
14893,0.36656207
14894,0.072271176
14895,0.08632715
14896,0.08024929
14897,0.024055028
14898,0.01710844
14899,0.02081645
14900,0.04420913
14901,0.18362531
14902,0.08133596
14903,0.055971816
14904,0.1517322
14905,0.64158654
14906,0.12579907
14907,0.024008052
14908,0.2626292
14909,0.07861897
14910,0.26425874
14911,0.20085077
14912,0.074996546
14913,0.056074534
14914,0.11261598
14915,0.2562595
14916,0.048165504
14917,0.17168973
14918,0.08722669
14919,0.06991889
14920,0.010919372
14921,0.016988851
14922,0.060966216
14923,0.08167049
14924,0.017189967
14925,0.15911187
14926,0.16844079
14927,0.16467793
14928,0.11513842
14929,0.04955004
14930,0.14630404
14931,0.19196543
14932,0.2591702
14933,0.06620667
14934,0.057151463
14935,0.025599448
14936,0.011065578
14937,0.07336734
14938,0.49021107
14939,0.042706277
14940,0.1059044
14941,0.37509006
14942,0.25502297
14943,0.010766214
14944,0.016499108
14945,0.0048774844
14946,0.048841745
14947,0.07312081
14948,0.27064374
14949,0.26282343
14950,0.120946534
14951,0.12462622
14952,0.25817776
14953,0.17849527
14954,0.17680676
14955,0.21419095
14956,0.37600425
14957,0.09394799
14958,0.058059845
14959,0.10290934
14960,0.06281716
14961,0.2804614
14962,0.93162316
14963,0.0067273565
14964,0.050813794
14965,0.3637962
14966,0.016762031
14967,0.051578604
14968,0.27075362
14969,0.014305894
14970,0.015500185
14971,0.060640786
14972,0.0988542
14973,0.022451008
14974,0.058974016
14975,0.44407463
14976,0.06836074
14977,0.11791501
14978,0.2723549
14979,0.16723397
14980,0.27356473
14981,0.37746927
14982,0.38142613
14983,0.02907051
14984,0.25995162
14985,0.11594514
14986,0.13638298
14987,0.88893247
14988,0.3030772
14989,0.3080317
14990,0.027737733
14991,0.24497819
14992,0.06371005
14993,0.024233075
14994,0.013343731
14995,0.0738241
14996,0.012228543
14997,0.024731595
14998,0.05283007
14999,0.087030604
15000,0.14329953
15001,0.13708042
15002,0.15192072
15003,0.12469852
15004,0.25240976
15005,0.120533176
15006,0.03096724
15007,0.11113911
15008,0.2592478
15009,0.02297176
15010,0.0685644
15011,0.9445395
15012,0.8932185
15013,0.55370224
15014,0.028443
15015,0.017294897
15016,0.07980983
15017,0.3835946
15018,0.08423717
15019,0.056118198
15020,0.0029466285
15021,0.010492182
15022,0.06827524
15023,0.09023651
15024,0.06737429
15025,0.016138028
15026,0.40706807
15027,0.032550067
15028,0.04655658
15029,0.15154362
15030,0.15417963
15031,0.07607564
15032,0.07128992
15033,0.24504249
15034,0.25176594
15035,0.028990041
15036,0.24944112
15037,0.110340595
15038,0.117864236
15039,0.95503974
15040,0.8110824
15041,0.58183926
15042,0.0169291
15043,0.2307621
15044,0.02746033
15045,0.0075472686
15046,0.28116703
15047,0.09374449
15048,0.37070978
15049,0.045655057
15050,0.08143661
15051,0.022999506
15052,0.104138196
15053,0.13508742
15054,0.16434462
15055,0.162672
15056,0.48950547
15057,0.45130298
15058,0.26611587
15059,0.18500422
15060,0.1285755
15061,0.08738692
15062,0.14904068
15063,0.052055128
15064,0.039060216
15065,0.024990141
15066,0.14265724
15067,0.14299725
15068,0.070131436
15069,0.1126288
15070,0.02813266
15071,0.9314446
15072,1.0535163
15073,0.9942861
15074,0.13490683
15075,0.055756066
15076,0.24201639
15077,0.3780071
15078,0.024651177
15079,0.02323332
15080,0.022579147
15081,0.050706327
15082,0.12867978
15083,0.06889785
15084,0.42317274
15085,0.9167809
15086,0.10815305
15087,0.1554573
15088,0.1367851
15089,0.27103072
15090,0.10556127
15091,0.3879048
15092,0.24954408
15093,0.045036934
15094,0.10230631
15095,0.122053616
15096,0.11792816
15097,0.056183588
15098,0.025849445
15099,0.29389974
15100,0.28734028
15101,0.16848765
15102,0.08644682
15103,0.030339023
15104,0.12937374
15105,0.07943605
15106,0.2784862
15107,0.032154605
15108,0.0491373
15109,0.054985963
15110,0.020501086
15111,0.02830675
15112,0.0598042
15113,0.0598085
15114,0.44368535
15115,0.7334534
15116,0.4142558
15117,0.21852782
15118,0.16546877
15119,0.20460095
15120,0.25792664
15121,0.4991493
15122,0.07460614
15123,0.043699402
15124,0.03376437
15125,0.14592244
15126,0.25469926
15127,0.12952451
15128,0.29953888
15129,0.27671158
15130,0.2655342
15131,1.0803632
15132,0.13528189
15133,0.0213682
15134,0.24807031
15135,0.2515115
15136,0.065514855
15137,0.40751213
15138,0.07912946
15139,0.050912853
15140,0.050766885
15141,0.06227765
15142,0.18630461
15143,0.43876785
15144,0.28790414
15145,0.5058074
15146,0.29505575
15147,0.1804034
15148,0.26028836
15149,0.26972368
15150,0.015532905
15151,0.16931173
15152,0.08265847
15153,0.06211134
15154,0.40677434
15155,0.27080727
15156,0.06799964
15157,0.53219664
15158,0.4426395
15159,0.008248055
15160,0.09003993
15161,0.12672636
15162,0.084782846
15163,0.05450594
15164,0.012746364
15165,0.008621438
15166,0.034536317
15167,0.074082024
15168,0.12515406
15169,0.13436535
15170,0.18229853
15171,0.41527468
15172,0.9579428
15173,0.41157433
15174,0.39609125
15175,0.5611126
15176,0.10647358
15177,0.018451786
15178,0.07512553
15179,0.07762984
15180,0.15381117
15181,0.19325122
15182,0.07427516
15183,0.03305976
15184,0.071908034
15185,0.2520532
15186,0.053242646
15187,0.11916927
15188,0.023277758
15189,0.017483981
15190,0.045489885
15191,0.0234727
15192,0.020464491
15193,0.011765053
15194,0.04114154
15195,0.09283263
15196,0.07524766
15197,0.11981936
15198,0.27030852
15199,0.20435174
15200,0.4281494
15201,0.873204
15202,0.6666293
15203,0.2888684
15204,0.12149076
15205,0.04842947
15206,0.017345553
15207,0.061301295
15208,0.11849609
15209,0.019517275
15210,0.036637973
15211,0.8922173
15212,0.058400292
15213,0.020493733
15214,0.2149745
15215,0.056256346
15216,0.11647589
15217,0.045453273
15218,0.054996483
15219,0.021632819
15220,0.046810225
15221,0.0152726155
15222,0.020096457
15223,0.03592531
15224,0.11685286
15225,0.1583682
15226,0.47699663
15227,0.4003043
15228,0.2746795
15229,1.0787097
15230,0.40670344
15231,0.4690876
15232,0.23918024
15233,0.038635492
15234,0.03050394
15235,0.041870523
15236,0.053676784
15237,0.052451216
15238,0.04379097
15239,0.07427981
15240,0.4363437
15241,0.10371444
15242,0.357815
15243,0.031141028
15244,0.11697259
15245,0.1361446
15246,0.14403908
15247,0.17688729
15248,0.045610365
15249,0.035906676
15250,0.057645533
15251,0.18149962
15252,0.8191552
15253,0.4145982
15254,0.46573037
15255,0.42890424
15256,0.27689874
15257,0.26614007
15258,0.09484909
15259,0.044111833
15260,0.023288727
15261,0.04782669
15262,0.13671023
15263,0.15519379
15264,0.08612739
15265,0.20303778
15266,0.07582463
15267,0.010883924
15268,0.26793942
15269,0.04818883
15270,0.014763046
15271,0.015129555
15272,0.16240492
15273,0.2568313
15274,0.048607152
15275,0.016851835
15276,0.27596575
15277,0.275136
15278,0.09808886
15279,0.110363886
15280,0.025301926
15281,0.10056405
15282,0.08876516
15283,0.044730898
15284,0.13298099
15285,0.12481142
15286,0.050413482
15287,0.013136066
15288,0.2472217
15289,0.01628321
15290,0.10830469
15291,0.04134991
15292,0.16278462
15293,0.053441487
15294,0.06910191
15295,0.064273216
15296,0.19551843
15297,0.37954044
15298,0.42881393
15299,0.08439115
15300,0.015592316
15301,0.01920048
15302,0.022219537
15303,0.06298446
15304,0.018174943
15305,0.071878105
15306,0.14416893
15307,0.017022109
15308,0.036331594
15309,0.016544932
15310,0.035535406
15311,0.021333268
15312,0.01193112
15313,0.09798211
15314,0.12949938
15315,0.3810661
15316,0.025054725
15317,0.027889248
15318,0.051909283
15319,0.09672958
15320,0.12152068
15321,0.3557963
15322,0.083041884
15323,0.0014261723
15324,0.00090139336
15325,0.12067653
15326,0.03833608
15327,0.08307743
15328,0.12871276
15329,0.061569087
15330,0.01390031
15331,0.012016403
15332,0.019849729
15333,0.010999462
15334,0.27044183
15335,0.013961688
15336,0.030057002
15337,0.16419183
15338,0.092157535
15339,0.060301438
15340,0.026940618
15341,0.04286905
15342,0.0863671
15343,0.3677273
15344,0.030218562
15345,0.019387444
15346,0.026651716
15347,0.04339849
15348,0.068904154
15349,0.25702497
15350,0.07216134
15351,0.18338333
15352,0.10605193
15353,0.02981836
15354,0.05469862
15355,0.052488405
15356,0.027469607
15357,0.19387902
15358,0.014664667
15359,0.016240591
15360,0.12899566
15361,0.019027833
15362,0.11805569
15363,0.07021411
15364,0.019948106
15365,0.41930372
15366,0.6422753
15367,0.23982896
15368,0.07163032
15369,0.0050499216
15370,0.07251295
15371,0.039767127
15372,0.037728656
15373,0.22393322
15374,0.08182978
15375,0.087368034
15376,0.8882831
15377,0.019687664
15378,0.08158032
15379,0.01935762
15380,0.08896834
15381,0.0806988
15382,0.018159201
15383,0.040230967
15384,0.13974027
15385,0.33320504
15386,0.07638574
15387,0.13973953
15388,0.024937637
15389,0.024868023
15390,0.10996511
15391,0.032044154
15392,0.027831996
15393,0.005144461
15394,0.06425193
15395,0.055868976
15396,0.020366276
15397,0.049790088
15398,0.0068840226
15399,0.1265839
15400,0.04749259
15401,0.017782979
15402,0.035551675
15403,0.08501748
15404,0.109578885
15405,0.022783147
15406,0.026464727
15407,0.056403756
15408,0.74566275
15409,0.07036909
15410,0.10443577
15411,0.046242043
15412,0.03737234
15413,0.054642748
15414,0.05647673
15415,0.013644708
15416,0.019726325
15417,0.38214794
15418,0.033500757
15419,0.0018744126
15420,0.007864737
15421,0.0542267
15422,0.11042496
15423,0.025125735
15424,0.115481995
15425,0.04563479
15426,0.026639434
15427,0.05079095
15428,0.36631098
15429,0.028788123
15430,0.019935345
15431,0.0017446977
15432,0.019708883
15433,0.054803282
15434,0.042140096
15435,0.14011104
15436,0.07898142
15437,0.011347388
15438,0.01329349
15439,0.070818745
15440,0.13863033
15441,0.097842656
15442,0.07937927
15443,0.07251641
15444,0.028803293
15445,0.056984596
15446,0.21574362
15447,0.26381996
15448,0.1315734
15449,0.008104614
15450,0.012124696
15451,0.035709396
15452,0.015755264
15453,0.014007934
15454,0.019377055
15455,0.013670432
15456,0.024398245
15457,0.002937838
15458,0.010473342
15459,0.011863124
15460,0.0072826175
15461,0.029067406
15462,0.061745636
15463,0.056043573
15464,0.11385198
15465,0.012384614
15466,0.13837083
15467,0.012409709
15468,0.37288114
15469,0.018424015
15470,0.027220136
15471,0.011286248
15472,0.020442566
15473,0.02384799
15474,0.011768574
15475,0.025753286
15476,0.008597689
15477,0.014268832
15478,0.06873998
15479,0.030214323
15480,0.04799772
15481,0.05528279
15482,0.015935197
15483,0.007848356
15484,0.007232643
15485,0.11059018
15486,0.028344028
15487,0.05347992
15488,0.005552165
15489,0.008395164
15490,0.02672418
15491,0.0105127515
15492,0.08962561
15493,0.018958105
15494,0.013414888
15495,0.26236436
15496,0.05917506
15497,0.063716926
15498,0.062817805
15499,0.09475072
15500,0.024126247
15501,0.012513049
15502,0.08963269
15503,0.012920016
15504,0.078985065
15505,0.0024202757
15506,0.12017579
15507,0.020981891
15508,0.03525614
15509,0.034620553
15510,0.029336236
15511,0.005838476
15512,0.011632722
15513,0.012152734
15514,0.012069066
15515,0.035998814
15516,0.0075168866
15517,0.0073917815
15518,0.067898385
15519,0.06356689
15520,0.03794333
15521,0.1707344
15522,0.02353177
15523,0.027814856
15524,0.019197665
15525,0.054521568
15526,0.023245431
15527,0.010862836
15528,0.023004605
15529,0.013477175
15530,0.028382571
15531,0.0077153025
15532,0.031243198
15533,0.09791388
15534,0.22545007
15535,0.08746946
15536,0.021241968
15537,0.033255816
15538,0.04637854
15539,0.05963931
15540,0.03229004
15541,0.03605496
15542,0.046700697
15543,0.081056364
15544,0.045373946
15545,0.026051681
15546,0.10212714
15547,0.028666597
15548,0.24131295
15549,0.04733329
15550,0.40228856
15551,0.36592156
15552,0.044192255
15553,0.24810877
15554,0.06836444
15555,0.37070474
15556,0.07621166
15557,0.1264718
15558,0.044648014
15559,0.01272454
15560,0.061337657
15561,0.0152414
15562,0.037234943
15563,0.26054716
15564,0.03319891
15565,0.7114679
15566,0.13899308
15567,0.04158189
15568,0.26418337
15569,0.04407198
15570,0.026738537
15571,0.027150918
15572,0.04615249
15573,0.034926012
15574,0.017120732
15575,0.011234672
15576,0.12592429
15577,0.51638705
15578,0.43148547
15579,0.04412664
15580,0.112340406
15581,0.15525602
15582,0.02372378
15583,0.04637314
15584,0.038079828
15585,0.047457132
15586,0.07601532
15587,0.408606
15588,0.11263343
15589,0.14919199
15590,0.46762004
15591,0.09991191
15592,0.023037013
15593,0.41181925
15594,0.018765183
15595,0.05628519
15596,0.30596146
15597,0.042699225
15598,0.04980294
15599,0.03294167
15600,0.052092448
15601,0.079530396
15602,0.096877135
15603,0.07763071
15604,0.031666663
15605,0.05331536
15606,0.37688202
15607,0.04151474
15608,0.034926336
15609,0.049420536
15610,0.049023617
15611,0.064601
15612,0.032385
15613,0.03334823
15614,0.0042954385
15615,0.04353438
15616,0.08081092
15617,0.027053908
15618,0.051150814
15619,0.14806938
15620,0.050118174
15621,0.25789297
15622,0.019201666
15623,0.041300915
15624,0.03779143
15625,0.02585574
15626,0.015310254
15627,0.4179557
15628,0.09552674
15629,0.06789432
15630,0.28171667
15631,0.4342043
15632,0.06854717
15633,0.04728221
15634,0.01764306
15635,0.022194376
15636,0.018048782
15637,0.0058782785
15638,0.033621367
15639,0.0074942606
15640,0.070884645
15641,0.06604493
15642,0.09043742
15643,0.25564864
15644,0.40922686
15645,0.005769729
15646,0.018482557
15647,0.18702282
15648,0.042866506
15649,0.011112869
15650,0.02741304
15651,0.034856323
15652,0.27048805
15653,0.021503255
15654,0.036835816
15655,0.009297078
15656,0.058416292
15657,0.23845415
15658,0.47875223
15659,0.041669622
15660,0.060555108
15661,0.021109326
15662,0.02618401
15663,0.03571806
15664,0.052885566
15665,0.011941591
15666,0.027022995
15667,0.013609744
15668,0.09907999
15669,0.16343948
15670,0.0872051
15671,0.07893265
15672,0.0507346
15673,0.028778937
15674,0.032543335
15675,0.029442834
15676,0.038005944
15677,0.09261319
15678,0.06608899
15679,0.10960261
15680,0.023522453
15681,0.049958352
15682,0.040634017
15683,0.027505685
15684,0.025547659
15685,0.027054533
15686,0.04490048
15687,0.022959122
15688,0.06911193
15689,0.28991118
15690,0.28257194
15691,0.050759707
15692,0.03936372
15693,0.038392458
15694,0.10053559
15695,0.06478426
15696,0.013825098
15697,0.052898113
15698,0.007016073
15699,0.025905434
15700,0.15832606
15701,0.027073698
15702,0.024681801
15703,0.030999871
15704,0.2163717
15705,0.08614954
15706,0.2657876
15707,0.25694498
15708,0.16292448
15709,0.08195755
15710,0.054189716
15711,0.029361753
15712,0.06118495
15713,0.049466506
15714,0.0067393053
15715,0.23765723
15716,0.051132318
15717,0.52056247
15718,0.124843955
15719,0.117517546
15720,0.054505896
15721,0.051400118
15722,0.02001362
15723,0.05640474
15724,0.016347514
15725,0.018584523
15726,0.019550884
15727,0.08701309
15728,0.049313873
15729,0.090690374
15730,0.07898395
15731,0.14030467
15732,0.2585885
15733,0.40181568
15734,0.08817975
15735,0.035394058
15736,0.10929142
15737,0.020473698
15738,0.041561022
15739,0.022285163
15740,0.08857249
15741,0.059406202
15742,0.12627159
15743,0.047056623
15744,0.11698501
15745,0.04063788
15746,0.059714027
15747,0.035738207
15748,0.016953908
15749,0.13047005
15750,0.008480229
15751,0.029618813
15752,0.06294904
15753,0.028999843
15754,0.01033131
15755,0.02438888
15756,0.037927497
15757,0.06433855
15758,0.09055624
15759,0.15579289
15760,0.12833232
15761,0.42032814
15762,0.16098213
15763,0.1619494
15764,0.022518815
15765,0.11314558
15766,0.0138838105
15767,0.057733454
15768,0.04856418
15769,0.098188326
15770,0.037407532
15771,0.028111966
15772,0.050897967
15773,0.04084679
15774,0.055097427
15775,0.08289982
15776,0.03285918
15777,0.055875115
15778,0.029190652
15779,0.08462459
15780,0.013651716
15781,0.036456805
15782,0.10301332
15783,0.06986373
15784,0.17120373
15785,0.51534986
15786,0.13256654
15787,0.13979165
15788,0.08500832
15789,0.100242876
15790,0.09639597
15791,0.09402497
15792,0.06509026
15793,0.008037802
15794,0.024646193
15795,0.3666654
15796,0.06951776
15797,0.086674325
15798,0.062912636
15799,0.08222591
15800,0.0242159
15801,0.017954731
15802,0.021502964
15803,0.045003563
15804,0.18182512
15805,0.08055919
15806,0.055969317
15807,0.14899872
15808,0.64085525
15809,0.12623069
15810,0.025334537
15811,0.4178908
15812,0.078903146
15813,0.2634896
15814,0.20018604
15815,0.073026165
15816,0.05299704
15817,0.058051556
15818,0.114618376
15819,0.16591203
15820,0.047848716
15821,0.17534737
15822,0.09274349
15823,0.07001262
15824,0.009573294
15825,0.0064857476
15826,0.017051464
15827,0.021503137
15828,0.06308727
15829,0.079865746
15830,0.015885405
15831,0.15535176
15832,0.17130694
15833,0.16631204
15834,0.113838516
15835,0.047403697
15836,0.14663613
15837,0.19124313
15838,0.25811404
15839,0.06719841
15840,0.055650868
15841,0.023567373
15842,0.21906735
15843,0.48744127
15844,0.044311974
15845,0.09610116
15846,0.36952153
15847,0.1635916
15848,0.00993093
15849,0.06986234
15850,0.26668993
15851,0.26527882
15852,0.025786307
15853,0.12014195
15854,0.124291085
15855,0.2586228
15856,0.17757612
15857,0.17438059
15858,0.21638139
15859,0.3770514
15860,0.094227925
15861,0.060640935
15862,0.10715039
15863,0.06800282
15864,0.28124622
15865,0.9087846
15866,0.0064866487
15867,0.053505585
15868,0.37368718
15869,0.052908868
15870,0.27276605
15871,0.013676646
15872,0.015192578
15873,0.05738283
15874,0.09765051
15875,0.022457138
15876,0.058622006
15877,0.019006079
15878,0.4149265
15879,0.06624721
15880,0.11926587
15881,0.20260197
15882,0.1711674
15883,0.21718428
15884,0.36676177
15885,0.39386225
15886,0.02869096
15887,0.2600875
15888,0.24850227
15889,0.13508253
15890,0.8559518
15891,0.4465539
15892,0.31011894
15893,0.027675977
15894,0.24108438
15895,0.06543193
15896,0.0153722195
15897,0.012376638
15898,0.07166393
15899,0.026540987
15900,0.051724534
15901,0.090853184
15902,0.14115952
15903,0.13517535
15904,0.14881773
15905,0.12466097
15906,0.25261292
15907,0.11896502
15908,0.02924729
15909,0.11153219
15910,0.41240987
15911,0.024063464
15912,0.068018675
15913,0.903786
15914,0.90028685
15915,0.58327323
15916,0.028750768
15917,0.018609254
15918,0.07955254
15919,0.38336667
15920,0.08515473
15921,0.058559757
15922,0.06736437
15923,0.09122779
15924,0.06441056
15925,0.016220694
15926,0.39967453
15927,0.033370215
15928,0.04724146
15929,0.15619363
15930,0.15396373
15931,0.07456807
15932,0.072059914
15933,0.3862514
15934,0.37272993
15935,0.02873077
15936,0.12903449
15937,0.11637948
15938,0.11292127
15939,0.97674245
15940,0.87784594
15941,0.56159526
15942,0.015672479
15943,0.07244983
15944,0.028673157
15945,0.37868044
15946,0.08756036
15947,0.39452085
15948,0.046334267
15949,0.0799232
15950,0.023711732
15951,0.10482663
15952,0.13418286
15953,0.1639351
15954,0.17309687
15955,0.5023178
15956,0.44729197
15957,0.27307025
15958,0.187039
15959,0.12692325
15960,0.08540601
15961,0.14590098
15962,0.052083902
15963,0.037922475
15964,0.024657609
15965,0.1319444
15966,0.13846959
15967,0.071358256
15968,0.117195554
15969,0.027518613
15970,0.9175238
15971,1.060943
15972,0.97873026
15973,0.13180958
15974,0.056659363
15975,0.2508235
15976,0.40325063
15977,0.026149321
15978,0.02389771
15979,0.024048885
15980,0.051030792
15981,0.12785442
15982,0.06731667
15983,0.43022108
15984,0.9265824
15985,0.1075077
15986,0.15435876
15987,0.14156097
15988,0.19342409
15989,0.10504449
15990,0.39559835
15991,0.2568825
15992,0.0454842
15993,0.107473716
15994,0.119352564
15995,0.118750066
15996,0.057528947
15997,0.3997444
15998,0.21024574
15999,0.17163001
16000,0.08323425
16001,0.031481165
16002,0.124870956
16003,0.23030813
16004,0.27750212
16005,0.030489374
16006,0.050280925
16007,0.051660653
16008,0.019646497
16009,0.026105564
16010,0.059325382
16011,0.06199512
16012,0.275016
16013,0.77053547
16014,0.28161386
16015,0.28187865
16016,0.16188006
16017,0.20315671
16018,0.25980517
16019,0.47733858
16020,0.071663775
16021,0.029916435
16022,0.04297896
16023,0.034440894
16024,0.14694647
16025,0.25965354
16026,0.12952076
16027,0.29953888
16028,0.27534863
16029,0.17405517
16030,1.0969272
16031,0.13924327
16032,0.021531727
16033,0.2510703
16034,0.24977396
16035,0.06428971
16036,0.1824971
16037,0.0800303
16038,0.050952714
16039,0.052473914
16040,0.06313416
16041,0.18489325
16042,0.42200267
16043,0.28380632
16044,0.50590706
16045,0.3005132
16046,0.18234774
16047,0.1801382
16048,0.27020645
16049,0.1647942
16050,0.08066937
16051,0.060896765
16052,0.42571446
16053,0.262544
16054,0.06812287
16055,0.01892014
16056,0.53818786
16057,0.44824466
16058,0.09066527
16059,0.12631164
16060,0.08922892
16061,0.0549418
16062,0.012554026
16063,0.008662205
16064,0.0152890785
16065,0.034905437
16066,0.074437276
16067,0.12386728
16068,0.13484606
16069,0.18279742
16070,0.42065385
16071,0.9546134
16072,0.42448997
16073,0.40740794
16074,0.5693216
16075,0.105263226
16076,0.019854823
16077,0.0769268
16078,0.07838836
16079,0.15228997
16080,0.26219845
16081,0.07350075
16082,0.03398219
16083,0.07201606
16084,0.14202935
16085,0.021903887
16086,0.052316092
16087,0.11804481
16088,0.019519059
16089,0.043423668
16090,0.023852339
16091,0.012241578
16092,0.041646708
16093,0.09173485
16094,0.075185865
16095,0.12224726
16096,0.2672395
16097,0.20562921
16098,0.44334683
16099,0.8638235
16100,0.666485
16101,0.37975425
16102,0.1238359
16103,0.04963601
16104,0.019872095
16105,0.05832013
16106,0.12515523
16107,0.9172456
16108,0.05750087
16109,0.020529697
16110,0.06923007
16111,0.055874284
16112,0.11933098
16113,0.045076516
16114,0.0561587
16115,0.01951178
16116,0.046083182
16117,0.015748903
16118,0.02011714
16119,0.03629296
16120,0.11641312
16121,0.15781872
16122,0.49845028
16123,0.41317987
16124,0.27523676
16125,0.6236224
16126,0.40715197
16127,0.51561564
16128,0.23904124
16129,0.036549672
16130,0.03047671
16131,0.041719396
16132,0.05466448
16133,0.0537015
16134,0.075283304
16135,0.43785945
16136,0.24334931
16137,0.36868536
16138,0.03296603
16139,0.11514717
16140,0.13288692
16141,0.13963558
16142,0.16977164
16143,0.04409362
16144,0.035288706
16145,0.057547655
16146,0.17911053
16147,0.81194687
16148,0.43918657
16149,0.4495258
16150,0.26726273
16151,0.38078868
16152,0.2660439
16153,0.09466039
16154,0.044198424
16155,0.01563087
16156,0.024902984
16157,0.016723875
16158,0.048076957
16159,0.034197077
16160,0.14112557
16161,0.15375966
16162,0.08803485
16163,0.20559941
16164,0.07404546
16165,0.010707612
16166,0.37874863
16167,0.04447345
16168,0.014886646
16169,0.014343196
16170,0.16335788
16171,0.2573034
16172,0.049428664
16173,0.020555273
16174,0.43197915
16175,0.19626231
16176,0.099210046
16177,0.10777465
16178,0.02549341
16179,0.10402488
16180,0.08984615
16181,0.046541642
16182,0.13719787
16183,0.12500545
16184,0.05183748
16185,0.031945728
16186,0.012955872
16187,0.24392916
16188,0.015833791
16189,0.012907996
16190,0.11163133
16191,0.043405708
16192,0.04121829
16193,0.1632571
16194,0.052947115
16195,0.06810061
16196,0.017460553
16197,0.064152114
16198,0.19570614
16199,0.35364705
16200,0.41873914
16201,0.08338578
16202,0.026321208
16203,0.06234437
16204,0.017750766
16205,0.072931066
16206,0.1408573
16207,0.016399743
16208,0.039538454
16209,0.016537245
16210,0.032198742
16211,0.018819267
16212,0.0121950535
16213,0.02635237
16214,0.09802056
16215,0.12841235
16216,0.3758962
16217,0.02564105
16218,0.027840342
16219,0.05089677
16220,0.095361955
16221,0.12496745
16222,0.3431322
16223,0.088543154
16224,0.0035614483
16225,0.12738033
16226,0.035376217
16227,0.01642053
16228,0.08508434
16229,0.12464323
16230,0.0613259
16231,0.011196609
16232,0.019474724
16233,0.19331825
16234,0.015007996
16235,0.031634502
16236,0.16325524
16237,0.09216925
16238,0.06048716
16239,0.0282696
16240,0.042282056
16241,0.083723195
16242,0.37477672
16243,0.032015298
16244,0.016688207
16245,0.025422921
16246,0.04315521
16247,0.06970009
16248,0.16888738
16249,0.072531074
16250,0.26278964
16251,0.10346096
16252,0.031266876
16253,0.017311443
16254,0.050401486
16255,0.050612688
16256,0.02664601
16257,0.25521845
16258,0.12964572
16259,0.019080058
16260,0.118070245
16261,0.07030464
16262,0.02090786
16263,0.41454417
16264,0.6074025
16265,0.12721048
16266,0.06607099
16267,0.0074311644
16268,0.07276031
16269,0.04017756
16270,0.085130155
16271,0.08395202
16272,0.08574596
16273,0.8874044
16274,0.020323774
16275,0.070097744
16276,0.01806497
16277,0.0880761
16278,0.07933154
16279,0.04352044
16280,0.14023831
16281,0.33217633
16282,0.07459916
16283,0.1394889
16284,0.026174188
16285,0.04856907
16286,0.104986556
16287,0.03266932
16288,0.02858769
16289,0.0057033193
16290,0.064441144
16291,0.054530997
16292,0.020305194
16293,0.013305856
16294,0.050746333
16295,0.005616846
16296,0.015056738
16297,0.124824144
16298,0.041070435
16299,0.047916386
16300,0.01742888
16301,0.034926888
16302,0.08737468
16303,0.107680224
16304,0.057539813
16305,0.73599315
16306,0.06455613
16307,0.10033445
16308,0.03607647
16309,0.056097828
16310,0.05767418
16311,0.015036615
16312,0.42252454
16313,0.032433417
16314,0.011955418
16315,0.008277764
16316,0.054145534
16317,0.10850848
16318,0.02242896
16319,0.1187137
16320,0.045437872
16321,0.051726688
16322,0.3748762
16323,0.02762781
16324,0.0236153
16325,0.0053172004
16326,0.019775733
16327,0.01735297
16328,0.053617883
16329,0.008465643
16330,0.04230384
16331,0.14911452
16332,0.07763273
16333,0.011079175
16334,0.013374896
16335,0.07123002
16336,0.23927866
16337,0.103093356
16338,0.0794905
16339,0.070596375
16340,0.028970594
16341,0.057465665
16342,0.2108978
16343,0.26491782
16344,0.22597766
16345,0.009099337
16346,0.011315897
16347,0.015083963
16348,0.013432619
16349,0.019136788
16350,0.01534043
16351,0.02481659
16352,0.0050431928
16353,0.011692558
16354,0.012632597
16355,0.008715536
16356,0.030272758
16357,0.06035705
16358,0.054966036
16359,0.116296075
16360,0.009320929
16361,0.13565509
16362,0.010886317
16363,0.26490262
16364,0.010919529
16365,0.009293248
16366,0.009582977
16367,0.028414568
16368,0.012535497
16369,0.011365999
16370,0.020222008
16371,0.023626132
16372,0.013919462
16373,0.012582674
16374,0.06842093
16375,0.027952451
16376,0.047895472
16377,0.052589294
16378,0.016885972
16379,0.0070362426
16380,0.013316461
16381,0.008029516
16382,0.11397804
16383,0.02937703
16384,0.053902276
16385,0.00851047
16386,0.02767777
16387,0.086496934
16388,0.012602777
16389,0.17297153
16390,0.06368033
16391,0.06300421
16392,0.060624637
16393,0.014625909
16394,0.09782721
16395,0.025415432
16396,0.0131201
16397,0.08984376
16398,0.012161735
16399,0.07591948
16400,0.0031852708
16401,0.118262574
16402,0.021918219
16403,0.033567302
16404,0.032744158
16405,0.03197372
16406,0.0068070977
16407,0.011993005
16408,0.011707564
16409,0.013634265
16410,0.035689414
16411,0.0072009508
16412,0.0652218
16413,0.06358328
16414,0.010312177
16415,0.17131948
16416,0.022809038
16417,0.027125774
16418,0.011433228
16419,0.018952964
16420,0.05393384
16421,0.02379051
16422,0.010914778
16423,0.022925906
16424,0.011439239
16425,0.02711539
16426,0.0049330243
16427,0.09794985
16428,0.12885572
16429,0.09308059
16430,0.020845009
16431,0.042376127
16432,0.050050564
16433,0.043026544
16434,0.060234807
16435,0.03154102
16436,0.03742712
16437,0.034633894
16438,0.08230499
16439,0.050931703
16440,0.033125088
16441,0.10228764
16442,0.04778329
16443,0.075675465
16444,0.04317253
16445,0.14583251
16446,0.2509065
16447,0.020564841
16448,0.03590532
16449,0.27597234
16450,0.05446978
16451,0.28995603
16452,0.073815435
16453,0.26140067
16454,0.043820612
16455,0.015602246
16456,0.06061029
16457,0.01969648
16458,0.039739143
16459,0.013670954
16460,0.11062611
16461,0.029098634
16462,0.68699473
16463,0.2532221
16464,0.12965749
16465,0.037440963
16466,0.037539035
16467,0.014675892
16468,0.030370373
16469,0.10017612
16470,0.12923433
16471,0.32335097
16472,0.4638886
16473,0.026041761
16474,0.11174268
16475,0.1490511
16476,0.022829624
16477,0.04696408
16478,0.036615085
16479,0.04782405
16480,0.011083091
16481,0.06701924
16482,0.39117992
16483,0.119010456
16484,0.14855848
16485,0.47342294
16486,0.098545894
16487,0.021808749
16488,0.443295
16489,0.05147969
16490,0.31159762
16491,0.044162154
16492,0.048725702
16493,0.034254197
16494,0.050423138
16495,0.08233943
16496,0.09109734
16497,0.0793686
16498,0.032769125
16499,0.02785874
16500,0.060730077
16501,0.37743756
16502,0.042485006
16503,0.031073235
16504,0.04652097
16505,0.044465657
16506,0.06334429
16507,0.032295965
16508,0.07691642
16509,0.055706434
16510,0.25504434
16511,0.26037467
16512,0.043395787
16513,0.03754088
16514,0.026868945
16515,0.017312737
16516,0.4490817
16517,0.09721966
16518,0.06647274
16519,0.27690822
16520,0.44429654
16521,0.06369744
16522,0.047796797
16523,0.020214185
16524,0.023535918
16525,0.017681751
16526,0.03629567
16527,0.0097718015
16528,0.002314157
16529,0.010908353
16530,0.06856003
16531,0.065586515
16532,0.2538062
16533,0.42546242
16534,0.019185152
16535,0.18593936
16536,0.043708615
16537,0.010928856
16538,0.0344405
16539,0.2725935
16540,0.022216562
16541,0.042094104
16542,0.007840379
16543,0.056168385
16544,0.025213063
16545,0.3507025
16546,0.46165732
16547,0.061668463
16548,0.027183723
16549,0.043209083
16550,0.053544775
16551,0.017966857
16552,0.027178876
16553,0.10014635
16554,0.16746543
16555,0.08776752
16556,0.08148941
16557,0.04416892
16558,0.026968801
16559,0.03009896
16560,0.028694468
16561,0.036800362
16562,0.08852777
16563,0.066780895
16564,0.24360791
16565,0.025019232
16566,0.051651563
16567,0.039613083
16568,0.025886897
16569,0.02679309
16570,0.02667029
16571,0.04473488
16572,0.020126555
16573,0.023364121
16574,0.0695417
16575,0.18973869
16576,0.27939597
16577,0.050109725
16578,0.040224317
16579,0.038712688
16580,0.09972735
16581,0.067754924
16582,0.014128323
16583,0.05002928
16584,0.025788095
16585,0.15138687
16586,0.026176145
16587,0.02527
16588,0.031323448
16589,0.21424355
16590,0.08652026
16591,0.26456717
16592,0.25618553
16593,0.26412788
16594,0.08302651
16595,0.055419035
16596,0.028655214
16597,0.058264557
16598,0.04896158
16599,0.120440125
16600,0.053356696
16601,0.51674193
16602,0.12515868
16603,0.024493251
16604,0.1203667
16605,0.05351146
16606,0.05329316
16607,0.01909855
16608,0.006816087
16609,0.008371792
16610,0.060847417
16611,0.01985847
16612,0.019396614
16613,0.020179851
16614,0.09025164
16615,0.048329193
16616,0.08458111
16617,0.080958575
16618,0.14022888
16619,0.26559868
16620,0.4073863
16621,0.086980775
16622,0.035186503
16623,0.1104048
16624,0.02024929
16625,0.04133169
16626,0.02359422
16627,0.008500966
16628,0.08250124
16629,0.062276788
16630,0.13110946
16631,0.04681095
16632,0.117605366
16633,0.03980217
16634,0.05978966
16635,0.036215134
16636,0.13040534
16637,0.005809965
16638,0.031254623
16639,0.063479185
16640,0.031417027
16641,0.0047566392
16642,0.024383733
16643,0.038618293
16644,0.058956504
16645,0.090819135
16646,0.15917097
16647,0.13175613
16648,0.26378554
16649,0.15767653
16650,0.15737788
16651,0.023164492
16652,0.116498664
16653,0.059615467
16654,0.008187895
16655,0.046034314
16656,0.096334
16657,0.03696388
16658,0.026865527
16659,0.054356102
16660,0.04102133
16661,0.056409765
16662,0.08420223
16663,0.031195058
16664,0.053547453
16665,0.019515896
16666,0.027334196
16667,0.0829148
16668,0.013717327
16669,0.037714288
16670,0.104289934
16671,0.07013673
16672,0.17302302
16673,0.48844948
16674,0.13608734
16675,0.14508598
16676,0.08594031
16677,0.09983057
16678,0.095236175
16679,0.096476495
16680,0.063633725
16681,0.02677839
16682,0.27693242
16683,0.068946995
16684,0.0884889
16685,0.063297704
16686,0.08007801
16687,0.014664687
16688,0.02498618
16689,0.017589735
16690,0.021441558
16691,0.04534152
16692,0.18555567
16693,0.080309205
16694,0.05733446
16695,0.15167946
16696,0.64971226
16697,0.12786302
16698,0.02471675
16699,0.25720862
16700,0.08014498
16701,0.25998607
16702,0.19978021
16703,0.072790846
16704,0.020371972
16705,0.056342717
16706,0.057912536
16707,0.11454509
16708,0.25838602
16709,0.043241095
16710,0.25646606
16711,0.09119982
16712,0.07072715
16713,0.005745905
16714,0.015960855
16715,0.020938175
16716,0.06418986
16717,0.080056235
16718,0.016377619
16719,0.1552952
16720,0.16997132
16721,0.25297454
16722,0.11546121
16723,0.05019624
16724,0.1426317
16725,0.18999279
16726,0.37228468
16727,0.0670141
16728,0.058991984
16729,0.025062323
16730,0.073144265
16731,0.46744534
16732,0.042405117
16733,0.09932283
16734,0.37931076
16735,0.1606856
16736,0.012345697
16737,0.014023745
16738,0.004780634
16739,0.047600586
16740,0.06816812
16741,0.26961517
16742,0.2673222
16743,0.023456654
16744,0.11812574
16745,0.12527302
16746,0.26340568
16747,0.18039055
16748,0.1782645
16749,0.26948902
16750,0.3719828
16751,0.08713012
16752,0.059801657
16753,0.10663032
16754,0.06361091
16755,0.20326407
16756,0.90075886
16757,0.0058468035
16758,0.053310066
16759,0.36520487
16760,0.051653475
16761,0.27135465
16762,0.059808854
16763,0.099711545
16764,0.021477452
16765,0.057895903
16766,0.017870765
16767,0.41362885
16768,0.066456094
16769,0.11610512
16770,0.20531473
16771,0.16668102
16772,0.21399938
16773,0.38008654
16774,0.3726584
16775,0.028959448
16776,0.2609611
16777,0.11825011
16778,0.25350308
16779,0.91430366
16780,0.3072208
16781,0.3092665
16782,0.026416637
16783,0.2463467
16784,0.065921694
16785,0.02549093
16786,0.011764941
16787,0.07130854
16788,0.012264285
16789,0.02346965
16790,0.052604944
16791,0.08654997
16792,0.14525579
16793,0.13516758
16794,0.1488198
16795,0.12745827
16796,0.25784865
16797,0.120819144
16798,0.11530133
16799,0.2596347
16800,0.022737054
16801,0.066871695
16802,0.9151249
16803,0.86781204
16804,0.5573918
16805,0.027409587
16806,0.01755495
16807,0.07929888
16808,0.40655246
16809,0.08407709
16810,0.018265199
16811,0.05693339
16812,0.010382738
16813,0.06896736
16814,0.089544326
16815,0.06660158
16816,0.015493148
16817,0.41704184
16818,0.03150141
16819,0.04855174
16820,0.15609464
16821,0.15744036
16822,0.076836765
16823,0.07182082
16824,0.24165088
16825,0.37575942
16826,0.028026966
16827,0.13718337
16828,0.11426482
16829,0.24814714
16830,0.95648724
16831,0.7909549
16832,0.54635054
16833,0.01601549
16834,0.07363381
16835,0.028994465
16836,0.3991946
16837,0.090671115
16838,0.26472616
16839,0.0464052
16840,0.08839879
16841,0.023184951
16842,0.10608531
16843,0.13551839
16844,0.16600017
16845,0.16958511
16846,0.5068973
16847,0.454993
16848,0.27853337
16849,0.18505758
16850,0.1263703
16851,0.08786686
16852,0.26537848
16853,0.05362147
16854,0.03733522
16855,0.024066193
16856,0.1426151
16857,0.14088246
16858,0.07058901
16859,0.115222454
16860,0.025776165
16861,0.9251693
16862,1.0322181
16863,0.9812465
16864,0.13610257
16865,0.05323209
16866,0.24719706
16867,0.28808114
16868,0.026413342
16869,0.023869118
16870,0.023441149
16871,0.051967505
16872,0.12791707
16873,0.069583915
16874,0.4440736
16875,0.9126898
16876,0.10381735
16877,0.15318236
16878,0.13549158
16879,0.19530833
16880,0.10443935
16881,0.38775173
16882,0.24085374
16883,0.044877823
16884,0.10341563
16885,0.120267205
16886,0.11959702
16887,0.05920447
16888,0.026557138
16889,0.29348978
16890,0.2928725
16891,0.16744265
16892,0.08586604
16893,0.030141566
16894,0.12765078
16895,0.08020941
16896,0.2703473
16897,0.029737411
16898,0.050991975
16899,0.055156585
16900,0.021279106
16901,0.027268987
16902,0.0588882
16903,0.060847152
16904,0.41998103
16905,0.7646352
16906,0.28202903
16907,0.283457
16908,0.16586082
16909,0.20220348
16910,0.26622432
16911,0.5117376
16912,0.0692851
16913,0.045088083
16914,0.034196604
16915,0.14593183
16916,0.2596582
16917,0.1258825
16918,0.29773813
16919,0.27375108
16920,0.25948521
16921,1.096885
16922,0.24188912
16923,0.021369137
16924,0.14207211
16925,0.25055397
16926,0.024289267
16927,0.06486617
16928,0.18135932
16929,0.07834036
16930,0.0519262
16931,0.05173097
16932,0.062351223
16933,0.18422984
16934,0.4146666
16935,0.28359267
16936,0.52010995
16937,0.30101702
16938,0.18154632
16939,0.17925486
16940,0.38903233
16941,0.026968025
16942,0.16952422
16943,0.080028825
16944,0.061293203
16945,0.4167706
16946,0.26848057
16947,0.0669629
16948,0.020149413
16949,0.5618448
16950,0.43929857
16951,0.09139413
16952,0.12839356
16953,0.09128097
16954,0.057534195
16955,0.014294615
16956,0.035143625
16957,0.07397468
16958,0.12066311
16959,0.13557221
16960,0.18249145
16961,0.4177687
16962,0.9636382
16963,0.43429652
16964,0.3992418
16965,0.58389205
16966,0.10728441
16967,0.077771835
16968,0.07911437
16969,0.24863973
16970,0.20119178
16971,0.074622855
16972,0.032511782
16973,0.07306357
16974,0.1466856
16975,0.021585392
16976,0.052529827
16977,0.12198299
16978,0.022515973
16979,0.04577397
16980,0.026480727
16981,0.011951157
16982,0.04237456
16983,0.0943505
16984,0.073984295
16985,0.12271791
16986,0.2700593
16987,0.27414697
16988,0.43147913
16989,0.8298839
16990,0.6682031
16991,0.2884342
16992,0.12548363
16993,0.046251807
16994,0.019756109
16995,0.060548216
16996,0.1245035
16997,0.02012732
16998,0.014766088
16999,0.037379853
17000,0.90835726
17001,0.05717814
17002,0.018760094
17003,0.06355037
17004,0.05563683
17005,0.118999764
17006,0.04289663
17007,0.05711313
17008,0.0189751
17009,0.0450229
17010,0.0149480505
17011,0.021222705
17012,0.036215093
17013,0.120705664
17014,0.1555788
17015,0.4996962
17016,0.40483412
17017,0.27188024
17018,1.1068227
17019,0.39572835
17020,0.47428083
17021,0.2432318
17022,0.03952148
17023,0.030846093
17024,0.042278383
17025,0.055281874
17026,0.054366495
17027,0.044207044
17028,0.07379058
17029,0.43159917
17030,0.24522933
17031,0.36181834
17032,0.031092238
17033,0.11655825
17034,0.13615958
17035,0.14346191
17036,0.17882368
17037,0.04661839
17038,0.035204694
17039,0.011732292
17040,0.05793695
17041,0.18185985
17042,0.818489
17043,0.3969857
17044,0.47973037
17045,0.26830202
17046,0.36198312
17047,0.19374157
17048,0.095084466
17049,0.045632053
17050,0.015767973
17051,0.025461407
17052,0.034643233
17053,0.14001672
17054,0.15500592
17055,0.08912096
17056,0.27644268
17057,0.07590959
17058,0.009981223
17059,0.3736536
17060,0.047462024
17061,0.016542893
17062,0.16158126
17063,0.26150736
17064,0.048551776
17065,0.018031249
17066,0.4121265
17067,0.1945306
17068,0.09871962
17069,0.110256165
17070,0.023809139
17071,0.10148123
17072,0.08986918
17073,0.046423372
17074,0.13384928
17075,0.12305642
17076,0.04970175
17077,0.013071852
17078,0.25165772
17079,0.0148535
17080,0.10562863
17081,0.039548066
17082,0.15996811
17083,0.052851576
17084,0.067113295
17085,0.018570576
17086,0.06338463
17087,0.20037869
17088,0.36803505
17089,0.43131322
17090,0.08593426
17091,0.023281604
17092,0.06142294
17093,0.017657693
17094,0.07225987
17095,0.14227925
17096,0.014655696
17097,0.035973556
17098,0.017312156
17099,0.03551014
17100,0.010924918
17101,0.029460544
17102,0.098200776
17103,0.12854151
17104,0.39860833
17105,0.028122505
17106,0.02870511
17107,0.05286655
17108,0.09596131
17109,0.11835616
17110,0.3519619
17111,0.086376876
17112,0.004203261
17113,0.1211212
17114,0.038402732
17115,0.08165229
17116,0.12980305
17117,0.060695887
17118,0.018625073
17119,0.19582112
17120,0.010478922
17121,0.014918353
17122,0.030479858
17123,0.16401537
17124,0.09172292
17125,0.06110411
17126,0.028425388
17127,0.042881653
17128,0.085303135
17129,0.28815597
17130,0.028725607
17131,0.019212969
17132,0.02953728
17133,0.042361245
17134,0.06941156
17135,0.17392918
17136,0.07243898
17137,0.26622057
17138,0.101772256
17139,0.030954475
17140,0.015330906
17141,0.051068027
17142,0.050939035
17143,0.0287568
17144,0.26264593
17145,0.12443378
17146,0.019256553
17147,0.11890185
17148,0.06995658
17149,0.019922137
17150,0.42095292
17151,0.6423383
17152,0.24047169
17153,0.069397695
17154,0.005210018
17155,0.074509814
17156,0.040966175
17157,0.083185606
17158,0.08206967
17159,0.085106395
17160,0.88662064
17161,0.02102685
17162,0.07999983
17163,0.08879446
17164,0.08139654
17165,0.016965473
17166,0.0409567
17167,0.14062032
17168,0.41752902
17169,0.07364859
17170,0.13835414
17171,0.026346233
17172,0.053860467
17173,0.025062645
17174,0.10086298
17175,0.031657193
17176,0.030230345
17177,0.004917126
17178,0.06381416
17179,0.05387143
17180,0.020138595
17181,0.05128166
17182,0.006833347
17183,0.013543294
17184,0.124221765
17185,0.04162221
17186,0.04731533
17187,0.018044138
17188,0.03561978
17189,0.0890315
17190,0.1107416
17191,0.021865878
17192,0.060259983
17193,0.7523573
17194,0.07032137
17195,0.10562529
17196,0.04553072
17197,0.036706418
17198,0.054094702
17199,0.058388773
17200,0.0147891175
17201,0.019014234
17202,0.2897269
17203,0.03216288
17204,0.0019085166
17205,0.0016428194
17206,0.0025712848
17207,0.013148069
17208,0.008550735
17209,0.053686988
17210,0.10979836
17211,0.023987198
17212,0.01426947
17213,0.11663426
17214,0.044954784
17215,0.028438473
17216,0.048481934
17217,0.37670997
17218,0.029097227
17219,0.0033521184
17220,0.019785134
17221,0.054558363
17222,0.008807384
17223,0.042174634
17224,0.14807619
17225,0.07717533
17226,0.011481674
17227,0.011942317
17228,0.07136777
17229,0.13706352
17230,0.09943973
17231,0.0805297
17232,0.072099485
17233,0.028664745
17234,0.05654074
17235,0.017221238
17236,0.21390624
17237,0.26491043
17238,0.13223323
17239,0.008782649
17240,0.011699842
17241,0.0355446
17242,0.015356577
17243,0.014528723
17244,0.019416207
17245,0.0145237185
17246,0.024871252
17247,0.010929554
17248,0.011761056
17249,0.0069373697
17250,0.029176768
17251,0.061115533
17252,0.057111107
17253,0.113702334
17254,0.00912075
17255,0.13977972
17256,0.008976296
17257,0.1903755
17258,0.0138260005
17259,0.028414207
17260,0.01317707
17261,0.011521521
17262,0.020236503
17263,0.02352909
17264,0.0109049855
17265,0.026676835
17266,0.0086377375
17267,0.013285097
17268,0.07040359
17269,0.030710116
17270,0.047855478
17271,0.05283917
17272,0.01773997
17273,0.013547947
17274,0.007565169
17275,0.108984254
17276,0.03062443
17277,0.054760337
17278,0.0069690896
17279,0.0073100966
17280,0.026577618
17281,0.07932814
17282,0.006587401
17283,0.013136761
17284,0.17518133
17285,0.060312867
17286,0.063810915
17287,0.06372891
17288,0.015408206
17289,0.09609436
17290,0.02446419
17291,0.012828149
17292,0.0051464485
17293,0.09117709
17294,0.076802604
17295,0.00042817887
17296,0.12079272
17297,0.022888202
17298,0.03138178
17299,0.035424143
17300,0.02980156
17301,0.02783738
17302,0.011780762
17303,0.012111954
17304,0.00999
17305,0.037165835
17306,0.0071410425
17307,0.06499799
17308,0.06372681
17309,0.006977806
17310,0.2602743
17311,0.0212344
17312,0.026852874
17313,0.011742631
17314,0.004623414
17315,0.01834672
17316,0.055146795
17317,0.023556618
17318,0.008799109
17319,0.022104092
17320,0.010645776
17321,0.026615893
17322,0.016934799
17323,0.03225107
17324,0.09743508
17325,0.13627797
17326,0.092947565
17327,0.022319248
17328,0.03445255
17329,0.024758097
17330,0.046706304
17331,0.2150155
17332,0.02797688
17333,0.03346579
17334,0.069031395
17335,0.037769943
17336,0.013779302
17337,0.1007352
17338,0.06047569
17339,0.040131595
17340,0.12097048
17341,0.3686521
17342,0.006347998
17343,0.03262923
17344,0.03027517
17345,0.25851715
17346,0.05253551
17347,0.25957164
17348,0.06717835
17349,0.109198175
17350,0.042401075
17351,0.010494218
17352,0.016689178
17353,0.014226383
17354,0.012162864
17355,0.36230695
17356,0.021601409
17357,0.6631334
17358,0.24723034
17359,0.02997814
17360,0.24584554
17361,0.028920688
17362,0.047237545
17363,0.035331875
17364,0.02161249
17365,0.012849856
17366,0.08330884
17367,0.24324065
17368,0.43273982
17369,0.43950695
17370,0.09787029
17371,0.2368995
17372,0.05355027
17373,0.043327343
17374,0.05529208
17375,0.010076477
17376,0.064258374
17377,0.02884959
17378,0.37731495
17379,0.10266449
17380,0.24153224
17381,0.4251634
17382,0.08643663
17383,0.014385913
17384,0.47902825
17385,0.058730442
17386,0.30708024
17387,0.049162365
17388,0.048026025
17389,0.02961434
17390,0.05859214
17391,0.02152359
17392,0.06925513
17393,0.07456097
17394,0.06888599
17395,0.028602863
17396,0.029287755
17397,0.047393173
17398,0.38874248
17399,0.050693236
17400,0.03851261
17401,0.056785736
17402,0.053032983
17403,0.066808045
17404,0.034515385
17405,0.033187266
17406,0.032985263
17407,0.07471577
17408,0.02486099
17409,0.049594637
17410,0.14721066
17411,0.25489256
17412,0.04144542
17413,0.04283314
17414,0.024375303
17415,0.015604895
17416,0.013771731
17417,0.42828986
17418,0.089586884
17419,0.064391606
17420,0.38321152
17421,0.30097672
17422,0.008904624
17423,0.066522084
17424,0.0520675
17425,0.019722205
17426,0.021283656
17427,0.016844902
17428,0.006876024
17429,0.035389382
17430,0.0024698372
17431,0.09932673
17432,0.070890635
17433,0.06209567
17434,0.0820345
17435,0.25025892
17436,0.39005584
17437,0.018375881
17438,0.1844061
17439,0.045427352
17440,0.012661316
17441,0.0352287
17442,0.026913363
17443,0.03658821
17444,0.26951617
17445,0.045000445
17446,0.01031049
17447,0.059446223
17448,0.043921266
17449,0.22925295
17450,0.4615707
17451,0.045282215
17452,0.06117181
17453,0.026214158
17454,0.04117852
17455,0.055420738
17456,0.020270221
17457,0.027323626
17458,0.01381371
17459,0.10250149
17460,0.1666185
17461,0.08695454
17462,0.08104705
17463,0.05089022
17464,0.006503088
17465,0.030974818
17466,0.032706983
17467,0.03187735
17468,0.09881871
17469,0.06679977
17470,0.24140327
17471,0.02589551
17472,0.049339417
17473,0.040606182
17474,0.025286758
17475,0.02375883
17476,0.025821516
17477,0.04422207
17478,0.020282917
17479,0.024458282
17480,0.06786997
17481,0.1913356
17482,0.28856698
17483,0.052550223
17484,0.03963845
17485,0.038033858
17486,0.098500185
17487,0.06718154
17488,0.013113741
17489,0.055695467
17490,0.009236633
17491,0.027982766
17492,0.15604854
17493,0.027820539
17494,0.025476104
17495,0.03087448
17496,0.075622775
17497,0.084346354
17498,0.26694128
17499,0.2595839
17500,0.26298627
17501,0.081451476
17502,0.054271217
17503,0.027157634
17504,0.062246885
17505,0.051897347
17506,0.010408228
17507,0.13331215
17508,0.05213023
17509,0.5136016
17510,0.12336077
17511,0.025168499
17512,0.120864324
17513,0.0537847
17514,0.052056212
17515,0.01622627
17516,0.06383793
17517,0.018955817
17518,0.022829402
17519,0.08998847
17520,0.04756928
17521,0.0919849
17522,0.08186883
17523,0.14011778
17524,0.26203987
17525,0.29194427
17526,0.08954625
17527,0.034352064
17528,0.10537761
17529,0.019123722
17530,0.042064697
17531,0.091035604
17532,0.06497828
17533,0.13254502
17534,0.045951094
17535,0.11214898
17536,0.038750652
17537,0.060889974
17538,0.03712416
17539,0.021594903
17540,0.13162448
17541,0.0091468375
17542,0.029213605
17543,0.06484298
17544,0.025629614
17545,0.013961898
17546,0.025612244
17547,0.037712354
17548,0.065444864
17549,0.09210877
17550,0.15359992
17551,0.13070494
17552,0.25887197
17553,0.26297185
17554,0.1683249
17555,0.022505134
17556,0.116845176
17557,0.06032265
17558,0.04959335
17559,0.095905274
17560,0.036923207
17561,0.043121386
17562,0.010850559
17563,0.053614516
17564,0.085889824
17565,0.03134975
17566,0.057390016
17567,0.0040117423
17568,0.01921175
17569,0.027526433
17570,0.09164441
17571,0.014156706
17572,0.03918718
17573,0.12099969
17574,0.069700345
17575,0.16904281
17576,0.34214228
17577,0.13382797
17578,0.13857317
17579,0.08634506
17580,0.096021235
17581,0.094249874
17582,0.09325983
17583,0.06394251
17584,0.008523807
17585,0.0230198
17586,0.28653365
17587,0.075662084
17588,0.09060325
17589,0.06676633
17590,0.08088007
17591,0.024884623
17592,0.016587943
17593,0.020540668
17594,0.04276178
17595,0.19083863
17596,0.08044839
17597,0.057078507
17598,0.14814705
17599,0.64039016
17600,0.12119517
17601,0.026531072
17602,0.4155244
17603,0.079844266
17604,0.2672813
17605,0.19443898
17606,0.07649067
17607,0.021670548
17608,0.05785624
17609,0.114763945
17610,0.16223004
17611,0.0491724
17612,0.2668384
17613,0.09254511
17614,0.07347524
17615,0.011736013
17616,0.0153385345
17617,0.018896958
17618,0.06272161
17619,0.08112509
17620,0.016460469
17621,0.15697142
17622,0.16413595
17623,0.16728714
17624,0.114600725
17625,0.048611898
17626,0.13907039
17627,0.26785728
17628,0.36550152
17629,0.06699553
17630,0.062147677
17631,0.0241693
17632,0.011197396
17633,0.073895276
17634,0.4817758
17635,0.10126339
17636,0.34633723
17637,0.25544605
17638,0.009675471
17639,0.0032922965
17640,0.01316021
17641,0.04897065
17642,0.06948346
17643,0.2788029
17644,0.2737255
17645,0.11543853
17646,0.12192179
17647,0.18598056
17648,0.17492597
17649,0.1752619
17650,0.21101663
17651,0.3688445
17652,0.09557709
17653,0.06381795
17654,0.10646945
17655,0.06637353
17656,0.2854742
17657,0.8658425
17658,0.05369694
17659,0.38415945
17660,0.053852
17661,0.2773707
17662,0.012457118
17663,0.058049873
17664,0.097806685
17665,0.020013494
17666,0.059396643
17667,0.019428164
17668,0.4237557
17669,0.06628767
17670,0.12025174
17671,0.27809572
17672,0.16663773
17673,0.21515988
17674,0.38005838
17675,0.3729503
17676,0.17523718
17677,0.25252596
17678,0.25854287
17679,0.9117951
17680,0.3199442
17681,0.42287883
17682,0.023824306
17683,0.24439342
17684,0.06832344
17685,0.022772202
17686,0.018602107
17687,0.013214897
17688,0.07326896
17689,0.026164291
17690,0.052174293
17691,0.087043315
17692,0.14025931
17693,0.1331006
17694,0.14389946
17695,0.12609209
17696,0.26118577
17697,0.25945285
17698,0.11525955
17699,0.4016206
17700,0.02381237
17701,0.067135856
17702,0.9011397
17703,0.89934325
17704,0.5459939
17705,0.009956042
17706,0.026248416
17707,0.01732062
17708,0.079099886
17709,0.39703
17710,0.08211681
17711,0.018132443
17712,0.06206496
17713,0.01336731
17714,0.06543367
17715,0.08968882
17716,0.0675272
17717,0.01675112
17718,0.41532183
17719,0.032115337
17720,0.050203804
17721,0.27204183
17722,0.15217866
17723,0.073429815
17724,0.07080901
17725,0.2596813
17726,0.3686156
17727,0.028989239
17728,0.13445187
17729,0.11652735
17730,0.11800268
17731,0.9145479
17732,0.8370036
17733,0.5489988
17734,0.016117493
17735,0.07508956
17736,0.024034316
17737,0.30540392
17738,0.090054624
17739,0.2737781
17740,0.085598074
17741,0.0230397
17742,0.11814665
17743,0.13710183
17744,0.16858578
17745,0.17180093
17746,0.4991601
17747,0.46132275
17748,0.27581993
17749,0.18351898
17750,0.12423485
17751,0.08748828
17752,0.14935647
17753,0.056660164
17754,0.034543496
17755,0.14608341
17756,0.14329639
17757,0.0675054
17758,0.11622928
17759,0.027887706
17760,0.90417606
17761,1.0293871
17762,0.9708516
17763,0.13723512
17764,0.054307036
17765,0.2551519
17766,0.2997878
17767,0.022903
17768,0.02252502
17769,0.04807402
17770,0.13334258
17771,0.06979598
17772,0.44740275
17773,0.9928523
17774,0.10415516
17775,0.15269226
17776,0.1309217
17777,0.19065802
17778,0.10397893
17779,0.39887327
17780,0.121706896
17781,0.045334473
17782,0.09756238
17783,0.117822506
17784,0.12299391
17785,0.059021175
17786,0.024236282
17787,0.29990527
17788,0.42866525
17789,0.16854388
17790,0.09028432
17791,0.12641013
17792,0.08148647
17793,0.2760657
17794,0.028470425
17795,0.04940202
17796,0.052116066
17797,0.019235807
17798,0.025818702
17799,0.055231974
17800,0.05634854
17801,0.41346586
17802,0.4584966
17803,0.2841021
17804,0.27537683
17805,0.1659234
17806,0.19998297
17807,0.18626913
17808,0.51748586
17809,0.06847068
17810,0.031795368
17811,0.046450406
17812,0.033527233
17813,0.14953203
17814,0.16181518
17815,0.14514115
17816,0.4396978
17817,0.28084844
17818,0.25847277
17819,1.0753288
17820,0.1453067
17821,0.02129938
17822,0.14270584
17823,0.25229502
17824,0.023706526
17825,0.06513297
17826,0.192943
17827,0.07746696
17828,0.04572105
17829,0.046214934
17830,0.059562165
17831,0.27313012
17832,0.4353594
17833,0.2879181
17834,0.50181466
17835,0.44120297
17836,0.17835252
17837,0.17865835
17838,0.27554145
17839,0.030150292
17840,0.16945347
17841,0.08180823
17842,0.06113552
17843,0.4341327
17844,0.27038074
17845,0.06928139
17846,0.021598728
17847,0.52071226
17848,0.4313297
17849,0.08985702
17850,0.12335749
17851,0.087415814
17852,0.05726611
17853,0.011851951
17854,0.032157175
17855,0.06968507
17856,0.11692146
17857,0.12976749
17858,0.17584582
17859,0.43012694
17860,0.9560206
17861,0.43071356
17862,0.38984177
17863,0.57086825
17864,0.10653005
17865,0.07804035
17866,0.08082113
17867,0.1498083
17868,0.19569765
17869,0.0752751
17870,0.03242203
17871,0.076294005
17872,0.14877562
17873,0.018982485
17874,0.054193743
17875,0.11531256
17876,0.02251919
17877,0.017666318
17878,0.023065938
17879,0.011423848
17880,0.039382637
17881,0.08886107
17882,0.07583431
17883,0.1184026
17884,0.28274027
17885,0.20261236
17886,0.44630685
17887,0.83049816
17888,0.6589382
17889,0.29370457
17890,0.12217323
17891,0.046302512
17892,0.02089373
17893,0.059247997
17894,0.12753496
17895,0.019752609
17896,0.013414208
17897,0.036562745
17898,0.9281606
17899,0.05430424
17900,0.019726058
17901,0.06927997
17902,0.056577757
17903,0.117206365
17904,0.039513577
17905,0.051020507
17906,0.017767869
17907,0.048428863
17908,0.014792871
17909,0.018907083
17910,0.033848308
17911,0.11881533
17912,0.155384
17913,0.5618428
17914,0.4312701
17915,0.27559108
17916,1.1189816
17917,0.40246752
17918,0.4803109
17919,0.24776106
17920,0.03856598
17921,0.031138036
17922,0.04024383
17923,0.058629043
17924,0.055073228
17925,0.039109785
17926,0.073616974
17927,0.41830683
17928,0.24014068
17929,0.3600896
17930,0.0296595
17931,0.120496295
17932,0.12880598
17933,0.14143696
17934,0.1714609
17935,0.044667076
17936,0.032414593
17937,0.053259633
17938,0.17957202
17939,0.9248476
17940,0.45725203
17941,0.5244468
17942,0.44680777
17943,0.28060314
17944,0.2616186
17945,0.09731314
17946,0.04521291
17947,0.025885027
17948,0.015412723
17949,0.047962956
17950,0.033338685
17951,0.13408092
17952,0.14680105
17953,0.08353029
17954,0.208048
17955,0.0277702
17956,0.07213398
17957,0.013060495
17958,0.39671147
17959,0.043116715
17960,0.0122217005
17961,0.013301686
17962,0.15997028
17963,0.26795053
17964,0.044618763
17965,0.019176168
17966,0.26755574
17967,0.27626058
17968,0.09721093
17969,0.10640385
17970,0.027597511
17971,0.10309645
17972,0.08912253
17973,0.0450607
17974,0.13485421
17975,0.122206494
17976,0.048655987
17977,0.031040452
17978,0.12694672
17979,0.10409822
17980,0.03848423
17981,0.1609774
17982,0.05061187
17983,0.06178063
17984,0.018886533
17985,0.06294725
17986,0.19411033
17987,0.3656867
17988,0.45291772
17989,0.09133325
17990,0.015858069
17991,0.02737757
17992,0.06135469
17993,0.01779963
17994,0.07293719
17995,0.13704258
17996,0.013680797
17997,0.03315688
17998,0.014878591
17999,0.019757167
18000,0.009266965
18001,0.024754776
18002,0.09613187
18003,0.12611657
18004,0.39849576
18005,0.024069957
18006,0.027224448
18007,0.20155182
18008,0.093606345
18009,0.12103532
18010,0.36023703
18011,0.08948912
18012,0.0036765048
18013,0.12285829
18014,0.036727656
18015,0.08180475
18016,0.12885502
18017,0.018231157
18018,0.19523211
18019,0.02818092
18020,0.1606704
18021,0.09127843
18022,0.060518865
18023,0.025786404
18024,0.04220551
18025,0.084216096
18026,0.29888237
18027,0.02910707
18028,0.019511268
18029,0.027265804
18030,0.044333886
18031,0.06953244
18032,0.16793902
18033,0.07027396
18034,0.2696782
18035,0.09791511
18036,0.030503144
18037,0.014265904
18038,0.049859922
18039,0.05157666
18040,0.027601173
18041,0.27187312
18042,0.14145449
18043,0.020593168
18044,0.11456352
18045,0.06945045
18046,0.018013809
18047,0.021509616
18048,0.40774304
18049,0.6217141
18050,0.24927604
18051,0.070301436
18052,0.076646805
18053,0.043465506
18054,0.03906095
18055,0.083431974
18056,0.08601195
18057,0.08751304
18058,0.914411
18059,0.079419196
18060,0.01662883
18061,0.08485285
18062,0.07767093
18063,0.016461063
18064,0.040013317
18065,0.13488694
18066,0.44223917
18067,0.07305833
18068,0.24100241
18069,0.025055071
18070,0.057855714
18071,0.023613144
18072,0.101974644
18073,0.032224067
18074,0.028543768
18075,0.00785815
18076,0.061787523
18077,0.05541909
18078,0.020146959
18079,0.013560516
18080,0.052078344
18081,0.014680731
18082,0.13344
18083,0.041813087
18084,0.04840423
18085,0.01638165
18086,0.03326882
18087,0.08792305
18088,0.10486578
18089,0.022699188
18090,0.057591554
18091,0.8338153
18092,0.06947693
18093,0.22399203
18094,0.045876525
18095,0.034649808
18096,0.05477178
18097,0.05882371
18098,0.012974815
18099,0.285469
18100,0.030861525
18101,0.0035605936
18102,0.010757189
18103,0.05067674
18104,0.11027159
18105,0.02195557
18106,0.121785484
18107,0.044220973
18108,0.025849884
18109,0.049427386
18110,0.37339157
18111,0.029675068
18112,0.020050678
18113,0.008200028
18114,0.017926894
18115,0.012558295
18116,0.054189246
18117,0.03990902
18118,0.142714
18119,0.07803431
18120,0.014287183
18121,0.072558016
18122,0.14097358
18123,0.09885069
18124,0.07990285
18125,0.07022545
18126,0.029225767
18127,0.057272855
18128,0.21793787
18129,0.26814467
18130,0.12519151
18131,0.0046606185
18132,0.037087694
18133,0.014460684
18134,0.012834649
18135,0.01863013
18136,0.012368322
18137,0.023042275
18138,0.013063485
18139,0.030258624
18140,0.06355309
18141,0.05558151
18142,0.11773943
18143,0.009114393
18144,0.13126369
18145,0.010543633
18146,0.1806196
18147,0.0276401
18148,0.011233739
18149,0.011302133
18150,0.017732503
18151,0.021784369
18152,0.011388417
18153,0.026384477
18154,0.016868135
18155,0.07142468
18156,0.031212576
18157,0.047986362
18158,0.01649877
18159,0.051104404
18160,0.0149964485
18161,0.006784443
18162,0.008205766
18163,0.007909076
18164,0.12061693
18165,0.028777352
18166,0.053907085
18167,0.0075163194
18168,0.029597886
18169,0.017727219
18170,0.09544292
18171,0.28327128
18172,0.062059518
18173,0.06642205
18174,0.0653228
18175,0.09935761
18176,0.022997342
18177,0.010001725
18178,0.09459857
18179,0.089149795
18180,0.0058237826
18181,0.14107552
18182,0.022118479
18183,0.028615586
18184,0.035097044
18185,0.035694584
18186,0.026430892
18187,0.025802579
18188,0.0043592076
18189,0.0104915025
18190,0.012113652
18191,0.006643513
18192,0.036965583
18193,0.008708552
18194,0.003856824
18195,0.07551524
18196,0.06633233
18197,0.01145871
18198,0.006273374
18199,0.26660705
18200,0.02072333
18201,0.02568297
18202,0.013873389
18203,0.028427465
18204,0.004318371
18205,0.0088243745
18206,0.01657
18207,0.055512268
18208,0.02307066
18209,0.01059218
18210,0.022514842
18211,0.030926898
18212,0.007876503
18213,0.0081629725
18214,0.034227733
18215,0.1299262
18216,0.15085098
18217,0.021511083
18218,0.09167897
18219,0.020431042
18220,0.008229881
18221,0.033162627
18222,0.04126393
18223,0.22526146
18224,0.022895094
18225,0.032156345
18226,0.074868664
18227,0.04407962
18228,0.018778237
18229,0.10728174
18230,0.040574048
18231,0.058578167
18232,0.041742764
18233,0.36122337
18234,0.35773852
18235,0.032380708
18236,0.15199006
18237,0.061090987
18238,0.2744214
18239,0.063089214
18240,0.12111024
18241,0.008567376
18242,0.05348229
18243,0.037480135
18244,0.015930256
18245,0.24229065
18246,0.027659807
18247,0.62836295
18248,0.23836656
18249,0.0359109
18250,0.11733424
18251,0.044209935
18252,0.010171091
18253,0.028880015
18254,0.026473796
18255,0.045376457
18256,0.032510806
18257,0.013916179
18258,0.015305683
18259,0.09201341
18260,0.23924693
18261,0.45841902
18262,0.4445544
18263,0.05252354
18264,0.2551507
18265,0.023013216
18266,0.05217259
18267,0.036728557
18268,0.05225657
18269,0.058341768
18270,0.38417587
18271,0.10709622
18272,0.13451199
18273,0.44115204
18274,0.08665578
18275,0.018369945
18276,0.47036976
18277,0.05796507
18278,0.5442891
18279,0.049517915
18280,0.043417547
18281,0.03322963
18282,0.058407515
18283,0.073071875
18284,0.20236035
18285,0.068507895
18286,0.026179947
18287,0.026349895
18288,0.049686182
18289,0.2894605
18290,0.044195455
18291,0.032372456
18292,0.05245561
18293,0.0551158
18294,0.06718478
18295,0.033296883
18296,0.038180657
18297,0.078381635
18298,0.047073655
18299,0.13845713
18300,0.25706133
18301,0.042775214
18302,0.03650241
18303,0.027506785
18304,0.014965168
18305,0.40756541
18306,0.09272584
18307,0.067347504
18308,0.27545336
18309,0.30324435
18310,0.07394256
18311,0.052520115
18312,0.017105589
18313,0.022851383
18314,0.016446473
18315,0.0065629696
18316,0.002978471
18317,0.09089858
18318,0.010183944
18319,0.0647872
18320,0.0622532
18321,0.083801284
18322,0.15293911
18323,0.40708745
18324,0.018118033
18325,0.18958032
18326,0.045390118
18327,0.010248553
18328,0.029760646
18329,0.0276602
18330,0.17654823
18331,0.043497477
18332,0.010112773
18333,0.054127403
18334,0.043265216
18335,0.025673011
18336,0.12916775
18337,0.4436448
18338,0.041970443
18339,0.06252585
18340,0.021246435
18341,0.02493099
18342,0.043358248
18343,0.05861637
18344,0.010177189
18345,0.029667962
18346,0.0126834065
18347,0.102276124
18348,0.1683223
18349,0.09080661
18350,0.08688479
18351,0.055298187
18352,0.02889112
18353,0.030929474
18354,0.027490592
18355,0.037521858
18356,0.09624809
18357,0.06491558
18358,0.24176031
18359,0.023039918
18360,0.04940978
18361,0.038969904
18362,0.025594484
18363,0.023190526
18364,0.026359666
18365,0.0457418
18366,0.022439286
18367,0.06802747
18368,0.19148391
18369,0.4071743
18370,0.047846742
18371,0.039917793
18372,0.03690273
18373,0.09845053
18374,0.06361966
18375,0.013009076
18376,0.053863302
18377,0.16052797
18378,0.026124446
18379,0.026775226
18380,0.032398865
18381,0.0050138854
18382,0.21816047
18383,0.085790806
18384,0.26833
18385,0.26238552
18386,0.2623195
18387,0.08177002
18388,0.051889572
18389,0.025535094
18390,0.059920896
18391,0.04952972
18392,0.008359241
18393,0.12756413
18394,0.053258933
18395,0.54394186
18396,0.12478474
18397,0.022872651
18398,0.12019897
18399,0.053870294
18400,0.050117236
18401,0.017363131
18402,0.055171996
18403,0.017316246
18404,0.018731233
18405,0.023309944
18406,0.09026081
18407,0.04969854
18408,0.23858653
18409,0.077352196
18410,0.14095788
18411,0.25736257
18412,0.3942685
18413,0.08756666
18414,0.033254113
18415,0.10584078
18416,0.017886126
18417,0.04035891
18418,0.0032012598
18419,0.024035603
18420,0.0052725705
18421,0.090667225
18422,0.06103614
18423,0.12948526
18424,0.045587152
18425,0.11444033
18426,0.038197372
18427,0.059987996
18428,0.032487802
18429,0.129138
18430,0.026028134
18431,0.062147103
18432,0.026388869
18433,0.024269678
18434,0.038720235
18435,0.06376378
18436,0.08946603
18437,0.15416466
18438,0.1302505
18439,0.26717085
18440,0.16004732
18441,0.17076105
18442,0.017953133
18443,0.11533421
18444,0.013492538
18445,0.05949145
18446,0.007445289
18447,0.04649138
18448,0.09743027
18449,0.026422534
18450,0.05244537
18451,0.038826074
18452,0.010355838
18453,0.055129513
18454,0.082016796
18455,0.032293133
18456,0.05684294
18457,0.022589944
18458,0.09491902
18459,0.017203098
18460,0.036976248
18461,0.1226892
18462,0.07054456
18463,0.16972962
18464,0.32769716
18465,0.1307423
18466,0.14404702
18467,0.083526
18468,0.098054
18469,0.091062024
18470,0.09254131
18471,0.06270979
18472,0.0077632964
18473,0.022446807
18474,0.1933085
18475,0.0698235
18476,0.08654145
18477,0.06044662
18478,0.078833364
18479,0.024871211
18480,0.01589551
18481,0.021944571
18482,0.044178445
18483,0.19120014
18484,0.08074258
18485,0.057045244
18486,0.1491061
18487,0.695359
18488,0.12356488
18489,0.025437037
18490,0.41345066
18491,0.07660369
18492,0.26357624
18493,0.20130676
18494,0.07277705
18495,0.01753846
18496,0.056717426
18497,0.12710601
18498,0.054400623
18499,0.11159259
18500,0.16065706
18501,0.047409605
18502,0.25853345
18503,0.087662265
18504,0.06931389
18505,0.006757536
18506,0.016082821
18507,0.020414386
18508,0.06081763
18509,0.08093573
18510,0.016538229
18511,0.15158258
18512,0.16808057
18513,0.25545865
18514,0.11101483
18515,0.04591199
18516,0.1392427
18517,0.18873517
18518,0.37816906
18519,0.062308848
18520,0.057347443
18521,0.027101409
18522,0.009042857
18523,0.07581949
18524,0.44831413
18525,0.040648647
18526,0.10553892
18527,0.37133396
18528,0.16603127
18529,0.011662309
18530,0.0027010443
18531,0.011467629
18532,0.050121058
18533,0.06858005
18534,0.27448305
18535,0.27144563
18536,0.11653455
18537,0.12083192
18538,0.18155299
18539,0.17257243
18540,0.1698462
18541,0.21105842
18542,0.3946897
18543,0.09255285
18544,0.02068558
18545,0.060651273
18546,0.104548626
18547,0.06714151
18548,0.4256631
18549,0.88219774
18550,0.005378239
18551,0.046049975
18552,0.37402555
18553,0.051160183
18554,0.379362
18555,0.061740328
18556,0.098786786
18557,0.02081344
18558,0.05783916
18559,0.44266745
18560,0.06096149
18561,0.11998549
18562,0.27548766
18563,0.16906323
18564,0.26754072
18565,0.39542133
18566,0.38239798
18567,0.028033504
18568,0.26772252
18569,0.2555432
18570,0.13454701
18571,0.8772771
18572,0.31793356
18573,0.41853604
18574,0.026626037
18575,0.14287147
18576,0.0674799
18577,0.02343882
18578,0.020769825
18579,0.007705739
18580,0.01276957
18581,0.07227636
18582,0.011922223
18583,0.023847703
18584,0.048865423
18585,0.22852087
18586,0.13954145
18587,0.1311535
18588,0.14549842
18589,0.12133904
18590,0.25883803
18591,0.26963502
18592,0.02797816
18593,0.11561075
18594,0.2671566
18595,0.069785334
18596,0.9291764
18597,0.8796512
18598,0.59308654
18599,0.028076304
18600,0.080295615
18601,0.4160367
18602,0.08052561
18603,0.014871115
18604,0.05764957
18605,0.010837857
18606,0.06360944
18607,0.08962718
18608,0.06463076
18609,0.015234739
18610,0.40960988
18611,0.029776163
18612,0.04449767
18613,0.1502727
18614,0.15050527
18615,0.0729074
18616,0.06842642
18617,0.25204223
18618,0.35947096
18619,0.026694072
18620,0.13326961
18621,0.11131115
18622,0.2611836
18623,0.9425407
18624,0.87140054
18625,0.55903447
18626,0.0169181
18627,0.07197036
18628,0.026074558
18629,0.30203235
18630,0.09315863
18631,0.2743868
18632,0.07864557
18633,0.021785345
18634,0.11572583
18635,0.1381363
18636,0.16360217
18637,0.18042862
18638,0.46706933
18639,0.46164414
18640,0.27260658
18641,0.186927
18642,0.12432263
18643,0.08405746
18644,0.14783344
18645,0.05103752
18646,0.034229424
18647,0.14140628
18648,0.14673488
18649,0.069517165
18650,0.116200924
18651,0.02506121
18652,0.927679
18653,1.037533
18654,0.9805861
18655,0.13560002
18656,0.053261884
18657,0.14197724
18658,0.3869732
18659,0.025701217
18660,0.022681968
18661,0.021238677
18662,0.048815276
18663,0.13124411
18664,0.06609767
18665,0.441202
18666,1.0071703
18667,0.10080848
18668,0.15149224
18669,0.13569179
18670,0.18766366
18671,0.10274524
18672,0.42001173
18673,0.24810538
18674,0.045091093
18675,0.10310686
18676,0.12092712
18677,0.123958915
18678,0.05603248
18679,0.028781483
18680,0.29855406
18681,0.295999
18682,0.16938579
18683,0.082865454
18684,0.028844036
18685,0.12063887
18686,0.07689063
18687,0.27708685
18688,0.029315485
18689,0.04820123
18690,0.05389526
18691,0.018581662
18692,0.023923494
18693,0.054777104
18694,0.057325926
18695,0.43637395
18696,0.75287
18697,0.2756
18698,0.21215881
18699,0.15522918
18700,0.20125057
18701,0.18002582
18702,0.5103018
18703,0.06847971
18704,0.02886392
18705,0.04069315
18706,0.03258057
18707,0.1486616
18708,0.16090494
18709,0.13374981
18710,0.4144564
18711,0.2724156
18712,0.2615859
18713,1.0675869
18714,0.13878527
18715,0.018282477
18716,0.14328936
18717,0.25508025
18718,0.021885585
18719,0.06480452
18720,0.41964492
18721,0.07591154
18722,0.046076104
18723,0.044260014
18724,0.05819893
18725,0.26860243
18726,0.41850817
18727,0.4077869
18728,0.49964392
18729,0.45086133
18730,0.17850854
18731,0.17701975
18732,0.37520373
18733,0.16895661
18734,0.08250728
18735,0.060544237
18736,0.4219598
18737,0.26952696
18738,0.06506803
18739,0.017622646
18740,0.52839535
18741,0.28082532
18742,0.008354193
18743,0.08994625
18744,0.12627806
18745,0.0862733
18746,0.054235034
18747,0.011379731
18748,0.011126331
18749,0.0143116005
18750,0.031183643
18751,0.06863471
18752,0.11689031
18753,0.12951618
18754,0.1772982
18755,0.4020215
18756,0.9250205
18757,0.43449822
18758,0.37521198
18759,0.56576926
18760,0.105759405
18761,0.015591929
18762,0.068693265
18763,0.07907532
18764,0.15082173
18765,0.19325183
18766,0.07174209
18767,0.030630957
18768,0.07074825
18769,0.14321767
18770,0.018656032
18771,0.006878388
18772,0.050409533
18773,0.11580129
18774,0.020828098
18775,0.01731543
18776,0.043371286
18777,0.02157822
18778,0.011133168
18779,0.036827248
18780,0.087729305
18781,0.069736466
18782,0.11649699
18783,0.42732355
18784,0.20248574
18785,0.4258539
18786,0.84573287
18787,0.6366728
18788,0.29259375
18789,0.121390134
18790,0.04736804
18791,0.017773192
18792,0.059853286
18793,0.12592207
18794,0.019349502
18795,0.012795789
18796,0.03567186
18797,0.93547547
18798,0.056199588
18799,0.018515144
18800,0.06814125
18801,0.05529295
18802,0.11329641
18803,0.040939007
18804,0.05140349
18805,0.041565478
18806,0.018223563
18807,0.019266365
18808,0.03299769
18809,0.11803719
18810,0.15025795
18811,0.5690527
18812,0.4284589
18813,0.27323836
18814,1.1467475
18815,0.40900677
18816,0.46629664
18817,0.24724603
18818,0.0062197656
18819,0.038197894
18820,0.028183145
18821,0.040950175
18822,0.055044323
18823,0.05177656
18824,0.021927888
18825,0.03997508
18826,0.07339528
18827,0.44458827
18828,0.09806435
18829,0.36670312
18830,0.027786722
18831,0.11541316
18832,0.13099065
18833,0.13979465
18834,0.17087862
18835,0.041809604
18836,0.0325773
18837,0.055819534
18838,0.17938963
18839,0.86238104
18840,0.46129003
18841,0.5340897
18842,0.2655582
18843,0.38894665
18844,0.19267185
18845,0.096895054
18846,0.044171665
18847,0.01538271
18848,0.04582696
18849,0.030602109
18850,0.13741833
18851,0.15000173
18852,0.08250199
18853,0.27680457
18854,0.026971845
18855,0.07140338
18856,0.00783037
18857,0.26869932
18858,0.03888884
18859,0.012492549
18860,0.013199557
18861,0.15610959
18862,0.26245293
18863,0.045195248
18864,0.018317066
18865,0.40487877
18866,0.2706787
18867,0.09461209
18868,0.10832744
18869,0.023795811
18870,0.102761544
18871,0.08858198
18872,0.043085407
18873,0.131063
18874,0.11831498
18875,0.046564948
18876,0.01123408
18877,0.2449153
18878,0.10305422
18879,0.037309784
18880,0.15797752
18881,0.05084992
18882,0.06615747
18883,0.015834771
18884,0.05998778
18885,0.19066483
18886,0.373275
18887,0.46694344
18888,0.085996956
18889,0.017817993
18890,0.024533257
18891,0.060343366
18892,0.06593326
18893,0.1379792
18894,0.012875812
18895,0.0338949
18896,0.014463157
18897,0.02113655
18898,0.010702942
18899,0.022373965
18900,0.09412076
18901,0.122048676
18902,0.39459017
18903,0.023263572
18904,0.025734859
18905,0.19586873
18906,0.093051426
18907,0.11911612
18908,0.36965945
18909,0.091296
18910,0.00294884
18911,0.0015856344
18912,0.23052193
18913,0.036927506
18914,0.01677067
18915,0.08035376
18916,0.1282839
18917,0.057620995
18918,0.013680773
18919,0.1999189
18920,0.010921105
18921,0.028135326
18922,0.15455492
18923,0.08993655
18924,0.056853242
18925,0.040126655
18926,0.080743335
18927,0.29355988
18928,0.026855154
18929,0.01804186
18930,0.02548263
18931,0.04276865
18932,0.0683878
18933,0.173255
18934,0.070334636
18935,0.2606891
18936,0.10096923
18937,0.028330112
18938,0.013700257
18939,0.0499917
18940,0.051546026
18941,0.028142098
18942,0.26964363
18943,0.14143595
18944,0.018380636
18945,0.11375332
18946,0.067907944
18947,0.018018164
18948,0.40763968
18949,0.64818
18950,0.12972961
18951,0.06896715
18952,0.006108862
18953,0.07521857
18954,0.04091495
18955,0.038942676
18956,0.07931824
18957,0.07823172
18958,0.08360312
18959,0.9036948
18960,0.080025956
18961,0.016699221
18962,0.08426874
18963,0.07896922
18964,0.015802586
18965,0.14098263
18966,0.3283298
18967,0.07286855
18968,0.13900068
18969,0.055376492
18970,0.02145425
18971,0.10171628
18972,0.030521885
18973,0.027592776
18974,0.0047595087
18975,0.061884545
18976,0.0529122
18977,0.019870035
18978,0.012517675
18979,0.05075128
18980,0.013526968
18981,0.13743275
18982,0.045870192
18983,0.03309598
18984,0.0786321
18985,0.103825815
18986,0.021889744
18987,0.056005646
18988,0.83976406
18989,0.06454351
18990,0.09777807
18991,0.044581506
18992,0.036036827
18993,0.052853066
18994,0.055309415
18995,0.01203899
18996,0.016208932
18997,0.3783726
18998,0.028418694
18999,0.002716893
19000,-0.00016340779
19001,-0.00019780367
19002,0.012006989
19003,0.009588105
19004,0.053945497
19005,0.11110749
19006,0.020352034
19007,0.01147066
19008,0.11326495
19009,0.04332162
19010,0.0059935227
19011,0.048289984
19012,0.2785644
19013,0.028693108
19014,0.0018472493
19015,0.018876957
19016,0.012376444
19017,0.053283136
19018,0.008618512
19019,0.039953418
19020,0.004465092
19021,0.14532028
19022,0.07589431
19023,0.00040571057
19024,0.008558064
19025,0.009017541
19026,0.012379896
19027,0.07282814
19028,0.14463967
19029,0.099127576
19030,0.08025475
19031,0.072320886
19032,0.026387107
19033,0.054852877
19034,0.22009827
19035,0.2587491
19036,0.23890908
19037,0.005106813
19038,0.03330629
19039,0.012608272
19040,0.011316075
19041,0.016013525
19042,0.011875276
19043,0.021338407
19044,0.004435262
19045,0.009996626
19046,0.00886677
19047,0.008575865
19048,0.028283268
19049,0.060521483
19050,0.054399148
19051,0.118595995
19052,0.00809677
19053,0.011873739
19054,0.13498446
19055,0.012279635
19056,0.26681164
19057,0.0088816825
19058,0.028064733
19059,0.010876881
19060,0.007895073
19061,0.017266378
19062,0.0216359
19063,0.010786366
19064,0.02794634
19065,0.009398439
19066,0.07170722
19067,0.028393535
19068,0.04918594
19069,0.016398953
19070,0.049392287
19071,0.015088348
19072,0.011254734
19073,0.006616063
19074,0.11886163
19075,0.027079545
19076,0.052645106
19077,0.028972574
19078,0.00786677
19079,0.016671661
19080,0.09756518
19081,0.01690633
19082,0.011614345
19083,0.011941815
19084,0.27507994
19085,0.060644776
19086,0.065440156
19087,0.06376774
19088,0.013124704
19089,0.09565926
19090,0.024159053
19091,0.009552409
19092,0.096136846
19093,0.0131378155
19094,0.0877107
19095,0.13618274
19096,0.02217082
19097,0.035005387
19098,0.03466488
19099,0.029660746
19100,0.02696271
19101,0.009440631
19102,0.006070248
19103,0.009968259
19104,0.038575903
19105,0.0078056226
19106,0.0064698053
19107,0.07197599
19108,0.06504489
19109,0.19042791
19110,0.02324291
19111,0.0027603162
19112,0.01797007
19113,0.05639647
19114,0.022945855
19115,0.02399102
19116,0.012060374
19117,0.029061822
19118,0.0067073423
19119,0.13318917
19120,0.13947648
19121,0.09515997
19122,0.018417696
19123,0.009155182
19124,0.037230108
19125,0.033617646
19126,0.047727436
19127,0.05490887
19128,0.02711956
19129,0.028662406
19130,0.033756807
19131,0.07957793
19132,0.043746006
19133,0.00717267
19134,0.10431492
19135,0.05420653
19136,0.043769695
19137,0.12503645
19138,0.35158926
19139,0.2541286
19140,0.06428824
19141,0.18136577
19142,0.07682357
19143,0.2565867
19144,0.046205826
19145,0.054688133
19146,0.037879646
19147,0.013580813
19148,0.11714597
19149,0.027195403
19150,0.67345715
19151,0.24933292
19152,0.0063798074
19153,0.11722271
19154,0.031225942
19155,0.046151005
19156,0.03474577
19157,0.016964449
19158,0.013377326
19159,0.08783314
19160,0.24088626
19161,0.3057036
19162,0.45289025
19163,0.05372733
19164,0.10306233
19165,0.13617332
19166,0.02341399
19167,0.052049484
19168,0.036726367
19169,0.052771345
19170,0.061824918
19171,0.031682346
19172,0.3730044
19173,0.10226397
19174,0.12454302
19175,0.41918308
19176,0.01826175
19177,0.43112072
19178,0.018039474
19179,0.057991218
19180,0.54942036
19181,0.049286783
19182,0.044256862
19183,0.03542181
19184,0.057671446
19185,0.06984375
19186,0.0801371
19187,0.070138454
19188,0.030118031
19189,0.025590159
19190,0.05257508
19191,0.28797784
19192,0.04594823
19193,0.032161612
19194,0.050956596
19195,0.05521714
19196,0.067660734
19197,0.029184086
19198,0.07838011
19199,0.04892985
19200,0.14710444
19201,0.15138516
19202,0.015003188
19203,0.038385645
19204,0.017102156
19205,0.013195354
19206,0.41885728
19207,0.09223575
19208,0.06206083
19209,0.3994238
19210,0.4413809
19211,0.06878923
19212,0.051523585
19213,0.014461101
19214,0.017807761
19215,0.015662786
19216,0.00637487
19217,0.034152683
19218,0.011364473
19219,0.06850277
19220,0.066715494
19221,0.07916861
19222,0.15225847
19223,0.41161373
19224,0.018182086
19225,0.19460246
19226,0.04458688
19227,0.008551812
19228,0.02912639
19229,0.026306545
19230,0.034040216
19231,0.26892114
19232,0.021175688
19233,0.039649963
19234,0.06217131
19235,0.043036733
19236,0.027149651
19237,0.2356365
19238,0.44956866
19239,0.046849325
19240,0.06210164
19241,0.022126034
19242,0.02630152
19243,0.043376975
19244,0.05237246
19245,0.030720351
19246,0.09683904
19247,0.16995755
19248,0.08895088
19249,0.08511069
19250,0.050581954
19251,0.027484724
19252,0.029735073
19253,0.030839935
19254,0.035943165
19255,0.09881409
19256,0.06801339
19257,0.24747914
19258,0.021735067
19259,0.049393505
19260,0.040242914
19261,0.026490817
19262,0.023669697
19263,0.024386073
19264,0.044104017
19265,0.022399925
19266,0.06884578
19267,0.20048933
19268,0.40686223
19269,0.048549835
19270,0.040247742
19271,0.035354212
19272,0.10787127
19273,0.06706602
19274,0.013247387
19275,0.05532479
19276,0.02645286
19277,0.15786865
19278,0.026810938
19279,0.025889821
19280,0.031386375
19281,0.0051547107
19282,0.22012956
19283,0.08347442
19284,0.26657045
19285,0.26191744
19286,0.2595887
19287,0.083131686
19288,0.052894976
19289,0.02644956
19290,0.06115364
19291,0.050993744
19292,0.0073268716
19293,0.1363169
19294,0.05299449
19295,0.530815
19296,0.12674245
19297,0.022942659
19298,0.12334225
19299,0.053498704
19300,0.021377113
19301,0.0082657905
19302,0.057160158
19303,0.016457984
19304,0.006225025
19305,0.019143341
19306,0.020957395
19307,0.08781083
19308,0.048712976
19309,0.23680206
19310,0.079009965
19311,0.13770536
19312,0.25976732
19313,0.40959805
19314,0.086116076
19315,0.03204537
19316,0.10422926
19317,0.01885387
19318,0.038581654
19319,0.0063519804
19320,0.022471573
19321,0.0057754237
19322,0.08810388
19323,0.06352807
19324,0.12853101
19325,0.045863498
19326,0.112574406
19327,0.038855508
19328,0.057967126
19329,0.032550327
19330,0.13025817
19331,0.0048624338
19332,0.05880026
19333,0.028564844
19334,0.013215861
19335,0.02498423
19336,0.036467887
19337,0.06622187
19338,0.09114092
19339,0.15511253
19340,0.12513447
19341,0.2710513
19342,0.15583065
19343,0.1694325
19344,0.02084506
19345,0.111082405
19346,0.05907083
19347,0.046810143
19348,0.09427461
19349,0.028429676
19350,0.052041043
19351,0.037689444
19352,0.056408186
19353,0.083157726
19354,0.028204592
19355,0.055161085
19356,0.023575632
19357,0.026476061
19358,0.09320846
19359,0.013878536
19360,0.03684842
19361,0.12627949
19362,0.069325246
19363,0.16933458
19364,0.32930616
19365,0.12945497
19366,0.2619416
19367,0.08379136
19368,0.09893231
19369,0.09354352
19370,0.09104026
19371,0.06346779
19372,0.0068855197
19373,0.026164915
19374,0.2860688
19375,0.07001673
19376,0.08654517
19377,0.06191432
19378,0.07963941
19379,0.015145514
19380,0.023547586
19381,0.04296196
19382,0.31182608
19383,0.08017766
19384,0.052461218
19385,0.14623024
19386,0.67781353
19387,0.12606764
19388,0.023591498
19389,0.4013633
19390,0.07750374
19391,0.26229477
19392,0.19906029
19393,0.07407903
19394,0.018918112
19395,0.05660544
19396,0.057568196
19397,0.11328608
19398,0.16412854
19399,0.045225266
19400,0.17001888
19401,0.08565174
19402,0.07056774
19403,0.017835144
19404,0.020314239
19405,0.061401527
19406,0.080715895
19407,0.015350169
19408,0.15260571
19409,0.17242679
19410,0.16574225
19411,0.109298736
19412,0.04514046
19413,0.14132649
19414,0.1883544
19415,0.37499964
19416,0.066127844
19417,0.008199734
19418,0.056777466
19419,0.024710178
19420,0.008272476
19421,0.074784055
19422,0.45795873
19423,0.04011613
19424,0.10324199
19425,0.3671832
19426,0.2551853
19427,0.0030912017
19428,0.011118823
19429,0.04815945
19430,0.06875357
19431,0.27620623
19432,0.41676018
19433,0.114085674
19434,0.11915167
19435,0.26076838
19436,0.17336586
19437,0.1736961
19438,0.26194766
19439,0.3666193
19440,0.09156955
19441,0.05951842
19442,0.10455258
19443,0.06532265
19444,0.28421038
19445,0.88581574
19446,0.049904846
19447,0.30374965
19448,0.049076095
19449,0.19580981
19450,0.061740328
19451,0.10054834
19452,0.020227268
19453,0.058694933
19454,0.016350798
19455,0.42139074
19456,0.21173203
19457,0.115175925
19458,0.274939
19459,0.16456287
19460,0.27690703
19461,0.36330688
19462,0.37559775
19463,0.026827136
19464,0.17298329
19465,0.2507767
19466,0.13455032
19467,0.92414373
19468,0.4245376
19469,0.41196463
19470,0.02580218
19471,0.24703594
19472,0.068344995
19473,0.019971311
19474,0.0128181465
19475,0.07130358
19476,0.023452489
19477,0.046310816
19478,0.0843079
19479,0.13930465
19480,0.12660897
19481,0.14225712
19482,0.1247515
19483,0.38539413
19484,0.38225245
19485,0.028064584
19486,0.117648356
19487,0.41943616
19488,0.02195841
19489,0.06501879
19490,0.93472826
19491,0.87265486
19492,0.5969768
19493,0.006800865
19494,0.019341595
19495,0.08031624
19496,0.38337904
19497,0.08458332
19498,0.016458165
19499,0.049790874
19500,0.0033002761
19501,0.012142031
19502,0.06433361
19503,0.08585524
19504,0.06537643
19505,0.014844045
19506,0.40237
19507,0.029581707
19508,0.045165975
19509,0.14934938
19510,0.15226416
19511,0.073244505
19512,0.06785883
19513,0.38544127
19514,0.38133025
19515,0.02620778
19516,0.13658914
19517,0.115735576
19518,0.11637317
19519,0.9377565
19520,0.8163645
19521,0.527035
19522,0.07028826
19523,0.02565502
19524,0.00914196
19525,0.30764967
19526,0.08794045
19527,0.19157703
19528,0.042364422
19529,0.08508495
19530,0.02214565
19531,0.115806416
19532,0.13846542
19533,0.16389851
19534,0.16987777
19535,0.4879136
19536,0.44737816
19537,0.28135225
19538,0.18167578
19539,0.12377032
19540,0.08419673
19541,0.14828062
19542,0.051650558
19543,0.035789248
19544,0.0236451
19545,0.14022428
19546,0.14886571
19547,0.07038666
19548,0.11240299
19549,0.027234973
19550,0.91796625
19551,1.0403323
19552,0.9348896
19553,0.13540404
19554,0.053261884
19555,0.25015613
19556,0.013194198
19557,0.40107217
19558,0.025233293
19559,0.021689003
19560,0.021178655
19561,0.04415371
19562,0.12472012
19563,0.0663974
19564,0.43590072
19565,0.99241614
19566,0.10275339
19567,0.14930272
19568,0.134065
19569,0.18995461
19570,0.10060545
19571,0.4324186
19572,0.24814975
19573,0.043779757
19574,0.10266292
19575,0.1167481
19576,0.12244504
19577,0.056706972
19578,0.025408968
19579,0.29720455
19580,0.28679636
19581,0.17349012
19582,0.08366214
19583,0.12182692
19584,0.07847628
19585,0.280368
19586,0.02816203
19587,0.04672832
19588,0.050343946
19589,0.01962964
19590,0.024045639
19591,0.054305445
19592,0.057470866
19593,0.43773007
19594,0.7758512
19595,0.28172532
19596,0.21155265
19597,0.16504027
19598,0.20232816
19599,0.17989722
19600,0.51948947
19601,0.07114755
19602,0.028932681
19603,0.04113043
19604,0.03328751
19605,0.14789887
19606,0.16180383
19607,0.23867357
19608,0.32764375
19609,0.43098703
19610,0.16634476
19611,1.065113
19612,0.14021917
19613,0.020115776
19614,0.14148508
19615,0.24547827
19616,0.020747555
19617,0.06686766
19618,0.2901512
19619,0.07395212
19620,0.045728907
19621,0.045868915
19622,0.05738652
19623,0.2691287
19624,0.43065578
19625,0.27875566
19626,0.5109601
19627,0.4283279
19628,0.17849511
19629,0.1767682
19630,0.374914
19631,0.026038222
19632,0.16847062
19633,0.079810314
19634,0.0587708
19635,0.4263978
19636,0.27434063
19637,0.06497525
19638,0.51864076
19639,0.44986534
19640,0.09010367
19641,0.12566443
19642,0.0875128
19643,0.053346813
19644,0.009361248
19645,0.014944953
19646,0.031756364
19647,0.068766564
19648,0.11896734
19649,0.1291266
19650,0.1770076
19651,0.41551712
19652,0.95229065
19653,0.40875196
19654,0.37997267
19655,0.577719
19656,0.10243502
19657,0.07444221
19658,0.07982754
19659,0.15173438
19660,0.2626947
19661,0.07331552
19662,0.03083702
19663,0.07125638
19664,0.14738901
19665,0.020485658
19666,0.006267081
19667,0.050729617
19668,0.11574163
19669,0.024199136
19670,0.018229237
19671,0.041093726
19672,0.021177242
19673,0.010472804
19674,0.03738092
19675,0.088448964
19676,0.0732617
19677,0.11625298
19678,0.27574962
19679,0.20111702
19680,0.44598827
19681,0.8615572
19682,0.65264714
19683,0.2883928
19684,0.12342317
19685,0.046762265
19686,0.017816748
19687,0.059514467
19688,0.12494022
19689,0.018513529
19690,0.014077476
19691,0.95950943
19692,0.057189267
19693,0.018543825
19694,0.06540223
19695,0.054256428
19696,0.11776226
19697,0.042177536
19698,0.051089197
19699,0.041446604
19700,0.014198965
19701,0.018810792
19702,0.03459838
19703,0.12033945
19704,0.15077259
19705,0.5685669
19706,0.4183465
19707,0.27486598
19708,1.1027704
19709,0.40784287
19710,0.48126203
19711,0.24493456
19712,0.037569653
19713,0.0297901
19714,0.04193088
19715,0.054723136
19716,0.052386463
19717,0.037592217
19718,0.07367245
19719,0.4271351
19720,0.102816805
19721,0.35837537
19722,0.031427078
19723,0.11635544
19724,0.13040023
19725,0.14007996
19726,0.17855652
19727,0.042013846
19728,0.031761497
19729,0.009406588
19730,0.05569586
19731,0.17698047
19732,0.9148426
19733,0.42610255
19734,0.5370623
19735,0.42471057
19736,0.27595723
19737,0.19275643
19738,0.096708946
19739,0.043157473
19740,0.025558302
19741,0.01492065
19742,0.04573715
19743,0.030316642
19744,0.13778646
19745,0.14842452
19746,0.085174575
19747,0.2762008
19748,0.02655912
19749,0.073201835
19750,0.26271322
19751,0.044438932
19752,0.0132786175
19753,0.014287862
19754,0.15863904
19755,0.26173338
19756,0.0454378
19757,0.01728516
19758,0.26737195
19759,0.27180523
19760,0.09695229
19761,0.108094014
19762,0.023975892
19763,0.100891985
19764,0.08918167
19765,0.04342236
19766,0.13133778
19767,0.11862291
19768,0.049088053
19769,0.02931024
19770,0.24693146
19771,0.017058842
19772,0.1021257
19773,0.036620375
19774,0.15632282
19775,0.050385978
19776,0.06515988
19777,0.016806774
19778,0.06198063
19779,0.19341356
19780,0.37320095
19781,0.45716047
19782,0.09010967
19783,0.01650828
19784,0.022545436
19785,0.059972838
19786,0.016417865
19787,0.07003095
19788,0.13575037
19789,0.014932178
19790,0.032121606
19791,0.013867203
19792,0.018736746
19793,0.011716376
19794,0.024650855
19795,0.09517666
19796,0.12474416
19797,0.4086408
19798,0.023224737
19799,0.023863548
19800,0.049762323
19801,0.09582489
19802,0.11909177
19803,0.3626019
19804,0.084489144
19805,0.12302266
19806,0.03739409
19807,0.08061064
19808,0.12829916
19809,0.06021588
19810,0.0170419
19811,0.008609548
19812,0.27467892
19813,0.013890616
19814,0.02745034
19815,0.15938129
19816,0.09068153
19817,0.058769807
19818,0.025872866
19819,0.040114596
19820,0.081651084
19821,0.29790136
19822,0.02984621
19823,0.016870916
19824,0.025909178
19825,0.042050496
19826,0.06528183
19827,0.17137915
19828,0.07059033
19829,0.2687082
19830,0.097052515
19831,0.027137596
19832,0.05114696
19833,0.053327046
19834,0.028335676
19835,0.26577795
19836,0.13972728
19837,0.016464978
19838,0.112101935
19839,0.06810053
19840,0.016912797
19841,0.017119918
19842,0.39058822
19843,0.62786484
19844,0.23959963
19845,0.071899734
19846,0.07412514
19847,0.041737553
19848,0.038412057
19849,0.07845533
19850,0.08334717
19851,0.08905673
19852,0.89323986
19853,0.019567788
19854,0.07955659
19855,0.0159396
19856,0.084770955
19857,0.078136235
19858,0.017583326
19859,0.038090747
19860,0.14076932
19861,0.33070475
19862,0.069544
19863,0.1300953
19864,0.024277806
19865,0.05916562
19866,0.0066273944
19867,0.022828894
19868,0.103006706
19869,0.027834032
19870,0.028333647
19871,0.0061755055
19872,0.06137562
19873,0.05407474
19874,0.019162139
19875,0.012782531
19876,0.04932765
19877,0.014018372
19878,0.12697011
19879,0.047213767
19880,0.031472746
19881,0.08578
19882,0.10426506
19883,0.02322266
19884,0.054372787
19885,0.81252563
19886,0.06668865
19887,0.104856476
19888,0.043613575
19889,0.033805583
19890,0.05317478
19891,0.055315528
19892,0.0114260465
19893,0.017572416
19894,0.2973364
19895,0.02978728
19896,0.000831412
19897,0.012196987
19898,0.006962885
19899,0.052352797
19900,0.10930033
19901,0.022453023
19902,0.013116078
19903,0.11920309
19904,0.044160258
19905,0.026753483
19906,0.004382257
19907,0.045629002
19908,0.37092718
19909,0.025879432
19910,-6.614593e-05
19911,0.017359683
19912,0.012150109
19913,0.049316775
19914,0.03968125
19915,0.14501956
19916,0.07719059
19917,0.00881093
19918,0.012221335
19919,0.0711056
19920,0.2533457
19921,0.10079123
19922,0.08051062
19923,0.068631805
19924,0.02817119
19925,0.055525247
19926,0.017409341
19927,0.21327886
19928,0.17950223
19929,0.37285793
19930,0.0074503794
19931,0.010675301
19932,0.011602537
19933,0.011401393
19934,0.017634
19935,0.010864546
19936,0.022030877
19937,0.0029358673
19938,0.009532731
19939,0.010577466
19940,0.02745679
19941,0.059271608
19942,0.05407173
19943,0.12164742
19944,0.1374608
19945,0.26642877
19946,0.02664568
19947,0.010048989
19948,0.018333878
19949,0.021571742
19950,0.008552779
19951,0.010459769
19952,0.027448561
19953,0.008672183
19954,0.015557924
19955,0.013457576
19956,0.01302088
19957,0.06998605
19958,0.029628756
19959,0.04504125
19960,0.013879607
19961,0.051781684
19962,0.016029887
19963,0.010637919
19964,0.008031729
19965,0.12261414
19966,0.028712438
19967,0.0511031
19968,0.008701266
19969,0.032417923
19970,0.008442255
19971,0.017797617
19972,0.09659453
19973,0.0107541885
19974,0.2806919
19975,0.06220158
19976,0.06170225
19977,0.06556316
19978,0.096880734
19979,0.022637744
19980,0.009745908
19981,0.09602796
19982,0.012032493
19983,0.08438046
19984,0.13673654
19985,0.020331234
19986,0.029089812
19987,0.0342278
19988,0.035940267
19989,0.027419722
19990,0.00933704
19991,0.0044161924
19992,0.009433187
19993,0.010442477
19994,0.006555649
19995,0.03818018
19996,0.007941997
19997,0.072375216
19998,0.06812341
19999,0.18427283
20000,0.021722864
20001,0.0025748727
20002,0.007893777
20003,0.015588131
20004,0.052941766
20005,0.023052378
20006,0.009836742
20007,0.023865178
20008,0.029671634
20009,0.008674113
20010,0.033216573
20011,0.13476552
20012,0.14808874
20013,0.013101365
20014,0.095836475
20015,0.020531882
20016,0.033380687
20017,0.052619122
20018,0.032988764
20019,0.03592479
20020,0.056496635
20021,0.035041858
20022,0.0741417
20023,0.025679892
20024,0.020539504
20025,0.1038732
20026,0.040747005
20027,0.058968127
20028,0.04311515
20029,0.13723086
20030,0.24054171
20031,0.2619222
20032,0.36895838
20033,0.07145427
20034,0.23098941
20035,0.040993847
20036,0.05128728
20037,0.033498015
20038,0.01506068
20039,0.10466434
20040,0.03212764
20041,0.6682005
20042,0.13051686
20043,0.03906066
20044,0.12039774
20045,0.036690358
20046,0.0067409696
20047,0.04566517
20048,0.035238713
20049,0.017368346
20050,0.08683476
20051,0.12984349
20052,0.48155648
20053,0.43655333
20054,0.038642563
20055,0.107361436
20056,0.24054375
20057,0.019920288
20058,0.04934733
20059,0.043698743
20060,0.0517883
20061,0.059637275
20062,0.3805933
20063,0.104609825
20064,0.12746629
20065,0.40753788
20066,0.4196972
20067,0.05768976
20068,0.32208094
20069,0.050246324
20070,0.052286003
20071,0.0324548
20072,0.055826556
20073,0.07183625
20074,0.081749275
20075,0.024014581
20076,0.026912542
20077,0.05327042
20078,0.38775036
20079,0.0462086
20080,0.031766534
20081,0.052456055
20082,0.053476248
20083,0.069161594
20084,0.02981062
20085,0.08077576
20086,0.02432874
20087,0.050543737
20088,0.23989438
20089,0.14581189
20090,0.018444242
20091,0.038004216
20092,0.016450955
20093,0.0120071545
20094,0.0132968435
20095,0.43112022
20096,0.09893285
20097,0.06379928
20098,0.27482
20099,0.4294381
20100,0.006262662
20101,0.067933284
20102,0.04784798
20103,0.014087226
20104,0.017911067
20105,0.014469229
20106,0.03512131
20107,0.010220857
20108,0.06779192
20109,0.06427301
20110,0.08249615
20111,0.24820097
20112,0.41391027
20113,0.18594536
20114,0.047300015
20115,0.0088352375
20116,0.025295412
20117,0.03253826
20118,0.25656068
20119,0.040868077
20120,0.061328545
20121,0.044575963
20122,0.23553587
20123,0.31402305
20124,0.047630925
20125,0.06170965
20126,0.023044195
20127,0.02528641
20128,0.043809813
20129,0.05651095
20130,0.027196335
20131,0.101366855
20132,0.16382605
20133,0.0889416
20134,0.08644692
20135,0.050934084
20136,0.029207477
20137,0.03130323
20138,0.030288234
20139,0.035408873
20140,0.09520121
20141,0.067348644
20142,0.24123004
20143,0.025007442
20144,0.048349895
20145,0.038233403
20146,0.025727939
20147,0.023213109
20148,0.026211012
20149,0.044155948
20150,0.018608605
20151,0.068005964
20152,0.19061334
20153,0.29425228
20154,0.04907379
20155,0.03854037
20156,0.034920108
20157,0.100377485
20158,0.061408386
20159,0.052719332
20160,0.027831435
20161,0.15291634
20162,0.029680902
20163,0.027293561
20164,0.029287424
20165,0.004135377
20166,0.07115169
20167,0.082872644
20168,0.2642499
20169,0.2557066
20170,0.2631785
20171,0.08161076
20172,0.05235172
20173,0.024590574
20174,0.058948815
20175,0.050246615
20176,0.0072688237
20177,0.12800688
20178,0.048844874
20179,0.52707976
20180,0.12335805
20181,0.024316646
20182,0.11886053
20183,0.052460387
20184,0.050892673
20185,0.019890038
20186,0.01567478
20187,0.007856169
20188,0.060334366
20189,0.018601235
20190,0.021512432
20191,0.08745186
20192,0.049803887
20193,0.09256327
20194,0.07862168
20195,0.14105853
20196,0.40855995
20197,0.37720716
20198,0.22737645
20199,0.03305002
20200,0.10444301
20201,0.018907204
20202,0.039961696
20203,0.023253273
20204,0.006669227
20205,0.08538138
20206,0.061023373
20207,0.12854315
20208,0.04672549
20209,0.11564793
20210,0.03711351
20211,0.062451012
20212,0.033794064
20213,0.01625536
20214,0.021294866
20215,0.13488473
20216,0.0056687733
20217,0.027637564
20218,0.059508935
20219,0.028188763
20220,0.013209903
20221,0.023396024
20222,0.036467887
20223,0.06332941
20224,0.09151233
20225,0.155373
20226,0.12758079
20227,0.1983582
20228,0.26467285
20229,0.2615597
20230,0.020857641
20231,0.11493076
20232,0.057670895
20233,0.006694709
20234,0.04763451
20235,0.09209791
20236,0.052292082
20237,0.039091185
20238,0.053998955
20239,0.082809195
20240,0.028912703
20241,0.057255466
20242,0.02278959
20243,0.026329484
20244,0.09201369
20245,0.0143630365
20246,0.037488904
20247,0.12565446
20248,0.06871583
20249,0.17004794
20250,0.32421014
20251,0.13406259
20252,0.2562825
20253,0.08480369
20254,0.09831241
20255,0.09240348
20256,0.09330907
20257,0.062273845
20258,0.023836914
20259,0.28872764
20260,0.07360077
20261,0.08586882
20262,0.060837515
20263,0.0790026
20264,0.016745294
20265,0.018728772
20266,0.02131069
20267,0.043255307
20268,0.30871636
20269,0.0779228
20270,0.05455479
20271,0.14764921
20272,0.6764108
20273,0.122728735
20274,0.022468
20275,0.40434137
20276,0.076565996
20277,0.26129615
20278,0.1947889
20279,0.07292555
20280,0.0050385604
20281,0.020159641
20282,0.05513471
20283,0.057980113
20284,0.11486244
20285,0.16038057
20286,0.048034538
20287,0.25504258
20288,0.09135086
20289,0.00803215
20290,0.06870643
20291,0.017581986
20292,0.060991455
20293,0.07922798
20294,0.01614339
20295,0.15589339
20296,0.16526027
20297,0.25715086
20298,0.11005776
20299,0.04770218
20300,0.14336152
20301,0.26277617
20302,0.36023432
20303,0.06660381
20304,0.057183344
20305,0.023569588
20306,0.009764878
20307,0.072588
20308,0.46345416
20309,0.040123507
20310,0.108475395
20311,0.3838569
20312,0.2557855
20313,0.0015194444
20314,0.0055896454
20315,0.011054015
20316,0.048072085
20317,0.06899884
20318,0.28079453
20319,0.39906046
20320,0.11641921
20321,0.11778306
20322,0.26253322
20323,0.17273875
20324,0.17096938
20325,0.26718742
20326,0.36983025
20327,0.09322385
20328,0.06039946
20329,0.10273191
20330,0.0672666
20331,0.28679606
20332,0.87421536
20333,0.0048868624
20334,0.052684985
20335,0.3036526
20336,0.051837903
20337,0.20139907
20338,0.015233313
20339,0.061692845
20340,0.096699305
20341,0.019352188
20342,0.056921676
20343,0.41286653
20344,0.20833269
20345,0.11520796
20346,0.20302458
20347,0.16621989
20348,0.26946396
20349,0.38486415
20350,0.3783444
20351,0.025897956
20352,0.17402573
20353,0.25798994
20354,0.13502058
20355,0.8991649
20356,0.4439664
20357,0.4078369
20358,0.004385018
20359,0.024440397
20360,0.24632843
20361,0.06374224
20362,0.025032599
20363,0.019030306
20364,0.07231688
20365,0.0064635198
20366,0.010899863
20367,0.023810506
20368,0.047010265
20369,0.08161296
20370,0.13757394
20371,0.12826376
20372,0.14341128
20373,0.12377091
20374,0.39139932
20375,0.25905272
20376,0.028369112
20377,0.11404881
20378,0.18508503
20379,0.0205145
20380,0.068302505
20381,0.93570286
20382,0.46393862
20383,0.5812486
20384,0.025164414
20385,0.078271165
20386,0.38159835
20387,0.0826105
20388,0.014282539
20389,0.050673906
20390,0.011146493
20391,0.06541673
20392,0.087615296
20393,0.062400237
20394,0.013753122
20395,0.42387325
20396,0.030173248
20397,0.044157077
20398,0.15099138
20399,0.15104316
20400,0.07303486
20401,0.06843195
20402,0.39352092
20403,0.3790144
20404,0.027081046
20405,0.1324957
20406,0.11271037
20407,0.115463905
20408,0.94167435
20409,0.8565437
20410,0.56503284
20411,0.013123196
20412,0.07081249
20413,0.028166529
20414,0.3923997
20415,0.088717304
20416,0.27442944
20417,0.045476988
20418,0.08238095
20419,0.021017443
20420,0.114021346
20421,0.13898055
20422,0.16435018
20423,0.17075804
20424,0.50939715
20425,0.46317604
20426,0.2751068
20427,0.18297416
20428,0.12501402
20429,0.083921164
20430,0.14729236
20431,0.0521174
20432,0.035755448
20433,0.14068218
20434,0.14608127
20435,0.06939693
20436,0.24269451
20437,0.026071858
20438,0.94593525
20439,1.0423596
20440,0.9398722
20441,0.13968262
20442,0.053940374
20443,0.25425258
20444,0.012564897
20445,0.41726875
20446,0.02604157
20447,0.021952208
20448,0.021297887
20449,0.045449447
20450,0.12912032
20451,0.066937916
20452,0.4312121
20453,0.97133595
20454,0.10287961
20455,0.1508216
20456,0.13366729
20457,0.25907016
20458,0.10261187
20459,0.39046717
20460,0.24722372
20461,0.043110747
20462,0.10072566
20463,0.121693455
20464,0.11608294
20465,0.057640366
20466,0.028271789
20467,0.2987913
20468,0.29327115
20469,0.17048205
20470,0.082636885
20471,0.028905306
20472,0.124211624
20473,0.077018954
20474,0.19669133
20475,0.03058302
20476,0.048525795
20477,0.050841924
20478,0.019558057
20479,0.02324305
20480,0.05418456
20481,0.056238517
20482,0.42939207
20483,0.7663872
20484,0.4032667
20485,0.27792794
20486,0.16021764
20487,0.19884376
20488,0.18440664
20489,0.49316087
20490,0.07324983
20491,0.042721715
20492,0.031570822
20493,0.14649865
20494,0.1588709
20495,0.13822873
20496,0.29640403
20497,0.42702293
20498,0.16924576
20499,1.0658506
20500,0.13998099
20501,0.019613324
20502,0.13877615
20503,0.2501416
20504,0.025814397
20505,0.06408641
20506,0.28457877
20507,0.0752743
20508,0.04551762
20509,0.04393462
20510,0.058912337
20511,0.17746116
20512,0.43782598
20513,0.28658298
20514,0.51138026
20515,0.2999931
20516,0.18057014
20517,0.17742978
20518,0.3907188
20519,0.2466529
20520,0.08169936
20521,0.060236387
20522,0.4243388
20523,0.2030112
20524,0.064832464
20525,0.52387136
20526,0.27776584
20527,0.0070342887
20528,0.09018717
20529,0.12317104
20530,0.08799804
20531,0.056631144
20532,0.015653085
20533,0.031426087
20534,0.068627805
20535,0.11840392
20536,0.12611538
20537,0.17469941
20538,0.40385234
20539,0.942672
20540,0.41457582
20541,0.38907424
20542,0.5273797
20543,0.104753055
20544,0.068798825
20545,0.07782203
20546,0.1497879
20547,0.20255196
20548,0.069113076
20549,0.03395991
20550,0.07052538
20551,0.1502056
20552,0.0215463
20553,0.009257238
20554,0.05034353
20555,0.11818425
20556,0.022679947
20557,0.042549968
20558,0.009603396
20559,0.038396973
20560,0.08664423
20561,0.072020754
20562,0.11573536
20563,0.41898474
20564,0.27896994
20565,0.42726302
20566,0.81932384
20567,0.6610284
20568,0.2858961
20569,0.1219714
20570,0.047834337
20571,0.018358044
20572,0.060753863
20573,0.12256919
20574,0.020142842
20575,0.013233513
20576,0.032486055
20577,0.9599373
20578,0.05684577
20579,0.017738085
20580,0.06583986
20581,0.058909528
20582,0.113189265
20583,0.04032759
20584,0.051301435
20585,0.015792312
20586,0.04288022
20587,0.014540172
20588,0.017558271
20589,0.033371653
20590,0.11832296
20591,0.15472436
20592,0.56178725
20593,0.43470898
20594,0.28328192
20595,1.1053804
20596,0.39444476
20597,0.48093945
20598,0.24649365
20599,0.028187256
20600,0.040356476
20601,0.054707907
20602,0.052554116
20603,0.020738926
20604,0.038688745
20605,0.072584994
20606,0.43854713
20607,0.09967364
20608,0.3514181
20609,0.0286329
20610,0.11510724
20611,0.1283124
20612,0.14127834
20613,0.16928819
20614,0.043163456
20615,0.010708409
20616,0.054167416
20617,0.1782504
20618,0.90723556
20619,0.41790918
20620,0.56190556
20621,0.2688545
20622,0.37377095
20623,0.19312133
20624,0.094657175
20625,0.03974914
20626,0.014310818
20627,0.046880223
20628,0.031727523
20629,0.13881963
20630,0.14406526
20631,0.08096433
20632,0.3493152
20633,0.026975144
20634,0.074812144
20635,0.010040275
20636,0.40867856
20637,0.043844037
20638,0.012984117
20639,0.013099727
20640,0.15518205
20641,0.4179886
20642,0.044901613
20643,0.016973965
20644,0.2660983
20645,0.26956838
20646,0.095089845
20647,0.10843292
20648,0.023067314
20649,0.10280505
20650,0.09038824
20651,0.043712147
20652,0.13512987
20653,0.11664385
20654,0.04638885
20655,0.029650683
20656,0.009542352
20657,0.12930156
20658,0.015036559
20659,0.10363304
20660,0.0074844463
20661,0.03701406
20662,0.15904725
20663,0.04994564
20664,0.06497375
20665,0.016150722
20666,0.061557405
20667,0.19419646
20668,0.37535426
20669,0.45663938
20670,0.08489392
20671,0.0011469476
20672,0.023947963
20673,0.061332826
20674,0.01669122
20675,0.0726076
20676,0.13326518
20677,0.014421943
20678,0.031389855
20679,0.01529317
20680,0.03088672
20681,0.018206505
20682,0.025510892
20683,0.09814458
20684,0.12286482
20685,0.38824135
20686,0.022986123
20687,0.025668114
20688,0.19725622
20689,0.09292466
20690,0.118357964
20691,0.3665151
20692,0.09207462
20693,0.003640127
20694,0.12696198
20695,0.03898059
20696,0.015282266
20697,0.08199569
20698,0.13280255
20699,0.05801016
20700,0.016575092
20701,0.008292992
20702,0.2756077
20703,0.029270623
20704,0.012780634
20705,0.027755536
20706,0.15591016
20707,0.08884913
20708,0.056744415
20709,0.024900068
20710,0.03881302
20711,0.08280871
20712,0.29514667
20713,0.02781639
20714,-0.0065654605
20715,0.018137492
20716,0.025177892
20717,0.04308124
20718,0.068664186
20719,0.25694665
20720,0.06985132
20721,0.2667738
20722,0.09683737
20723,0.02590268
20724,0.014372064
20725,0.050671216
20726,0.049860977
20727,0.026480459
20728,0.18550776
20729,0.01569252
20730,0.136812
20731,0.016515331
20732,0.115051955
20733,0.07009565
20734,0.017314564
20735,0.41558656
20736,0.6160596
20737,0.1230183
20738,0.06725785
20739,0.0055008773
20740,0.0732945
20741,0.043366242
20742,0.039507218
20743,0.083156236
20744,0.08361453
20745,0.08412418
20746,0.89425945
20747,0.017888397
20748,0.079288684
20749,0.08430687
20750,0.07628234
20751,0.012917955
20752,0.039650425
20753,0.13957761
20754,0.45062706
20755,0.06996418
20756,0.13269562
20757,0.022564648
20758,0.05667222
20759,0.00525627
20760,0.021800915
20761,0.101253465
20762,0.029542232
20763,0.026127396
20764,0.061223764
20765,0.05327863
20766,0.019705435
20767,0.05035116
20768,0.006862209
20769,0.013650922
20770,0.13018987
20771,0.040190216
20772,0.04770783
20773,0.016273342
20774,0.03745184
20775,0.083189294
20776,0.10806639
20777,0.021489467
20778,0.056382064
20779,0.8527688
20780,0.06643665
20781,0.10056027
20782,0.036429487
20783,0.052976135
20784,0.057215787
20785,0.013252026
20786,0.018092044
20787,0.40540653
20788,0.028972076
20789,0.0015308446
20790,0.012866729
20791,0.05415844
20792,0.10860354
20793,0.021823648
20794,0.011774416
20795,0.11570612
20796,0.042060148
20797,0.027223684
20798,0.048834838
20799,0.37838534
20800,0.028182691
20801,0.019729422
20802,0.01893217
20803,0.011842678
20804,0.052355643
20805,0.039357986
20806,0.14120694
20807,0.07600147
20808,0.011287597
20809,0.013636446
20810,0.005692928
20811,0.07085758
20812,0.2521914
20813,0.09717932
20814,0.07933314
20815,0.068276726
20816,0.028075853
20817,0.053530466
20818,0.017629335
20819,0.22075355
20820,0.26231202
20821,0.36251685
20822,0.00644102
20823,0.014732563
20824,0.012372471
20825,0.011555764
20826,0.023355417
20827,0.0032808091
20828,0.0044468767
20829,0.009486625
20830,0.011971571
20831,0.00719269
20832,0.030346839
20833,0.062397923
20834,0.055107694
20835,0.11380061
20836,0.015494446
20837,0.13573575
20838,0.01059821
20839,0.26688498
20840,0.007051946
20841,0.007499515
20842,0.028337114
20843,0.010681487
20844,0.018094996
20845,0.021829959
20846,0.012143641
20847,0.028225934
20848,0.06989772
20849,0.029223992
20850,0.04738173
20851,0.051678833
20852,0.016998377
20853,0.0059435344
20854,0.01005137
20855,0.005057407
20856,0.11820033
20857,0.02750694
20858,0.052479774
20859,0.005389794
20860,0.02873513
20861,0.015627557
20862,0.098602235
20863,0.013993156
20864,0.0101306895
20865,0.37541723
20866,0.06029393
20867,0.06389009
20868,0.096343085
20869,0.022760767
20870,0.010101175
20871,0.09669207
20872,0.011440646
20873,0.08685193
20874,0.13757908
20875,0.021255236
20876,0.027375447
20877,0.0385333
20878,0.034936577
20879,0.02689855
20880,0.024360182
20881,0.008467188
20882,0.0066031786
20883,0.037520602
20884,0.0069701453
20885,0.07332597
20886,0.067640536
20887,0.037860896
20888,0.009915009
20889,0.18159504
20890,0.021560786
20891,0.025792368
20892,0.028098034
20893,0.008017008
20894,0.017504526
20895,0.053806417
20896,0.022663398
20897,0.009250972
20898,0.022714134
20899,0.030493746
20900,0.033219244
20901,0.1260506
20902,0.14336929
20903,0.019720308
20904,0.094688
20905,0.014998148
20906,0.043530107
20907,0.053641964
20908,0.024589043
20909,0.03175009
20910,0.033036593
20911,0.044494443
20912,0.070502155
20913,0.024773056
20914,0.09477872
20915,0.039036863
20916,0.0490413
20917,0.034755103
20918,0.24778956
20919,0.34373355
20920,0.14501117
20921,0.054890156
20922,0.26502508
20923,0.059023306
20924,0.2382504
20925,0.041499436
20926,0.0116933575
20927,0.053010233
20928,0.009982675
20929,0.026591785
20930,0.010799268
20931,0.11070805
20932,0.023460573
20933,0.6744554
20934,0.12102662
20935,0.11540839
20936,0.041060608
20937,0.009748416
20938,0.028409429
20939,0.046037752
20940,0.027999375
20941,0.026615703
20942,0.08344129
20943,0.12701227
20944,0.46057984
20945,0.41497305
20946,0.035451584
20947,0.04624208
20948,0.0976951
20949,0.38020915
20950,0.049430598
20951,0.036138643
20952,0.049460247
20953,0.035342064
20954,0.37106365
20955,0.108976655
20956,0.11705722
20957,0.45921132
20958,0.08801069
20959,0.43454283
20960,0.055803865
20961,0.5195452
20962,0.044960827
20963,0.04953475
20964,0.034461536
20965,0.05782049
20966,0.07434255
20967,0.07648504
20968,0.0683167
20969,0.02400607
20970,0.05044186
20971,0.38928816
20972,0.043997377
20973,0.03495852
20974,0.049821053
20975,0.05471835
20976,0.06268816
20977,0.025907418
20978,0.028906053
20979,0.062100444
20980,0.019327302
20981,0.04915093
20982,0.24437228
20983,0.04801102
20984,0.13989054
20985,0.016656382
20986,0.043549567
20987,0.036473237
20988,0.017359512
20989,0.39849177
20990,0.080503546
20991,0.0636863
20992,0.12834293
20993,0.42347753
20994,0.06703829
20995,0.051712118
20996,0.0121964095
20997,0.014932508
20998,0.014816718
20999,0.0027553707
21000,0.03175782
21001,0.0066057937
21002,0.064543314
21003,0.056463115
21004,0.07660519
21005,0.15332197
21006,0.2966996
21007,0.1801882
21008,0.0458984
21009,0.031144293
21010,0.024382984
21011,0.033224847
21012,0.27163634
21013,0.02407536
21014,0.04335613
21015,0.06101655
21016,0.04359254
21017,0.025476107
21018,0.11993596
21019,0.46789122
21020,0.045204338
21021,0.05757002
21022,0.018585246
21023,0.02453545
21024,0.04374875
21025,0.05558671
21026,0.025305526
21027,0.0147419935
21028,0.09714461
21029,0.1591216
21030,0.088184
21031,0.082481
21032,0.04905018
21033,0.0056115314
21034,0.028780011
21035,0.030628745
21036,0.026521128
21037,0.03290868
21038,0.099216715
21039,0.06651593
21040,0.23431052
21041,0.023749717
21042,0.047631472
21043,0.037251767
21044,0.02368826
21045,0.0227068
21046,0.023364991
21047,0.0415626
21048,0.02235541
21049,0.06818251
21050,0.18351705
21051,0.3922922
21052,0.0484169
21053,0.039767653
21054,0.038643327
21055,0.10052574
21056,0.060570315
21057,0.007978836
21058,0.05461469
21059,0.02509183
21060,0.16111358
21061,0.027189836
21062,0.023904968
21063,0.030469632
21064,0.008206957
21065,0.21098214
21066,0.08275852
21067,0.2649642
21068,0.25768456
21069,0.39617032
21070,0.0811446
21071,0.051500063
21072,0.026475532
21073,0.059018433
21074,0.044759043
21075,0.008088037
21076,0.13151541
21077,0.054665957
21078,0.5264695
21079,0.12258363
21080,0.023205467
21081,0.117288955
21082,0.05549954
21083,0.051835075
21084,0.021450322
21085,0.012592521
21086,0.0068749567
21087,0.0078104716
21088,0.05548399
21089,0.018730236
21090,0.01758433
21091,0.08447846
21092,0.050545607
21093,0.09550799
21094,0.077598
21095,0.13818602
21096,0.26182723
21097,0.40873146
21098,0.084276415
21099,0.033356737
21100,0.10333232
21101,0.012340431
21102,0.039098747
21103,0.022871502
21104,0.005475127
21105,0.08113407
21106,0.06042285
21107,0.13131422
21108,0.046681177
21109,0.11304105
21110,0.039022006
21111,0.05902939
21112,0.030614028
21113,0.012259322
21114,0.013987987
21115,0.2322382
21116,0.008268919
21117,0.027599161
21118,0.058801133
21119,0.026059175
21120,0.021123528
21121,0.033274606
21122,0.059974946
21123,0.08853703
21124,0.1461294
21125,0.12239903
21126,0.2682948
21127,0.26437384
21128,0.16933644
21129,0.020025464
21130,0.113085695
21131,0.05660624
21132,0.0044939946
21133,0.046458926
21134,0.09431055
21135,0.024407463
21136,0.051202044
21137,0.036405582
21138,0.05646834
21139,0.08012661
21140,0.029058862
21141,0.0610419
21142,0.019791692
21143,0.011563162
21144,0.08939853
21145,0.011031706
21146,0.03609429
21147,0.11945142
21148,0.06726484
21149,0.16377692
21150,0.4684389
21151,0.12838796
21152,0.1398861
21153,0.08233264
21154,0.09310696
21155,0.08945128
21156,0.09155655
21157,0.06102395
21158,0.025125086
21159,0.20325002
21160,0.07127219
21161,0.084383756
21162,0.06345026
21163,0.07542717
21164,0.013259691
21165,0.021736281
21166,0.014587607
21167,0.019437864
21168,0.0408968
21169,0.30349717
21170,0.078494646
21171,0.054513905
21172,0.14315131
21173,0.7046743
21174,0.11875828
21175,0.023444848
21176,0.40928128
21177,0.081451066
21178,0.26107347
21179,0.26729164
21180,0.07185691
21181,0.056433953
21182,0.05769682
21183,0.11202069
21184,0.163246
21185,0.048855077
21186,0.25098234
21187,0.0837577
21188,0.067920305
21189,0.01658778
21190,0.016663825
21191,0.060021173
21192,0.07907395
21193,0.012388264
21194,0.14654
21195,0.16462551
21196,0.16832843
21197,0.109633036
21198,0.047473166
21199,0.13799815
21200,0.18194951
21201,0.38103953
21202,0.06577577
21203,0.006254435
21204,0.057193894
21205,0.022715077
21206,0.011089296
21207,0.073958576
21208,0.4908284
21209,0.043023467
21210,0.108865045
21211,0.3677639
21212,0.244854
21213,0.00876213
21214,0.010547645
21215,0.04177868
21216,0.0666223
21217,0.2759772
21218,0.42998424
21219,0.022726873
21220,0.11648475
21221,0.1207021
21222,0.25619406
21223,0.17187297
21224,0.16983904
21225,0.20727783
21226,0.3723012
21227,0.09233784
21228,0.060000807
21229,0.10235876
21230,0.06356219
21231,0.28708586
21232,0.8720847
21233,0.0073045604
21234,0.0502945
21235,0.36701527
21236,0.015195014
21237,0.052271213
21238,0.20446526
21239,0.056094266
21240,0.09506713
21241,0.019000605
21242,0.055072088
21243,0.01634713
21244,0.4423883
21245,0.2083694
21246,0.11694522
21247,0.27190664
21248,0.16509724
21249,0.27281144
21250,0.38466042
21251,0.38449746
21252,0.027735312
21253,0.17117496
21254,0.25190037
21255,0.13168341
21256,0.87812144
21257,0.42950568
21258,0.43239483
21259,0.00453635
21260,0.022953272
21261,0.24567005
21262,0.063975275
21263,0.021259978
21264,0.010976898
21265,0.06893276
21266,0.011830995
21267,0.02400303
21268,0.04801742
21269,0.084915146
21270,0.13659649
21271,0.13165167
21272,0.14548747
21273,0.12173537
21274,0.3950481
21275,0.2571313
21276,0.026748613
21277,0.111743905
21278,0.26986212
21279,0.022856945
21280,0.06784928
21281,0.8963234
21282,0.920757
21283,0.5581073
21284,0.027309591
21285,0.016209643
21286,0.07901135
21287,0.4069251
21288,0.086260654
21289,0.015460733
21290,0.05170104
21291,0.011961021
21292,0.06274431
21293,0.08203468
21294,0.0642156
21295,0.01560789
21296,0.431296
21297,0.03029215
21298,0.044587415
21299,0.27096742
21300,0.14914903
21301,0.06831533
21302,0.06811926
21303,0.3960342
21304,0.37357518
21305,0.02461737
21306,0.13363577
21307,0.11499192
21308,0.11638439
21309,0.92558557
21310,0.8743654
21311,0.60578114
21312,0.016294254
21313,0.07263315
21314,0.025980562
21315,0.3824207
21316,0.087408595
21317,0.39302462
21318,0.045934085
21319,0.07964718
21320,0.020813985
21321,0.1089111
21322,0.13799115
21323,0.1673029
21324,0.18136327
21325,0.49414954
21326,0.46141925
21327,0.26916468
21328,0.16966854
21329,0.12263128
21330,0.08336783
21331,0.14312802
21332,0.05179936
21333,0.19188185
21334,0.25482488
21335,0.14565344
21336,0.07040769
21337,0.114333384
21338,0.02571921
21339,0.9103547
21340,1.0138791
21341,0.9576165
21342,0.1341452
21343,0.05230969
21344,0.24047981
21345,0.4107932
21346,0.018788163
21347,0.043004483
21348,0.12527317
21349,0.06533901
21350,0.44786942
21351,0.99100983
21352,0.101492554
21353,0.14667131
21354,0.13186523
21355,0.18334253
21356,0.10005009
21357,0.40721983
21358,0.24119118
21359,0.04035644
21360,0.09530999
21361,0.118823275
21362,0.11280884
21363,0.05592186
21364,0.028202323
21365,0.29731724
21366,0.28785512
21367,0.17486903
21368,0.087287925
21369,0.11634324
21370,0.07859016
21371,0.27721342
21372,0.029171871
21373,0.048623025
21374,0.04676594
21375,0.022376692
21376,0.053838782
21377,0.05272932
21378,0.43608755
21379,0.76229817
21380,0.4082642
21381,0.2697526
21382,0.15963167
21383,0.18181433
21384,0.17468315
21385,0.51100355
21386,0.068826936
21387,0.037862524
21388,0.030236803
21389,0.14643788
21390,0.15841864
21391,0.13484843
21392,0.29402623
21393,0.2726609
21394,0.25110182
21395,1.0572164
21396,0.23469765
21397,0.017961275
21398,0.13953806
21399,0.25184265
21400,0.020973755
21401,0.05989673
21402,0.4296432
21403,0.069788694
21404,0.042768028
21405,0.042290412
21406,0.056460276
21407,0.17511044
21408,0.44533956
21409,0.421672
21410,0.5114133
21411,0.2985918
21412,0.17338336
21413,0.17379709
21414,0.22746642
21415,0.025138617
21416,0.2435918
21417,0.08034307
21418,0.06186295
21419,0.40637657
21420,0.2664786
21421,0.06514361
21422,0.5426635
21423,0.282303
21424,0.006598598
21425,0.08979632
21426,0.12863533
21427,0.0870702
21428,0.0108873155
21429,0.012887831
21430,0.026839018
21431,0.0654798
21432,0.115925215
21433,0.12356007
21434,0.16892737
21435,0.4195713
21436,0.94343126
21437,0.40941048
21438,0.38239306
21439,0.5694321
21440,0.09827054
21441,0.014683747
21442,0.07384444
21443,0.07628992
21444,0.14727499
21445,0.2656872
21446,0.074338965
21447,0.030273907
21448,0.07367222
21449,0.14186598
21450,0.0071557895
21451,0.051925927
21452,0.115265965
21453,0.021616874
21454,0.016364543
21455,0.040202506
21456,0.021026913
21457,0.010027321
21458,0.037308365
21459,0.0871604
21460,0.067784995
21461,0.113374494
21462,0.43236133
21463,0.19357088
21464,0.44046667
21465,0.83849496
21466,0.62527907
21467,0.39513934
21468,0.12026622
21469,0.04659415
21470,0.017047787
21471,0.05798571
21472,0.12677829
21473,0.017035017
21474,0.010384225
21475,0.035056766
21476,0.9268897
21477,0.054488532
21478,0.01643458
21479,0.06915743
21480,0.056793783
21481,0.23818365
21482,0.054833986
21483,0.017300509
21484,0.043512117
21485,0.01155501
21486,0.017025964
21487,0.028851157
21488,0.11794151
21489,0.14399096
21490,0.5981367
21491,0.41913152
21492,0.2751347
21493,1.1317002
21494,0.40154412
21495,0.48325807
21496,0.24766864
21497,0.035955947
21498,0.03552028
21499,0.055217218
21500,0.05226351
21501,0.038582932
21502,0.06864431
21503,0.420611
21504,0.23152792
21505,0.35348722
21506,0.023588719
21507,0.117545396
21508,0.12693037
21509,0.1374774
21510,0.17009714
21511,0.04128338
21512,0.029101724
21513,0.009576995
21514,0.051569413
21515,0.17960176
21516,0.9457849
21517,0.47995234
21518,0.5784408
21519,0.27224985
21520,0.2797062
21521,0.2661013
21522,0.093362026
21523,0.04315952
21524,0.014088571
21525,0.04645379
21526,0.03010765
21527,0.13709345
21528,0.14012189
21529,0.07993339
21530,0.2659985
21531,0.027680991
21532,0.07048212
21533,0.006807
21534,0.3817383
21535,0.040286385
21536,0.014126551
21537,0.011457403
21538,0.15284567
21539,0.26587355
21540,0.044352483
21541,0.018284015
21542,0.26800632
21543,0.18736266
21544,0.09294921
21545,0.10611783
21546,0.022658547
21547,0.09834627
21548,0.08808203
21549,0.04158375
21550,0.13223583
21551,0.121182956
21552,0.04209302
21553,0.02774762
21554,0.12797166
21555,0.013861871
21556,0.016010368
21557,0.10688594
21558,0.036228854
21559,0.14505959
21560,0.05180659
21561,0.0639143
21562,0.018018546
21563,0.06078962
21564,0.26512125
21565,0.3777831
21566,0.48377725
21567,0.08968629
21568,0.05944381
21569,0.07317759
21570,0.13377443
21571,0.012917157
21572,0.03291195
21573,0.012215474
21574,0.029511295
21575,0.09290886
21576,0.115315184
21577,0.39481053
21578,0.024426583
21579,0.022819651
21580,0.18961531
21581,0.090509444
21582,0.11886682
21583,0.37609625
21584,0.09010156
21585,0.0013056713
21586,0.12639546
21587,0.034962863
21588,0.016120479
21589,0.081178494
21590,0.12542588
21591,0.056921378
21592,0.012639494
21593,0.016717887
21594,0.008372079
21595,0.27441952
21596,0.014794572
21597,0.025516104
21598,0.15200917
21599,0.08818235
21600,0.055000696
21601,0.02557434
21602,0.03888362
21603,0.07937467
21604,0.29674602
21605,0.028226374
21606,0.018165305
21607,0.02543156
21608,0.040154852
21609,0.06773524
21610,0.27053654
21611,0.06993936
21612,0.17939518
21613,0.09636639
21614,0.024353173
21615,0.048793785
21616,0.048509587
21617,0.02707092
21618,0.2650541
21619,0.011580874
21620,0.14126301
21621,0.015523217
21622,0.11104655
21623,0.06888761
21624,0.016791224
21625,0.017474182
21626,0.4022856
21627,0.61520207
21628,0.24155772
21629,0.07186374
21630,0.004999464
21631,0.075629756
21632,0.041590508
21633,0.03787876
21634,0.082843825
21635,0.08516042
21636,0.08592957
21637,0.9337695
21638,0.0838409
21639,0.016207777
21640,0.084455915
21641,0.072984494
21642,0.016163273
21643,0.03686561
21644,0.13897134
21645,0.40779948
21646,0.069677494
21647,0.13824517
21648,0.05716874
21649,0.0072296564
21650,0.102987126
21651,0.03006668
21652,0.025233096
21653,0.059254747
21654,0.056145236
21655,0.019018877
21656,0.052720055
21657,0.01260501
21658,0.13120162
21659,0.039698858
21660,0.047369294
21661,0.015344936
21662,0.03201202
21663,0.08397389
21664,0.10329805
21665,0.022577144
21666,0.023247082
21667,0.05858884
21668,0.86295015
21669,0.066888705
21670,0.22824883
21671,0.044908512
21672,0.035070065
21673,0.05412256
21674,0.053733315
21675,0.012098818
21676,0.016849933
21677,0.29328445
21678,0.029619796
21679,0.0019949717
21680,0.010606153
21681,0.008514424
21682,0.05415566
21683,0.2366021
21684,0.023497999
21685,0.011782532
21686,0.120004945
21687,0.03534123
21688,0.025323462
21689,0.04779518
21690,0.39776626
21691,0.024913339
21692,0.020355303
21693,0.0540903
21694,0.03954961
21695,0.1439153
21696,0.07584554
21697,0.011647644
21698,0.011388095
21699,0.004368167
21700,0.07466367
21701,0.1489198
21702,0.10327384
21703,0.0787391
21704,0.070569545
21705,0.026947837
21706,0.05383054
21707,0.01641399
21708,0.2184571
21709,0.19096912
21710,0.2313783
21711,0.00620468
21712,0.0326771
21713,0.014125324
21714,0.012097725
21715,0.017504647
21716,0.01116103
21717,0.021382442
21718,0.01039818
21719,0.01298102
21720,0.029652389
21721,0.06139896
21722,0.057333432
21723,0.11740707
21724,0.015246402
21725,0.009890501
21726,0.13626024
21727,0.39721957
21728,0.009714658
21729,0.006805845
21730,0.020661272
21731,0.008603634
21732,0.027071562
21733,0.009122904
21734,0.01792097
21735,0.021282969
21736,0.008543607
21737,0.011806193
21738,0.026767496
21739,0.008109169
21740,0.009893303
21741,0.07453624
21742,0.031155962
21743,0.048952356
21744,0.01644102
21745,0.006678738
21746,0.01065092
21747,0.0058036046
21748,0.1186204
21749,0.026650758
21750,0.051408023
21751,0.008039685
21752,0.029305514
21753,0.015716583
21754,0.098596126
21755,0.016746141
21756,0.012020555
21757,0.012672132
21758,0.38938656
21759,0.059805658
21760,0.06207733
21761,0.06510124
21762,0.096382625
21763,0.025462246
21764,0.09589837
21765,0.010070792
21766,0.09096044
21767,0.0043209274
21768,0.13754065
21769,0.02091089
21770,0.026603248
21771,0.033522993
21772,0.033706248
21773,0.022799408
21774,0.0049729776
21775,0.010383626
21776,0.011457682
21777,0.03463686
21778,0.007941054
21779,0.008478389
21780,0.079773076
21781,0.06754839
21782,0.009285587
21783,0.17998561
21784,0.017793152
21785,0.023187598
21786,0.031888995
21787,0.010273645
21788,0.015357396
21789,0.052935462
21790,0.021420196
21791,0.010855104
21792,0.02362092
21793,0.029878264
21794,0.0072879125
21795,0.032833956
21796,0.12945011
21797,0.14740343
21798,0.0975462
21799,0.00793475
21800,0.02575348
21801,0.043652315
21802,0.03505662
21803,0.05835556
21804,0.03638568
21805,0.040981393
21806,0.07102885
21807,0.047886968
21808,0.029757803
21809,0.021419728
21810,0.022806004
21811,0.1045625
21812,0.04097454
21813,0.058561582
21814,0.25280026
21815,0.3713902
21816,0.016212782
21817,0.024561774
21818,0.34340847
21819,0.050231475
21820,0.26179487
21821,0.06320205
21822,0.24540567
21823,0.011654795
21824,0.059564393
21825,0.03235018
21826,0.0086562205
21827,0.24383238
21828,0.03143607
21829,0.6927727
21830,0.13087319
21831,0.11284749
21832,0.036438067
21833,0.024876915
21834,0.08730606
21835,0.12013254
21836,0.46962512
21837,0.40723225
21838,0.039487753
21839,0.0473774
21840,0.11118327
21841,0.14965874
21842,0.04619428
21843,0.036636103
21844,0.054289237
21845,0.05454053
21846,0.022401407
21847,0.36001182
21848,0.10686485
21849,0.2324683
21850,0.44764644
21851,0.09497347
21852,0.4706036
21853,0.057814617
21854,0.32203075
21855,0.04557157
21856,0.039822783
21857,0.030731985
21858,0.05826009
21859,0.20398156
21860,0.083285965
21861,0.026547063
21862,0.024918063
21863,0.05602264
21864,0.36983114
21865,0.046160564
21866,0.05152415
21867,0.052389443
21868,0.06873512
21869,0.026226515
21870,0.03880106
21871,0.06560725
21872,0.023057912
21873,0.050193902
21874,0.23782319
21875,0.046906013
21876,0.14507505
21877,0.018274507
21878,0.039927874
21879,0.024059882
21880,0.017141622
21881,0.29394755
21882,0.08227164
21883,0.011102074
21884,0.0631447
21885,0.24816372
21886,0.38660115
21887,0.06724022
21888,0.0495479
21889,0.016687347
21890,0.01579029
21891,0.015757829
21892,0.0052063847
21893,0.029514948
21894,0.06163035
21895,0.06100489
21896,0.073909275
21897,0.24212836
21898,0.29024646
21899,0.0053340825
21900,0.40193105
21901,0.042427134
21902,0.0091572385
21903,0.03186538
21904,0.02560644
21905,0.030763272
21906,0.2662868
21907,0.020083603
21908,0.040601004
21909,0.05793947
21910,0.04005757
21911,0.025567204
21912,0.12507583
21913,0.46358478
21914,0.043440815
21915,0.0631762
21916,0.021451587
21917,0.026294779
21918,0.040002137
21919,0.056177307
21920,0.027449518
21921,0.09851669
21922,0.16456427
21923,0.09108644
21924,0.08421084
21925,0.050712287
21926,0.03223468
21927,0.030714674
21928,0.02786454
21929,0.033994872
21930,0.09888431
21931,0.06629508
21932,0.25117332
21933,0.02341998
21934,0.04848993
21935,0.03662732
21936,0.022687588
21937,0.022433644
21938,0.025197025
21939,0.042019658
21940,0.022082666
21941,0.06732742
21942,0.1873748
21943,0.27077556
21944,0.04764195
21945,0.03812944
21946,0.035324734
21947,0.10017212
21948,0.06379147
21949,0.010330619
21950,0.053915355
21951,0.024738215
21952,0.24206361
21953,0.02359925
21954,0.024198655
21955,0.029630871
21956,0.004870802
21957,0.2170942
21958,0.08217675
21959,0.40408903
21960,0.26242477
21961,0.40135896
21962,0.08097174
21963,0.049273446
21964,0.02565343
21965,0.05784727
21966,0.046072718
21967,0.0060960394
21968,0.1380208
21969,0.051663775
21970,0.52401686
21971,0.12234334
21972,0.022732105
21973,0.118051775
21974,0.05115749
21975,0.049501475
21976,0.018734438
21977,0.013405686
21978,0.05331873
21979,0.017765012
21980,0.022186743
21981,0.08566243
21982,0.048414942
21983,0.24527676
21984,0.075737864
21985,0.13664779
21986,0.38499326
21987,0.4002992
21988,0.08417841
21989,0.029650822
21990,0.09983172
21991,0.03750977
21992,0.08647168
21993,0.061645888
21994,0.12676786
21995,0.044081282
21996,0.11105428
21997,0.03836336
21998,0.058186516
21999,0.03284562
22000,0.13205136
22001,0.05693925
22002,0.028299548
22003,0.009598764
22004,0.022813808
22005,0.035796132
22006,0.06462181
22007,0.08886752
22008,0.14829038
22009,0.12723978
22010,0.26647937
22011,0.25575078
22012,0.26326776
22013,0.02046626
22014,0.11391022
22015,0.012320812
22016,0.05114532
22017,0.09156205
22018,0.032078218
22019,0.023367593
22020,0.051520027
22021,0.036715947
22022,0.012660518
22023,0.054092053
22024,0.077459045
22025,0.027830265
22026,0.05205758
22027,0.01685248
22028,0.026295735
22029,0.091151185
22030,0.03596453
22031,0.121381596
22032,0.07106941
22033,0.1617835
22034,0.47385538
22035,0.13119574
22036,0.1365695
22037,0.083734296
22038,0.09472695
22039,0.09114416
22040,0.09084125
22041,0.059057586
22042,0.024739647
22043,0.1902208
22044,0.06955717
22045,0.08266769
22046,0.062170036
22047,0.075889625
22048,0.023461618
22049,0.018711977
22050,0.042137157
22051,0.18852374
22052,0.079104476
22053,0.055805195
22054,0.14172155
22055,0.7075413
22056,0.11680799
22057,0.020643532
22058,0.4021277
22059,0.07651761
22060,0.20259891
22061,0.27123174
22062,0.06928057
22063,0.002844681
22064,0.019731853
22065,0.054277778
22066,0.05542187
22067,0.110844485
22068,0.16293398
22069,0.044403274
22070,0.24993399
22071,0.08324465
22072,0.06828208
22073,0.0090168845
22074,0.014797487
22075,0.019671714
22076,0.05986596
22077,0.07940468
22078,0.015892291
22079,0.1490783
22080,0.17083676
22081,0.17130038
22082,0.10664456
22083,0.04420074
22084,0.13966149
22085,0.18125848
22086,0.36913052
22087,0.062338702
22088,0.005927652
22089,0.055562098
22090,0.008761853
22091,0.071668506
22092,0.49166116
22093,0.034704924
22094,0.116190806
22095,0.38985482
22096,0.246857
22097,0.008777083
22098,0.04669242
22099,0.066614494
22100,0.2711094
22101,0.41527715
22102,0.02321345
22103,0.11461246
22104,0.11811882
22105,0.17991531
22106,0.17352575
22107,0.16485414
22108,0.20821132
22109,0.38532567
22110,0.08623464
22111,0.053313885
22112,0.103426464
22113,0.06507775
22114,0.28459996
22115,0.91925424
22116,0.005268972
22117,0.049871273
22118,0.35656655
22119,0.015780073
22120,0.049571924
22121,0.27460206
22122,0.056555867
22123,0.09422949
22124,0.02044186
22125,0.056622893
22126,0.017030427
22127,0.4315217
22128,0.3790479
22129,0.11407601
22130,0.27311602
22131,0.16331893
22132,0.2080845
22133,0.3914152
22134,0.3924284
22135,0.027569365
22136,0.1737434
22137,0.2551447
22138,0.13413194
22139,0.9060705
22140,0.29994628
22141,0.4157047
22142,0.004434701
22143,0.021176446
22144,0.14355297
22145,0.06618574
22146,0.019563302
22147,0.011297622
22148,0.06637069
22149,0.0072803325
22150,0.012061786
22151,0.021874277
22152,0.047622524
22153,0.23052181
22154,0.13527869
22155,0.12770529
22156,0.14060335
22157,0.12124122
22158,0.38123503
22159,0.26291573
22160,0.11268151
22161,0.27242726
22162,0.022385685
22163,0.07104336
22164,0.9660218
22165,0.88214344
22166,0.5586553
22167,0.015994519
22168,0.08324543
22169,0.38690314
22170,0.08316063
22171,0.014683055
22172,0.05671804
22173,0.061891124
22174,0.08145913
22175,0.0608894
22176,0.015717566
22177,0.40747562
22178,0.027352659
22179,0.044651594
22180,0.2857948
22181,0.14748277
22182,0.07131542
22183,0.06638835
22184,0.39361373
22185,0.25456116
22186,0.024225716
22187,0.1346166
22188,0.11185692
22189,0.11515811
22190,0.94047064
22191,0.8538179
22192,0.6027371
22193,0.0153713655
22194,0.062911384
22195,0.006647936
22196,0.38487443
22197,0.089350715
22198,0.27361962
22199,0.04326684
22200,0.07956595
22201,0.020141954
22202,0.11473193
22203,0.13371061
22204,0.16630527
22205,0.17344417
22206,0.4972824
22207,0.44754565
22208,0.26680258
22209,0.17446792
22210,0.12022436
22211,0.08119999
22212,0.14121003
22213,0.051414866
22214,0.032693915
22215,0.021878822
22216,0.14386898
22217,0.14112256
22218,0.068723254
22219,0.11408813
22220,0.9193943
22221,1.0257119
22222,0.975724
22223,0.13531739
22224,0.05358664
22225,0.25266308
22226,0.011995977
22227,0.39586842
22228,0.018659463
22229,0.040428214
22230,0.122132026
22231,0.0644937
22232,0.4516975
22233,0.9852588
22234,0.09949924
22235,0.1469688
22236,0.12885787
22237,0.18729576
22238,0.09681902
22239,0.3934076
22240,0.25224423
22241,0.03917116
22242,0.09867889
22243,0.116356865
22244,0.117185555
22245,0.055963878
22246,0.02813446
22247,0.44120046
22248,0.43115303
22249,0.25973365
22250,0.08730068
22251,0.026406841
22252,0.11584346
22253,0.0742249
22254,0.19738266
22255,0.027123734
22256,0.048995342
22257,0.05033555
22258,0.04756675
22259,0.05079004
22260,0.4426502
22261,0.7401936
22262,0.27671376
22263,0.27557692
22264,0.15304075
22265,0.19071785
22266,0.2531946
22267,0.5296599
22268,0.06902371
22269,0.039444927
22270,0.031038392
22271,0.14510873
22272,0.16087188
22273,0.13902964
22274,0.2934563
22275,0.27391103
22276,0.1642886
22277,1.0570747
22278,0.13341686
22279,0.019435726
22280,0.13830869
22281,0.165212
22282,0.022345949
22283,0.06262538
22284,0.2772525
22285,0.068894625
22286,0.041297775
22287,0.04232734
22288,0.054049127
22289,0.16851278
22290,0.44023976
22291,0.27864456
22292,0.510508
22293,0.29240233
22294,0.17227955
22295,0.17689516
22296,0.3968815
22297,0.013505804
22298,0.023852445
22299,0.24909171
22300,0.08102409
22301,0.05876232
22302,0.4297875
22303,0.2695702
22304,0.06552195
22305,0.52052253
22306,0.4465888
22307,0.08924749
22308,0.12343379
22309,0.0868824
22310,0.054716814
22311,0.009725478
22312,0.010972462
22313,0.0280134
22314,0.06588215
22315,0.113198526
22316,0.1212656
22317,0.17221572
22318,0.40886426
22319,0.94112676
22320,0.40383366
22321,0.37448123
22322,0.53733206
22323,0.10387612
22324,0.07313728
22325,0.07730889
22326,0.1483443
22327,0.26350188
22328,0.074991845
22329,0.031939387
22330,0.073298834
22331,0.14309202
22332,0.049016833
22333,0.1136964
22334,0.020389184
22335,0.016104002
22336,0.040318422
22337,0.021521494
22338,0.12337527
22339,0.008063121
22340,0.034405645
22341,0.08372056
22342,0.06722033
22343,0.110311456
22344,0.2763426
22345,0.27135354
22346,0.4126289
22347,0.8205459
22348,0.64835775
22349,0.2837716
22350,0.11971447
22351,0.016087463
22352,0.058457863
22353,0.12646723
22354,0.016555578
22355,0.03620752
22356,0.93585247
22357,0.05476624
22358,0.017338382
22359,0.06685156
22360,0.05320966
22361,0.11318297
22362,0.039252963
22363,0.052994955
22364,0.040137064
22365,0.012991002
22366,0.017472254
22367,0.03017645
22368,0.111591764
22369,0.14702086
22370,0.5781131
22371,0.4348317
22372,0.26983806
22373,1.1342055
22374,0.29187778
22375,0.4562822
22376,0.24835373
22377,0.03390495
22378,0.027078338
22379,0.038954474
22380,0.054791886
22381,0.05057492
22382,0.039289467
22383,0.07083465
22384,0.4303016
22385,0.09965163
22386,0.35809422
22387,0.027646288
22388,0.115327545
22389,0.13319468
22390,0.13629954
22391,0.24619403
22392,0.04088394
22393,0.031112963
22394,0.05499674
22395,0.1727209
22396,0.93463117
22397,0.4684861
22398,0.5821448
22399,0.2681487
22400,0.2771286
22401,0.18823588
22402,0.095523156
22403,0.043872878
22404,0.012923344
22405,0.022903953
22406,0.043098405
22407,0.02927711
22408,0.13659024
22409,0.14158556
22410,0.083812594
22411,0.26732743
22412,0.02488381
22413,0.07052659
22414,0.25919107
22415,0.041602876
22416,0.15249163
22417,0.2535413
22418,0.044431206
22419,0.2681412
22420,0.19053319
22421,0.09610771
22422,0.107513525
22423,0.017789898
22424,0.10539502
22425,0.08531097
22426,0.13277395
22427,0.121313326
22428,0.04574534
22429,0.009073643
22430,0.24474227
22431,0.012491386
22432,0.10113319
22433,0.040102366
22434,0.035265684
22435,0.14581226
22436,0.04771443
22437,0.06396593
22438,0.061215952
22439,0.19539127
22440,0.37044734
22441,0.48792788
22442,0.089405075
22443,0.0038722465
22444,0.014031671
22445,0.023676246
22446,0.05866467
22447,0.07517261
22448,0.13425651
22449,0.01180777
22450,0.030644873
22451,0.014509127
22452,0.029014433
22453,0.015820496
22454,0.00782265
22455,0.092953265
22456,0.12059103
22457,0.42520487
22458,0.023134572
22459,0.025644924
22460,0.1976936
22461,0.092339896
22462,0.11962271
22463,0.36604926
22464,0.091051005
22465,0.003112485
22466,0.23305391
22467,0.010414771
22468,0.03576117
22469,0.018006943
22470,0.081925504
22471,0.12839332
22472,0.058838215
22473,0.015088976
22474,0.008201551
22475,0.2805389
22476,0.027367389
22477,0.012813075
22478,0.026235122
22479,0.14765352
22480,0.0865078
22481,0.05617131
22482,0.02436283
22483,0.038098622
22484,0.07910747
22485,0.2928612
22486,0.02547597
22487,0.017413348
22488,0.027009845
22489,0.04115127
22490,0.07072003
22491,0.2583273
22492,0.07045961
22493,0.2638121
22494,0.09673775
22495,0.027486084
22496,0.048314523
22497,0.051329102
22498,0.026986675
22499,0.26486734
22500,0.014790559
22501,0.14386864
22502,0.017317953
22503,0.10975947
22504,0.0680013
22505,0.01900374
22506,0.38756666
22507,0.65538454
22508,0.24307759
22509,0.072871
22510,0.0038383463
22511,0.0755559
22512,0.041733935
22513,0.03825274
22514,0.08054702
22515,0.08670414
22516,0.094044015
22517,0.92323494
22518,0.07926347
22519,0.017262086
22520,0.08463134
22521,0.076746084
22522,0.015069998
22523,0.03858877
22524,0.13235343
22525,0.33834267
22526,0.06769127
22527,0.13179938
22528,0.021360166
22529,0.05880419
22530,0.099925905
22531,0.030512692
22532,0.02531322
22533,0.06004683
22534,0.054336812
22535,0.018567212
22536,0.013378785
22537,0.050996084
22538,0.016217932
22539,0.14128971
22540,0.04178088
22541,0.046123438
22542,0.015646443
22543,0.031787425
22544,0.082422175
22545,0.10318601
22546,0.02231829
22547,0.023278255
22548,0.05566904
22549,0.8795205
22550,0.064276464
22551,0.10522399
22552,0.045084566
22553,0.03718382
22554,0.05064521
22555,0.05317695
22556,0.012724801
22557,0.016906733
22558,0.28623593
22559,0.029969413
22560,0.011385645
22561,0.05273892
22562,0.11227131
22563,0.022539532
22564,0.010557213
22565,0.11372542
22566,0.043829806
22567,0.025527263
22568,0.04872294
22569,0.38276792
22570,0.024769124
22571,0.021254616
22572,0.017830318
22573,0.010972852
22574,0.05386152
22575,0.038931966
22576,0.007959084
22577,0.1468867
22578,0.07753759
22579,0.009778001
22580,0.0060326327
22581,0.071909934
22582,0.14653452
22583,0.105367266
22584,0.077501
22585,0.06999087
22586,0.02645998
22587,0.018502016
22588,0.22000828
22589,0.27075437
22590,0.23129058
22591,0.007604436
22592,0.0079597095
22593,0.035204843
22594,0.013803394
22595,0.010668996
22596,0.016299212
22597,0.011105501
22598,0.020213239
22599,0.011293647
22600,0.003230875
22601,0.011518996
22602,0.008996643
22603,0.0262158
22604,0.059632123
22605,0.05405244
22606,0.120715454
22607,0.13425095
22608,0.17973748
22609,0.010827472
22610,0.007870238
22611,0.025601458
22612,0.011035491
22613,0.008205801
22614,0.014616802
22615,0.022200238
22616,0.011905766
22617,0.026422014
22618,0.0076281717
22619,0.015113152
22620,0.014073664
22621,0.071972415
22622,0.026617648
22623,0.04569337
22624,0.01442602
22625,0.04957016
22626,0.013749971
22627,0.007307343
22628,0.009832801
22629,0.007227585
22630,0.12283621
22631,0.053552706
22632,0.006292308
22633,0.029175
22634,0.014629153
22635,0.10004324
22636,0.01346153
22637,0.39127585
22638,0.059751026
22639,0.06394503
22640,0.06642881
22641,0.008083991
22642,0.096879356
22643,0.024379887
22644,0.09536233
22645,0.09196161
22646,0.004193627
22647,0.14703947
22648,0.02179685
22649,0.035150085
22650,0.035460256
22651,0.006127263
22652,0.010551892
22653,0.011004367
22654,0.035742078
22655,0.008160067
22656,0.007587207
22657,0.078176744
22658,0.066235416
22659,0.0053130686
22660,0.18216413
22661,0.019469926
22662,0.024350306
22663,0.01217185
22664,0.032474384
22665,0.009464574
22666,0.015625698
22667,0.052690614
22668,0.021665033
22669,0.009701859
22670,0.023469072
22671,0.029492404
22672,0.0066419467
22673,0.0076972176
22674,0.015515953
22675,0.03080252
22676,0.13213828
22677,0.15051907
22678,0.020816136
22679,0.0973155
22680,0.020554682
22681,0.029448183
22682,0.053659234
22683,0.03968507
22684,0.060049675
22685,0.08307928
22686,0.027625853
22687,0.10520343
22688,0.04497929
22689,0.0598678
22690,0.03970557
22691,0.23911604
22692,0.36187074
22693,0.030566558
22694,0.1600597
22695,0.25726044
22696,0.07574552
22697,0.11898806
22698,0.009961227
22699,0.048358124
22700,0.011898791
22701,0.03708268
22702,0.009833311
22703,0.24510114
22704,0.030565701
22705,0.6572432
22706,0.2474241
22707,0.03433617
22708,0.113018245
22709,0.042688232
22710,0.04178833
22711,0.033363946
22712,0.012288295
22713,0.035635848
22714,0.07672153
22715,0.2378174
22716,0.4425371
22717,0.4294845
22718,0.035660602
22719,0.052370995
22720,0.10518197
22721,0.24357982
22722,0.02130738
22723,0.048961814
22724,0.042312134
22725,0.051591177
22726,0.0352136
22727,0.38469747
22728,0.10326717
22729,0.12500423
22730,0.46615052
22731,0.09683355
22732,0.4608955
22733,0.057071656
22734,0.3144271
22735,0.04726647
22736,0.033828095
22737,0.0576005
22738,0.07268288
22739,0.080005296
22740,0.027083222
22741,0.025461808
22742,0.051710024
22743,0.27507523
22744,0.039880075
22745,0.03499627
22746,0.05088104
22747,0.0538061
22748,0.06292895
22749,0.031039793
22750,0.032322127
22751,0.07409706
22752,0.05165657
22753,0.13254125
22754,0.041407578
22755,0.15107217
22756,0.037708536
22757,0.022877408
22758,0.297903
22759,0.091335624
22760,0.06095268
22761,0.27477014
22762,0.29677355
22763,0.006018392
22764,0.0048961933
22765,0.06624115
22766,0.046686698
22767,0.0153365005
22768,0.013277229
22769,0.032688126
22770,0.059560426
22771,0.077753715
22772,0.14848067
22773,0.28836888
22774,0.008636584
22775,0.01815937
22776,0.19160987
22777,0.042600613
22778,0.011650845
22779,0.02908009
22780,0.02401506
22781,0.033746444
22782,0.27245483
22783,0.02058289
22784,0.035256222
22785,0.05450847
22786,0.040815465
22787,0.12490412
22788,0.4682232
22789,0.044908375
22790,0.06088566
22791,0.021986738
22792,0.02849849
22793,0.042670384
22794,0.057596724
22795,0.018386511
22796,0.02493416
22797,0.10179689
22798,0.16204932
22799,0.08495344
22800,0.08253255
22801,0.049365964
22802,0.0072810072
22803,0.029512748
22804,0.029566363
22805,0.027222855
22806,0.034894977
22807,0.003564525
22808,0.0915275
22809,0.06376158
22810,0.2408947
22811,0.024856241
22812,0.046100754
22813,0.03654477
22814,0.022431443
22815,0.021477565
22816,0.041263245
22817,0.019278241
22818,0.066938676
22819,0.17842299
22820,0.3936514
22821,0.04772789
22822,0.036777366
22823,0.035443306
22824,0.09662521
22825,0.066007905
22826,0.009205331
22827,0.053747386
22828,0.012462166
22829,0.026556626
22830,0.2494248
22831,0.02699902
22832,0.022611335
22833,0.029597882
22834,0.00464053
22835,0.21255608
22836,0.082158886
22837,0.25560302
22838,0.39630327
22839,0.39788637
22840,0.07694257
22841,0.05033319
22842,0.0265702
22843,0.058331616
22844,0.047186248
22845,0.13758433
22846,0.051018942
22847,0.51459384
22848,0.12795584
22849,0.02347235
22850,0.12112505
22851,0.05014206
22852,0.049508806
22853,0.020203033
22854,0.006562927
22855,0.053815644
22856,0.015366396
22857,0.017627742
22858,0.019175602
22859,0.08315809
22860,0.046466336
22861,0.2422126
22862,0.07424599
22863,0.13593751
22864,0.389215
22865,0.39465106
22866,0.08361272
22867,0.032419622
22868,0.10477073
22869,0.012980087
22870,0.03965404
22871,0.08286773
22872,0.058382623
22873,0.1324077
22874,0.043479633
22875,0.11500672
22876,0.03809902
22877,0.05743755
22878,0.030731846
22879,0.12920399
22880,0.0042456333
22881,0.060548637
22882,0.026607823
22883,0.00957906
22884,0.02111434
22885,0.034022287
22886,0.061184034
22887,0.087172255
22888,0.14493403
22889,0.12534888
22890,0.26638192
22891,0.15717722
22892,0.2518864
22893,0.019152945
22894,0.10961418
22895,0.011549442
22896,0.057119682
22897,0.045573946
22898,0.088276185
22899,0.03214074
22900,0.02369365
22901,0.0501325
22902,0.037247106
22903,0.049602706
22904,0.0767446
22905,0.028008185
22906,0.05303173
22907,0.018472694
22908,0.028289048
22909,0.0911403
22910,0.012870426
22911,0.03396569
22912,0.12306862
22913,0.06835944
22914,0.16452278
22915,0.33100638
22916,0.12751447
22917,0.14206252
22918,0.082484856
22919,0.097728044
22920,0.08793238
22921,0.08917876
22922,0.05925683
22923,0.006707806
22924,0.3842096
22925,0.067520425
22926,0.08096466
22927,0.059421923
22928,0.075653255
22929,0.022088282
22930,0.016091341
22931,0.020306401
22932,0.04123953
22933,0.19038899
22934,0.07493677
22935,0.054691374
22936,0.1391962
22937,0.67709833
22938,0.12141056
22939,0.022340635
22940,0.40078956
22941,0.074477665
22942,0.19633886
22943,0.19674005
22944,0.06866975
22945,0.018817084
22946,0.05353542
22947,0.058650684
22948,0.113186724
22949,0.15892929
22950,0.0441602
22951,0.16156708
22952,0.08319283
22953,0.06915895
22954,0.018843217
22955,0.05888607
22956,0.07805612
22957,0.015961856
22958,0.14766137
22959,0.17083676
22960,0.2577787
22961,0.11274214
22962,0.044855207
22963,0.13498467
22964,0.18121657
22965,0.3674912
22966,0.06236386
22967,0.055376388
22968,0.07191892
22969,0.5065748
22970,0.03774319
22971,0.112405494
22972,0.369353
22973,0.14703646
22974,0.008004189
22975,0.013664857
22976,0.009139971
22977,0.04520018
22978,0.065605395
22979,0.27702853
22980,0.2688852
22981,0.022487657
22982,0.11118268
22983,0.11879638
22984,0.18377429
22985,0.17349017
22986,0.16570027
22987,0.20617129
22988,0.3675256
22989,0.08933844
22990,0.055424005
22991,0.101584464
22992,0.06268189
22993,0.19986217
22994,0.9114008
22995,0.0039282455
22996,0.04919791
22997,0.38023037
22998,0.015486569
22999,0.052354675
23000,0.27790305
23001,0.009870469
23002,0.01299122
23003,0.056354742
23004,0.093822375
23005,0.018628363
23006,0.05944425
23007,0.016955104
23008,0.4179047
23009,0.20801848
23010,0.113856845
23011,0.274719
23012,0.1667734
23013,0.20650369
23014,0.37983143
23015,0.36903173
23016,0.17641929
23017,0.11424056
23018,0.25741524
23019,0.9189826
23020,0.31204647
23021,0.3191654
23022,0.023364082
23023,0.24884884
23024,0.06551174
23025,0.023747467
23026,0.020046595
23027,0.06478826
23028,0.010346517
23029,0.023012444
23030,0.047040008
23031,0.08454967
23032,0.13480532
23033,0.12972684
23034,0.14089252
23035,0.12044741
23036,0.25760868
23037,0.39933264
23038,0.024737358
23039,0.115055114
23040,0.27336085
23041,0.015988782
23042,0.06734256
23043,0.94489104
23044,0.87006485
23045,0.5456211
23046,0.0044317357
23047,0.023568394
23048,0.08496047
23049,0.41451153
23050,0.07944406
23051,0.01729029
23052,0.056863442
23053,0.022074163
23054,0.0034239478
23055,0.06108833
23056,0.083521865
23057,0.059450507
23058,0.01576581
23059,0.4224633
23060,0.030437274
23061,0.044701636
23062,0.27654046
23063,0.14883713
23064,0.07072619
23065,0.06692296
23066,0.41223404
23067,0.24709642
23068,0.022558874
23069,0.13261156
23070,0.11288176
23071,0.11356174
23072,0.9150428
23073,0.784037
23074,0.5894595
23075,0.016753158
23076,0.071138255
23077,0.024573136
23078,0.41189504
23079,0.08929621
23080,0.27492428
23081,0.043112963
23082,0.07999656
23083,0.019945234
23084,0.109973416
23085,0.13436699
23086,0.15877423
23087,0.17906657
23088,0.49490806
23089,0.46065858
23090,0.26851726
23091,0.17567849
23092,0.11674426
23093,0.081527315
23094,0.14057107
23095,0.04907602
23096,0.19123648
23097,0.1388175
23098,0.14294781
23099,0.07047369
23100,0.113112316
23101,0.025512278
23102,0.91015416
23103,0.9910041
23104,0.9449601
23105,0.13640526
23106,0.052530624
23107,0.2519154
23108,0.39884055
23109,0.02327013
23110,0.039706662
23111,0.12263857
23112,0.06542743
23113,0.43234843
23114,0.9965022
23115,0.10015242
23116,0.14223418
23117,0.12571576
23118,0.18165287
23119,0.09621437
23120,0.393898
23121,0.2439067
23122,0.038461234
23123,0.09738457
23124,0.12036324
23125,0.116140224
23126,0.05304147
23127,0.026989184
23128,0.29165196
23129,0.29351008
23130,0.16867483
23131,0.088094644
23132,0.025980568
23133,0.118754655
23134,0.07632239
23135,0.20290466
23136,0.026274221
23137,0.049240362
23138,0.048378438
23139,0.015519321
23140,0.021744955
23141,0.05057355
23142,0.05287404
23143,0.44378102
23144,0.7356062
23145,0.2763245
23146,0.27560928
23147,0.15592167
23148,0.18571419
23149,0.17612332
23150,0.5164288
23151,0.069017276
23152,0.039679993
23153,0.02842818
23154,0.14589334
23155,0.16813181
23156,0.13761628
23157,0.29724824
23158,0.27387857
23159,0.17264396
23160,1.0898167
23161,0.13688236
23162,0.018293975
23163,0.14149588
23164,0.25022283
23165,0.020946536
23166,0.06206764
23167,0.28371987
23168,0.07003498
23169,0.041551106
23170,0.041200943
23171,0.055415295
23172,0.16871992
23173,0.4175924
23174,0.22785333
23175,0.5004217
23176,0.29530403
23177,0.16859953
23178,0.17610238
23179,0.27336022
23180,0.024729291
23181,0.16672958
23182,0.07850998
23183,0.058973297
23184,0.43383688
23185,0.27378547
23186,0.06433529
23187,0.5090654
23188,0.28226593
23189,0.0048469487
23190,0.08711406
23191,0.12067104
23192,0.088246755
23193,0.05400441
23194,0.010042007
23195,0.010571347
23196,0.02996603
23197,0.06279308
23198,0.114187
23199,0.12587304
23200,0.16147384
23201,0.3931922
23202,0.9061533
23203,0.41438937
23204,0.39463848
23205,0.5667535
23206,0.101420164
23207,0.015032895
23208,0.07027422
23209,0.074503236
23210,0.24556127
23211,0.26554036
23212,0.07489703
23213,0.030347282
23214,0.07023507
23215,0.14036854
23216,0.017976398
23217,0.048310954
23218,0.11925701
23219,0.021842083
23220,0.04268704
23221,0.02088257
23222,0.1317371
23223,0.009885018
23224,0.03434435
23225,0.08490893
23226,0.0680335
23227,0.1107044
23228,0.27562857
23229,0.27367166
23230,0.4347627
23231,0.8468239
23232,0.62995946
23233,0.2844767
23234,0.23866244
23235,0.044728406
23236,0.056456547
23237,0.1273101
23238,0.017259374
23239,0.033378284
23240,0.96987295
23241,0.054537818
23242,0.017359048
23243,0.06827572
23244,0.05410413
23245,0.11167582
23246,0.036909267
23247,0.049969565
23248,0.01549777
23249,0.040927216
23250,0.01197279
23251,0.016591048
23252,0.028545065
23253,0.111956835
23254,0.14533427
23255,0.58032095
23256,0.4318763
23257,0.27586624
23258,1.1132739
23259,0.29313165
23260,0.50840676
23261,0.2485318
23262,0.035712402
23263,0.02698031
23264,0.037092652
23265,0.053753454
23266,0.052479994
23267,0.04005665
23268,0.07297173
23269,0.44418094
23270,0.23648193
23271,0.27690175
23272,0.025560353
23273,0.112507254
23274,0.13165267
23275,0.13700396
23276,0.24615994
23277,0.04093871
23278,0.0052381395
23279,0.029741714
23280,0.0099597145
23281,0.052659195
23282,0.17215624
23283,0.9260189
23284,0.4568683
23285,0.55998755
23286,0.27010652
23287,0.2781274
23288,0.18575843
23289,0.23666042
23290,0.041880507
23291,0.015268979
23292,0.024935529
23293,0.013451047
23294,0.030630935
23295,0.13412794
23296,0.14266002
23297,0.08272701
23298,0.19795913
23299,0.024080198
23300,0.07237225
23301,0.008652985
23302,0.37888312
23303,0.038606133
23304,0.1533508
23305,0.26445645
23306,0.041830312
23307,0.2639459
23308,0.19388284
23309,0.093731456
23310,0.10598405
23311,0.023508921
23312,0.102954425
23313,0.08956532
23314,0.04047142
23315,0.13087225
23316,0.12155311
23317,0.045044128
23318,0.02883894
23319,0.12467691
23320,0.011298276
23321,0.00928807
23322,0.016918309
23323,0.104637235
23324,0.035110395
23325,0.14667581
23326,0.04674382
23327,0.06556177
23328,0.016149608
23329,0.061084818
23330,0.1909073
23331,0.28529468
23332,0.49401873
23333,0.08834159
23334,0.057935428
23335,0.017386524
23336,0.07331703
23337,0.1389858
23338,0.011457399
23339,0.031031711
23340,0.014086753
23341,0.02917844
23342,0.016558679
23343,0.00927124
23344,0.023693949
23345,0.09255143
23346,0.11741386
23347,0.39689344
23348,0.020130077
23349,0.024952479
23350,0.046630543
23351,0.09321752
23352,0.11808229
23353,0.36876085
23354,0.08947074
23355,0.23522599
23356,0.03458551
23357,0.016360374
23358,0.081363514
23359,0.1260936
23360,0.057024933
23361,0.010223374
23362,0.01599851
23363,0.010139386
23364,0.27791804
23365,0.028368404
23366,0.0065848
23367,0.012787462
23368,0.027514797
23369,0.15266053
23370,0.08600997
23371,0.055629928
23372,0.025111904
23373,0.037317093
23374,0.081513956
23375,0.355803
23376,0.028184138
23377,0.01810562
23378,0.025603486
23379,0.040371235
23380,0.06714301
23381,0.26414317
23382,0.06936424
23383,0.16483831
23384,0.101204395
23385,0.024934579
23386,0.014370718
23387,0.04707192
23388,0.047811646
23389,0.02570461
23390,0.38373315
23391,0.23672314
23392,0.016172301
23393,0.11208645
23394,0.06934516
23395,0.016602674
23396,0.017430162
23397,0.41106638
23398,0.6892902
23399,0.24483441
23400,0.070389956
23401,0.0728763
23402,0.043265246
23403,0.035191767
23404,0.08272913
23405,0.085898526
23406,0.089003436
23407,0.8807711
23408,0.080435425
23409,0.016901257
23410,0.079684354
23411,0.07644786
23412,0.016597562
23413,0.03724279
23414,0.13334051
23415,0.41648325
23416,0.07109457
23417,0.13690203
23418,0.021148693
23419,0.05981521
23420,0.10147798
23421,0.030079298
23422,0.025733557
23423,0.059441946
23424,0.05392482
23425,0.015994852
23426,0.01329331
23427,0.051300347
23428,0.013599594
23429,0.13157623
23430,0.04126423
23431,0.04440097
23432,0.017235773
23433,0.03131342
23434,0.08337401
23435,0.103239365
23436,0.023622608
23437,0.057352394
23438,0.87217784
23439,0.06601479
23440,0.098566726
23441,0.04434711
23442,0.03824797
23443,0.050930332
23444,0.053168885
23445,0.012629429
23446,0.017354993
23447,0.19922544
23448,0.030473547
23449,0.008013566
23450,0.05249218
23451,0.1152946
23452,0.021641752
23453,0.11632492
23454,0.037014816
23455,0.024234831
23456,0.05066139
23457,0.3989185
23458,0.018851351
23459,0.018065367
23460,0.052529924
23461,0.038679685
23462,0.1466928
23463,0.07516417
23464,0.010150816
23465,0.0045062155
23466,0.07199946
23467,0.14983399
23468,0.1002308
23469,0.07730875
23470,0.06888543
23471,0.027020276
23472,0.053190965
23473,0.01858991
23474,0.21892671
23475,0.18017292
23476,0.23466995
23477,0.0069143
23478,0.033990543
23479,0.012717706
23480,0.011248636
23481,0.01707158
23482,0.021680703
23483,0.004170067
23484,0.010131418
23485,0.0037350126
23486,0.010349141
23487,0.011468797
23488,0.029325686
23489,0.0611752
23490,0.05640124
23491,0.11345184
23492,0.010272946
23493,0.23798147
23494,0.18379948
23495,0.0067108944
23496,0.0077537866
23497,0.026579265
23498,0.012093966
23499,0.0096922815
23500,0.021497257
23501,0.011464013
23502,0.027233817
23503,0.008418773
23504,0.015191638
23505,0.013890629
23506,0.012955905
23507,0.07517574
23508,0.028759217
23509,0.046447508
23510,0.013895314
23511,0.014174081
23512,0.00730422
23513,0.12502325
23514,0.027659258
23515,0.050321873
23516,0.00790606
23517,0.007042241
23518,0.029781546
23519,0.09486692
23520,0.017300973
23521,0.011050969
23522,0.37342697
23523,0.06319338
23524,0.06526641
23525,0.064730205
23526,0.011947413
23527,0.007313871
23528,0.09788438
23529,0.022583667
23530,0.0996398
23531,0.0917566
23532,0.14338648
23533,0.021404482
23534,0.023672389
23535,0.033391368
23536,0.032276917
23537,0.004411638
23538,0.010013752
23539,0.011824643
23540,0.036158066
23541,0.007396866
23542,0.0075354693
23543,0.07675941
23544,0.06674752
23545,0.278861
23546,0.014599045
23547,0.017462457
23548,0.02368357
23549,0.009313847
23550,0.016400753
23551,0.054155383
23552,0.023024146
23553,0.010583813
23554,0.021826994
23555,0.028354902
23556,0.0058258525
23557,0.007560676
23558,0.016316634
23559,0.032889217
23560,0.13456887
23561,0.1482669
23562,0.019882942
23563,0.09706914
23564,0.022015743
23565,0.035910238
23566,0.05330619
23567,0.043823127
23568,0.059950568
23569,0.028549679
23570,0.038084924
23571,0.03486654
23572,0.07102885
23573,0.050709702
23574,0.034122847
23575,0.02640551
23576,0.10670776
23577,0.033185795
23578,0.054727696
23579,0.2401292
23580,0.21343932
23581,0.035030205
23582,0.14464173
23583,0.062311098
23584,0.37905362
23585,0.07026033
23586,0.11001516
23587,0.04620852
23588,0.04833317
23589,0.030919518
23590,0.009363532
23591,0.11965867
23592,0.024512997
23593,0.6799297
23594,0.12862393
23595,0.034124304
23596,0.029921703
23597,0.11173242
23598,0.040670425
23599,0.025274884
23600,0.040923346
23601,0.03726189
23602,0.08248785
23603,0.2530803
23604,0.47830898
23605,0.4303067
23606,0.05086663
23607,0.101433374
23608,0.24686448
23609,0.021136403
23610,0.051990595
23611,0.03993054
23612,0.05142525
23613,0.05929958
23614,0.031319167
23615,0.38705248
23616,0.111138985
23617,0.12551017
23618,0.43059558
23619,0.09495482
23620,0.48536614
23621,0.017962297
23622,0.054914944
23623,0.31315142
23624,0.047369923
23625,0.049769446
23626,0.030406754
23627,0.059401684
23628,0.06766618
23629,0.085854106
23630,0.06886579
23631,0.032275885
23632,0.053293385
23633,0.16226056
23634,0.038554374
23635,0.032049466
23636,0.05580504
23637,0.055419058
23638,0.0666815
23639,0.027307874
23640,0.035288863
23641,0.039781958
23642,0.064450115
23643,0.024180708
23644,0.04678855
23645,0.13664824
23646,0.049009584
23647,0.253354
23648,0.017799668
23649,0.03994162
23650,0.03760179
23651,0.011013603
23652,0.41689357
23653,0.088257276
23654,0.060958896
23655,0.28034702
23656,0.4305072
23657,0.007015033
23658,0.0038522093
23659,0.0711075
23660,0.04473362
23661,0.012635036
23662,0.010584179
23663,0.06594612
23664,0.081027225
23665,0.15044756
23666,0.30655572
23667,0.019091424
23668,0.39353868
23669,0.04551883
23670,0.028152538
23671,0.031053564
23672,0.3976833
23673,0.02122521
23674,0.03815063
23675,0.05721047
23676,0.039724346
23677,0.12969112
23678,0.45020255
23679,0.04421808
23680,0.060740046
23681,0.022987207
23682,0.041310742
23683,0.05434342
23684,0.0113355275
23685,0.016966932
23686,0.026166935
23687,0.012808357
23688,0.09643068
23689,0.16761021
23690,0.08417318
23691,0.082148924
23692,0.051124275
23693,0.0069492073
23694,0.028547814
23695,0.028072981
23696,0.02759411
23697,0.032637164
23698,0.004111584
23699,0.097292684
23700,0.06541253
23701,0.2382779
23702,0.023083266
23703,0.048261307
23704,0.037971858
23705,0.02509277
23706,0.022525124
23707,0.021850172
23708,0.040852286
23709,0.020083038
23710,0.021058625
23711,0.065458104
23712,0.1864712
23713,0.37978107
23714,0.04776743
23715,0.036267504
23716,0.034397565
23717,0.09629566
23718,0.06285322
23719,0.051593296
23720,0.007922052
23721,0.026337072
23722,0.24815172
23723,0.025814928
23724,0.024047544
23725,0.02930634
23726,0.007267551
23727,0.21602993
23728,0.08145369
23729,0.26187882
23730,0.25416923
23731,0.41548488
23732,0.080234185
23733,0.050111696
23734,0.024531692
23735,0.058133166
23736,0.04812323
23737,0.13045952
23738,0.05093318
23739,0.5474239
23740,0.11696693
23741,0.1185663
23742,0.051688522
23743,0.013062119
23744,0.006141778
23745,0.0072500827
23746,0.05606712
23747,0.016846836
23748,0.014583237
23749,0.01709864
23750,0.0184073
23751,0.08395407
23752,0.04358278
23753,0.08744857
23754,0.07590456
23755,0.13579383
23756,0.38863933
23757,0.40694213
23758,0.082531266
23759,0.03234645
23760,0.10248897
23761,0.016088191
23762,0.036854476
23763,0.020649374
23764,0.0065880185
23765,0.08523754
23766,0.06265796
23767,0.12945925
23768,0.046335153
23769,0.11370246
23770,0.037426732
23771,0.055207226
23772,0.029868394
23773,0.0103321625
23774,0.13427815
23775,0.006259144
23776,0.056445055
23777,0.02663849
23778,0.011276871
23779,0.0227488
23780,0.0337086
23781,0.05946445
23782,0.08803035
23783,0.1489154
23784,0.12727879
23785,0.26860097
23786,0.25705048
23787,0.16275148
23788,0.01907913
23789,0.11174576
23790,0.011889232
23791,0.055050455
23792,0.043051157
23793,0.08790836
23794,0.032981545
23795,0.022838522
23796,0.051066175
23797,0.03702255
23798,0.0097266715
23799,0.05397063
23800,0.08137444
23801,0.027128026
23802,0.054021254
23803,0.022073504
23804,0.024470525
23805,0.011472564
23806,0.006909545
23807,0.09093544
23808,0.011938649
23809,0.0347676
23810,0.12222255
23811,0.06752766
23812,0.16078573
23813,0.32187536
23814,0.13095056
23815,0.13843103
23816,0.082839176
23817,0.093202166
23818,0.09127593
23819,0.0888793
23820,0.060410317
23821,0.0054816743
23822,0.023937007
23823,0.19384012
23824,0.0701917
23825,0.08342621
23826,0.061166745
23827,0.072379746
23828,0.01398968
23829,0.0220954
23830,0.015283934
23831,0.0185512
23832,0.04143286
23833,0.295248
23834,0.07831045
23835,0.054560445
23836,0.14432783
23837,0.6975392
23838,0.11944413
23839,0.022872563
23840,0.4001967
23841,0.07679961
23842,0.19800374
23843,0.2800714
23844,0.07218417
23845,0.01924279
23846,0.054976266
23847,0.05848933
23848,0.10945243
23849,0.16357192
23850,0.045147706
23851,0.16097073
23852,0.08174167
23853,0.07002473
23854,0.014681662
23855,0.018312996
23856,0.058984533
23857,0.077718504
23858,0.014605864
23859,0.14651525
23860,0.16715756
23861,0.25859606
23862,0.109029524
23863,0.04483784
23864,0.13950673
23865,0.17957035
23866,0.3648682
23867,0.06135441
23868,0.0072536133
23869,0.055690374
23870,0.024844117
23871,0.011576661
23872,0.07177455
23873,0.46549127
23874,0.040085413
23875,0.11150484
23876,0.36698073
23877,0.15063351
23878,0.015656458
23879,0.046374872
23880,0.06517557
23881,0.27698615
23882,0.2715552
23883,0.021793624
23884,0.111381754
23885,0.120178476
23886,0.17887828
23887,0.2598872
23888,0.16586721
23889,0.2044436
23890,0.38395604
23891,0.090099856
23892,0.021102577
23893,0.05945197
23894,0.10036497
23895,0.0661723
23896,0.19969966
23897,0.8867556
23898,0.048280306
23899,0.37602893
23900,0.014141493
23901,0.051143512
23902,0.2722212
23903,0.009527887
23904,0.057682272
23905,0.094261624
23906,0.01802826
23907,0.05486883
23908,0.01762679
23909,0.4394301
23910,0.20991407
23911,0.114702746
23912,0.27172276
23913,0.1662697
23914,0.20939635
23915,0.3844685
23916,0.3769311
23917,0.27093434
23918,0.25681874
23919,0.1335605
23920,0.90934473
23921,0.3153049
23922,0.4293984
23923,0.0041369754
23924,0.023859138
23925,0.14097781
23926,0.06437962
23927,0.023829196
23928,0.021093974
23929,0.065799676
23930,0.010682004
23931,0.021028196
23932,0.045727327
23933,0.08383211
23934,0.13889144
23935,0.12890367
23936,0.14164744
23937,0.119262904
23938,0.25800017
23939,0.37487444
23940,0.025864793
23941,0.10906318
23942,0.27124876
23943,0.017835958
23944,0.07104336
23945,0.93017936
23946,0.92079526
23947,0.6138241
23948,0.022978052
23949,0.07780429
23950,0.39293283
23951,0.083441004
23952,0.015063474
23953,0.054334432
23954,0.005834965
23955,0.060863074
23956,0.0848727
23957,0.059565496
23958,0.011658449
23959,0.42228243
23960,0.031038644
23961,0.04303394
23962,0.14729391
23963,0.1481545
23964,0.068012595
23965,0.06694098
23966,0.40635234
23967,0.36703068
23968,0.024065586
23969,0.13421592
23970,0.11472137
23971,0.119011514
23972,0.9350036
23973,0.7762919
23974,0.55563825
23975,0.014982843
23976,0.22599761
23977,0.026473071
23978,0.40129894
23979,0.09102033
23980,0.26756382
23981,0.04390774
23982,0.085801564
23983,0.02064768
23984,0.11340735
23985,0.13555858
23986,0.16014643
23987,0.16715133
23988,0.49202856
23989,0.4786879
23990,0.41868246
23991,0.17482321
23992,0.11889215
23993,0.081700936
23994,0.14061606
23995,0.049529392
23996,0.032042734
23997,0.14352259
23998,0.14508303
23999,0.067956276
24000,0.11297506
24001,0.02560172
24002,0.92710185
24003,1.0353754
24004,0.9768375
24005,0.13911702
24006,0.053313494
24007,0.24903874
24008,0.38771856
24009,0.02438729
24010,0.0024853945
24011,0.019415755
24012,0.04259176
24013,0.12359991
24014,0.064250275
24015,0.42404884
24016,0.9793576
24017,0.10005049
24018,0.1470228
24019,0.1278371
24020,0.18051404
24021,0.09597132
24022,0.40231112
24023,0.24479683
24024,0.041304734
24025,0.09847972
24026,0.11655918
24027,0.11309756
24028,0.057503477
24029,0.027626745
24030,0.29508963
24031,0.42328218
24032,0.2615237
24033,0.085937984
24034,0.11595987
24035,0.01026866
24036,0.0761316
24037,0.1916895
24038,0.028573494
24039,0.048239883
24040,0.048023313
24041,0.021129206
24042,0.05066605
24043,0.05446541
24044,0.42311144
24045,0.74120814
24046,0.27333906
24047,0.27416375
24048,0.15277046
24049,0.18909283
24050,0.2599253
24051,0.5161227
24052,0.06787537
24053,0.027710447
24054,0.039040793
24055,0.029436225
24056,0.1477356
24057,0.16641043
24058,0.23675214
24059,0.4128384
24060,0.27452734
24061,0.16588803
24062,1.0592848
24063,0.13406181
24064,0.01731268
24065,0.24297868
24066,0.2483746
24067,0.02305359
24068,0.059598204
24069,0.43320888
24070,0.07088637
24071,0.04148806
24072,0.04238559
24073,0.053917196
24074,0.17178091
24075,0.4254887
24076,0.2800853
24077,0.5054559
24078,0.2982234
24079,0.17625454
24080,0.1728784
24081,0.2722276
24082,0.021208774
24083,0.16407035
24084,0.07917117
24085,0.056288034
24086,0.42042392
24087,0.26836425
24088,0.061780076
24089,0.51751333
24090,0.27584448
24091,0.0066313306
24092,0.09006368
24093,0.118829526
24094,0.08780958
24095,0.011711181
24096,0.028182397
24097,0.06436528
24098,0.114966184
24099,0.12065441
24100,0.1669254
24101,0.4175096
24102,0.90641034
24103,0.414112
24104,0.394283
24105,0.5741385
24106,0.10310795
24107,0.07224868
24108,0.07610868
24109,0.14784876
24110,0.19578032
24111,0.06986972
24112,0.030543147
24113,0.068904996
24114,0.14165029
24115,0.018259648
24116,0.004892581
24117,0.052123487
24118,0.11543733
24119,0.020360375
24120,0.014592928
24121,0.04019642
24122,0.022217302
24123,0.008843151
24124,0.034086615
24125,0.086421505
24126,0.06827207
24127,0.11256309
24128,0.27744237
24129,0.18653016
24130,0.4362259
24131,0.87220216
24132,0.6316953
24133,0.27571672
24134,0.23877233
24135,0.057733
24136,0.123897605
24137,0.018266326
24138,0.012354726
24139,0.95447874
24140,0.05682294
24141,0.017943555
24142,0.06828627
24143,0.053514175
24144,0.11433063
24145,0.039830364
24146,0.05235799
24147,0.015571253
24148,0.041579004
24149,0.0040467754
24150,0.011711163
24151,0.016774826
24152,0.030160632
24153,0.11268059
24154,0.14652224
24155,0.58884317
24156,0.4375883
24157,0.27498344
24158,1.1497065
24159,0.41369805
24160,0.5195817
24161,0.24864051
24162,0.035047907
24163,0.03726973
24164,0.05363958
24165,0.05090702
24166,0.019711308
24167,0.038746808
24168,0.071690604
24169,0.44775438
24170,0.22838402
24171,0.35809422
24172,0.026599815
24173,0.11076147
24174,0.13105778
24175,0.13979222
24176,0.25344282
24177,0.04183069
24178,0.052936394
24179,0.1728079
24180,0.931032
24181,0.45511314
24182,0.56084126
24183,0.2620836
24184,0.2750509
24185,0.18816254
24186,0.09761849
24187,0.03888513
24188,0.023575382
24189,0.030593751
24190,0.13456391
24191,0.14230928
24192,0.082759716
24193,0.20057802
24194,0.023099022
24195,0.06994266
24196,0.009468916
24197,0.26996446
24198,0.04383341
24199,0.01094601
24200,0.15171322
24201,0.2608983
24202,0.04304317
24203,0.26987508
24204,0.1901992
24205,0.094134875
24206,0.10752851
24207,0.022436393
24208,0.10006523
24209,0.090975024
24210,0.041404188
24211,0.13160732
24212,0.11993233
24213,0.045513656
24214,0.009004996
24215,0.12425379
24216,0.011617162
24217,0.23320782
24218,0.0076543763
24219,0.032960344
24220,0.14650907
24221,0.04674483
24222,0.06520476
24223,0.06010586
24224,0.19675604
24225,0.379921
24226,0.48754308
24227,0.08547974
24228,0.0051323306
24229,0.017057369
24230,0.023068318
24231,0.06112938
24232,0.072817154
24233,0.13272458
24234,0.011265362
24235,0.030683246
24236,0.012834516
24237,0.029249873
24238,0.017548649
24239,0.008766133
24240,0.02471003
24241,0.0049750283
24242,0.092326604
24243,0.11663868
24244,0.37578988
24245,0.022670757
24246,0.025271388
24247,0.045939874
24248,0.0900921
24249,0.11958574
24250,0.3629808
24251,0.08727181
24252,0.0025318037
24253,0.0033567895
24254,0.22982596
24255,0.009675917
24256,0.034988843
24257,0.016729055
24258,0.08128518
24259,0.24326086
24260,0.058666945
24261,0.017746545
24262,0.010072441
24263,0.28105274
24264,0.027492628
24265,0.011171383
24266,0.02526585
24267,0.15006977
24268,0.08657133
24269,0.05646389
24270,0.024936294
24271,0.03842503
24272,0.08053395
24273,0.36454555
24274,0.028203908
24275,0.01783831
24276,0.02635649
24277,0.04113845
24278,0.07028122
24279,0.2669104
24280,0.071473986
24281,0.2742051
24282,0.1015035
24283,0.026945243
24284,0.04985373
24285,0.049078688
24286,0.025269812
24287,0.2622279
24288,0.1481588
24289,0.016974498
24290,0.1096743
24291,0.06794327
24292,0.017239872
24293,0.3900313
24294,0.61937064
24295,0.24135454
24296,0.07020645
24297,0.004275291
24298,0.07447716
24299,0.04152573
24300,0.038553692
24301,0.083665706
24302,0.088443436
24303,0.08699596
24304,0.91408837
24305,0.019519927
24306,0.08318821
24307,0.014355065
24308,0.08353869
24309,0.07303216
24310,0.016553536
24311,0.037587304
24312,0.14054549
24313,0.32629853
24314,0.070886984
24315,0.22754253
24316,0.02125132
24317,0.06193779
24318,0.102022626
24319,0.02830942
24320,0.027566323
24321,0.061765846
24322,0.055675704
24323,0.018794011
24324,0.013500318
24325,0.05133196
24326,0.013799626
24327,0.13158354
24328,0.040007703
24329,0.046685066
24330,0.030994853
24331,0.081405364
24332,0.10154816
24333,0.02079188
24334,0.05896617
24335,0.86695075
24336,0.06874509
24337,0.09982033
24338,0.045210063
24339,0.033601463
24340,0.051390663
24341,0.052597232
24342,0.013008249
24343,0.20492277
24344,0.028381562
24345,0.010367366
24346,0.049126215
24347,0.24331607
24348,0.022211738
24349,0.009803825
24350,0.23797451
24351,0.04072392
24352,0.045811623
24353,0.37773034
24354,0.02666734
24355,0.018394075
24356,0.0011332466
24357,0.016877387
24358,0.010465396
24359,0.050933015
24360,0.038547527
24361,0.1484491
24362,0.07715123
24363,0.0050050784
24364,0.071245305
24365,0.14542995
24366,0.10372292
24367,0.077683635
24368,0.06933027
24369,0.054081127
24370,0.017574422
24371,0.22062472
24372,0.1918884
24373,0.22443813
24374,0.0060121887
24375,0.03258537
24376,0.013551045
24377,0.011003459
24378,0.016571922
24379,0.011532672
24380,0.020999312
24381,0.011409862
24382,0.004052618
24383,0.011120623
24384,0.013070709
24385,0.0089402385
24386,0.029091174
24387,0.062706955
24388,0.054469917
24389,0.118434
24390,0.0083998395
24391,0.12870385
24392,0.011381927
24393,0.26842475
24394,0.018832631
24395,0.025519757
24396,0.012016277
24397,0.021505658
24398,0.027835412
24399,0.008583484
24400,0.0009363402
24401,0.009032906
24402,0.01424787
24403,0.01572148
24404,0.0122717265
24405,0.071694985
24406,0.026107207
24407,0.047434688
24408,0.013342441
24409,0.050458577
24410,0.014787559
24411,0.0057857386
24412,0.009200918
24413,0.005010271
24414,0.120880954
24415,0.028608583
24416,0.051452924
24417,0.008262883
24418,0.008745609
24419,0.028246619
24420,0.009553078
24421,0.01704992
24422,0.09753226
24423,0.01730991
24424,0.0119292345
24425,0.010638071
24426,0.009951189
24427,0.40341654
24428,0.061920088
24429,0.06389126
24430,0.068479516
24431,0.004776641
24432,0.097459726
24433,0.022463933
24434,0.10003496
24435,0.09212302
24436,0.15510957
24437,0.02027459
24438,0.025919914
24439,0.034494944
24440,0.03363075
24441,0.028327122
24442,0.024621194
24443,0.010607813
24444,0.033834543
24445,0.0078414865
24446,0.007884112
24447,0.076596774
24448,0.067541175
24449,0.037643045
24450,0.18111987
24451,0.014323766
24452,0.02948501
24453,0.009058112
24454,0.016395913
24455,0.051441863
24456,0.010677365
24457,0.022071607
24458,0.029566498
24459,0.006245
24460,0.034232304
24461,0.24436134
24462,0.14482859
24463,0.020699164
24464,0.09786856
24465,0.02127788
24466,0.037105188
24467,0.05499899
24468,0.038165923
24469,0.041534554
24470,0.043000545
24471,0.0015659098
24472,0.10777951
24473,0.03031916
24474,0.05260164
24475,0.12449747
24476,0.22668484
24477,0.029661814
24478,0.0107126525
24479,0.25236008
24480,0.051832404
24481,0.25855964
24482,0.06801505
24483,0.10824753
24484,0.021286232
24485,0.010741142
24486,0.059821516
24487,0.013272499
24488,0.030857604
24489,0.010615634
24490,0.104877874
24491,0.024512745
24492,0.71099037
24493,0.25266686
24494,0.040154822
24495,0.115424
24496,0.046451814
24497,0.04459831
24498,0.015618783
24499,0.012592551
24500,0.027153151
24501,0.08143682
24502,0.35572472
24503,0.44629762
24504,0.41569453
24505,0.029814523
24506,0.054027826
24507,0.10529745
24508,0.13992806
24509,0.0062179235
24510,0.023166955
24511,0.052322213
24512,0.04256043
24513,0.05890075
24514,0.063026525
24515,0.032278806
24516,0.36559808
24517,0.10407141
24518,0.34520346
24519,0.45538735
24520,0.08480631
24521,0.023493148
24522,0.42157853
24523,0.019652877
24524,0.06274915
24525,0.30506694
24526,0.051814955
24527,0.04871609
24528,0.033382088
24529,0.06612109
24530,0.058354
24531,0.072508045
24532,0.07261118
24533,0.025779935
24534,0.028186014
24535,0.05954357
24536,0.16552547
24537,0.047850184
24538,0.03513488
24539,0.057970468
24540,0.059841692
24541,0.071847245
24542,0.032513503
24543,0.03713008
24544,0.028193276
24545,0.073460415
24546,0.026822146
24547,0.045959562
24548,0.14006439
24549,0.050576407
24550,0.2532504
24551,0.04382273
24552,0.036810275
24553,0.02510781
24554,0.0152642485
24555,0.010497967
24556,0.007792002
24557,0.40003702
24558,0.07733972
24559,0.06591073
24560,0.15512574
24561,0.17463458
24562,0.07744544
24563,0.054674063
24564,0.032758314
24565,0.07216317
24566,0.06199295
24567,0.15170705
24568,0.28117073
24569,0.01822802
24570,0.38101235
24571,0.051089007
24572,0.007876578
24573,0.032488737
24574,0.26973763
24575,0.024018563
24576,0.04495086
24577,0.006810036
24578,0.053996947
24579,0.03503048
24580,0.025503473
24581,0.12350345
24582,0.47640744
24583,0.047229182
24584,0.0641689
24585,0.02364523
24586,0.028854562
24587,0.043818846
24588,0.059130196
24589,0.012655469
24590,0.0267588
24591,0.013484283
24592,0.10427299
24593,0.17508
24594,0.09033469
24595,0.0832841
24596,0.05647432
24597,0.006378953
24598,0.03359472
24599,0.03136018
24600,0.029268557
24601,0.034406655
24602,0.10243036
24603,0.06628267
24604,0.38965985
24605,0.024299586
24606,0.04629836
24607,0.03574572
24608,0.019473162
24609,0.020860018
24610,0.023754898
24611,0.043776188
24612,0.019146668
24613,0.021845331
24614,0.071950845
24615,0.28333473
24616,0.4094695
24617,0.05010496
24618,0.039078895
24619,0.037932254
24620,0.102044344
24621,0.06738095
24622,0.05320472
24623,0.014204679
24624,0.0080830045
24625,0.02645539
24626,0.25486735
24627,0.027532658
24628,0.026146451
24629,0.030674143
24630,0.010292327
24631,0.21424328
24632,0.07981922
24633,0.4092787
24634,0.39177284
24635,0.39177856
24636,0.07791238
24637,0.04808693
24638,0.022342464
24639,0.057651974
24640,0.04720347
24641,0.13886845
24642,0.055243008
24643,0.5380268
24644,0.1287881
24645,0.026826415
24646,0.12161058
24647,0.05368064
24648,0.050431345
24649,0.0139695015
24650,0.009584618
24651,0.0063624126
24652,0.059174534
24653,0.018938148
24654,0.014934489
24655,0.009835161
24656,0.020421693
24657,0.023363182
24658,0.086688414
24659,0.04998928
24660,0.094459735
24661,0.076013505
24662,0.13144173
24663,0.39472425
24664,0.39974436
24665,0.08019919
24666,0.030675145
24667,0.10384673
24668,0.014229119
24669,0.037639752
24670,0.02225169
24671,0.09250883
24672,0.062200937
24673,0.13224307
24674,0.04522122
24675,0.117603384
24676,0.04005606
24677,0.06085499
24678,0.028471807
24679,0.009801393
24680,0.14075139
24681,0.026912028
24682,0.06407588
24683,0.026854886
24684,0.012019894
24685,0.024675239
24686,0.036464207
24687,0.06575768
24688,0.091970876
24689,0.14644739
24690,0.124881774
24691,0.4049924
24692,0.25812122
24693,0.25903246
24694,0.015685769
24695,0.1047152
24696,0.0073968717
24697,0.05679239
24698,0.046821572
24699,0.092795566
24700,0.034895528
24701,0.024478208
24702,0.054863464
24703,0.03848428
24704,0.010178113
24705,0.05354171
24706,0.08026034
24707,0.029752655
24708,0.057228677
24709,0.026509758
24710,0.0076693674
24711,0.095192
24712,0.014838873
24713,0.036567435
24714,0.122436754
24715,0.07281148
24716,0.1561636
24717,0.33774194
24718,0.13070288
24719,0.1323144
24720,0.08186425
24721,0.23751667
24722,0.08901186
24723,0.09553558
24724,0.063727364
24725,0.009249132
24726,0.010254168
24727,0.024614936
24728,0.29547578
24729,0.07793156
24730,0.09337003
24731,0.064596504
24732,0.07830534
24733,0.015658619
24734,0.024851745
24735,0.020755291
24736,0.043864485
24737,0.30895582
24738,0.07943337
24739,0.051288914
24740,0.14058526
24741,0.7155752
24742,0.121477686
24743,0.0220185
24744,0.39630333
24745,0.07439845
24746,0.25934416
24747,0.27187586
24748,0.07192871
24749,0.06033299
24750,0.06156763
24751,0.115435526
24752,0.1725511
24753,0.048560917
24754,0.16443369
24755,0.087890156
24756,0.0052332077
24757,0.07296275
24758,0.021620637
24759,0.062757656
24760,0.08419771
24761,0.019053534
24762,0.1458256
24763,0.15678068
24764,0.2571724
24765,0.11094974
24766,0.04344737
24767,0.13337493
24768,0.17659533
24769,0.35729098
24770,0.06336111
24771,0.0071452595
24772,0.059932355
24773,0.025475992
24774,0.009587321
24775,0.075937875
24776,0.5075186
24777,0.043607786
24778,0.110213645
24779,0.40477535
24780,0.15047365
24781,0.015477046
24782,0.0073663606
24783,0.04803883
24784,0.06837399
24785,0.2765196
24786,0.4451963
24787,0.021901807
24788,0.25648013
24789,0.12242668
24790,0.25703558
24791,0.25322962
24792,0.1639936
24793,0.2005716
24794,0.4054018
24795,0.09271112
24796,0.061586063
24797,0.10879203
24798,0.063877195
24799,0.27969605
24800,0.90526265
24801,0.006900038
24802,0.050704654
24803,0.40498435
24804,0.016116584
24805,0.051441625
24806,0.2071423
24807,0.014458474
24808,0.056437515
24809,0.094796635
24810,0.020946972
24811,0.0609419
24812,0.018478347
24813,0.4686369
24814,0.38057002
24815,0.11066646
24816,0.27369493
24817,0.16362578
24818,0.2738977
24819,0.39092276
24820,0.2724295
24821,0.02624221
24822,0.270006
24823,0.25714302
24824,0.13923319
24825,0.96265167
24826,0.30901226
24827,0.31463274
24828,0.009452741
24829,0.026420973
24830,0.24548304
24831,0.06911613
24832,0.026912479
24833,0.022132363
24834,0.0094624385
24835,0.06818861
24836,0.012838818
24837,0.022474911
24838,0.04886819
24839,0.22156794
24840,0.12724966
24841,0.12052701
24842,0.13375176
24843,0.11217528
24844,0.3905079
24845,0.26398978
24846,0.026714997
24847,0.1222681
24848,0.27324593
24849,0.020457182
24850,0.07198811
24851,0.9860822
24852,0.97808534
24853,0.57922685
24854,0.026148088
24855,0.02057276
24856,0.092022955
24857,0.42060855
24858,0.09559777
24859,0.061508123
24860,0.061254907
24861,0.08149555
24862,0.061371636
24863,0.018176075
24864,0.4755651
24865,0.030212969
24866,0.042637877
24867,0.14301492
24868,0.1436192
24869,0.066638514
24870,0.06301751
24871,0.3840954
24872,0.36650482
24873,0.024581516
24874,0.13650171
24875,0.11746033
24876,0.11999573
24877,0.97107893
24878,0.8286867
24879,0.59848595
24880,0.22537848
24881,0.02890331
24882,0.011306055
24883,0.40192932
24884,0.0933226
24885,0.27969185
24886,0.04558654
24887,0.08904389
24888,0.019066744
24889,0.113704905
24890,0.13316832
24891,0.1629656
24892,0.17018731
24893,0.49642342
24894,0.47907987
24895,0.44128472
24896,0.16907838
24897,0.11407082
24898,0.07827661
24899,0.13466759
24900,0.052126117
24901,0.030205151
24902,0.023114916
24903,0.1381167
24904,0.14635375
24905,0.07270778
24906,0.11832161
24907,0.0267686
24908,0.9510729
24909,1.0509102
24910,0.94969076
24911,0.13922033
24912,0.057350196
24913,0.25577348
24914,0.41487274
24915,0.02703209
24916,0.0058795386
24917,0.019755501
24918,0.019716756
24919,0.043326866
24920,0.121537276
24921,0.063379325
24922,0.46123555
24923,1.0157567
24924,0.09716153
24925,0.13980755
24926,0.12583427
24927,0.1780909
24928,0.09260085
24929,0.41796285
24930,0.11436048
24931,0.041045092
24932,0.10204445
24933,0.11966957
24934,0.12008617
24935,0.05598791
24936,0.024733623
24937,0.29131472
24938,0.28615832
24939,0.17078653
24940,0.08987412
24941,0.028473444
24942,0.11585303
24943,0.07840046
24944,0.28202876
24945,0.028573047
24946,0.048065208
24947,0.046749085
24948,0.020748096
24949,0.05122148
24950,0.056059193
24951,0.42253327
24952,0.7009176
24953,0.39734018
24954,0.19912122
24955,0.15206033
24956,0.18476659
24957,0.16219747
24958,0.5376946
24959,0.07008672
24960,0.039831083
24961,0.031405136
24962,0.25248936
24963,0.16467051
24964,0.41137528
24965,0.44066623
24966,0.43818808
24967,0.2593187
24968,1.0414097
24969,0.14162765
24970,0.018152006
24971,0.24738729
24972,0.24930918
24973,0.024619015
24974,0.06301902
24975,0.28280112
24976,0.068667315
24977,0.041463792
24978,0.041723017
24979,0.053498752
24980,0.16463271
24981,0.41983226
24982,0.27591145
24983,0.50820124
24984,0.2880106
24985,0.1634282
24986,0.16070935
24987,0.39396527
24988,0.026428096
24989,0.168357
24990,0.082421996
24991,0.06038779
24992,0.4443905
24993,0.2706354
24994,0.06501201
24995,0.521999
24996,0.27598843
24997,0.0071041724
24998,0.09396678
24999,0.12966752
25000,0.094647996
25001,0.010284019
25002,0.013544804
25003,0.0053787227
25004,0.027586298
25005,0.06386548
25006,0.11417264
25007,0.12013197
25008,0.16441257
25009,0.411879
25010,0.91846704
25011,0.42470428
25012,0.36154282
25013,0.5645948
25014,0.10524683
25015,0.07178094
25016,0.07620826
25017,0.14304611
25018,0.19434662
25019,0.07094255
25020,0.03379635
25021,0.010117581
25022,0.07219465
25023,0.1400536
25024,0.018301975
25025,0.048946943
25026,0.12337404
25027,0.017555429
25028,0.03748537
25029,0.022500826
25030,0.0191074
25031,0.007995297
25032,0.033067133
25033,0.083943956
25034,0.06761805
25035,0.10774178
25036,0.44989088
25037,0.2661609
25038,0.44841835
25039,0.8076873
25040,0.6312671
25041,0.38180828
25042,0.25050643
25043,0.046557162
25044,0.019953735
25045,0.06118269
25046,0.13065629
25047,0.01705631
25048,0.036494337
25049,0.95670354
25050,0.059684742
25051,0.017027898
25052,0.0720114
25053,0.0610434
25054,0.119486816
25055,0.04291485
25056,0.05612637
25057,0.019482953
25058,0.047792874
25059,0.011986084
25060,0.016456168
25061,0.03136245
25062,0.11097431
25063,0.14566411
25064,0.6121204
25065,0.4194648
25066,0.26983735
25067,1.1780328
25068,0.3913598
25069,0.4825442
25070,0.25396374
25071,0.036336698
25072,0.026598824
25073,0.05600746
25074,0.052286018
25075,0.04304458
25076,0.077437595
25077,0.42988208
25078,0.23643361
25079,0.36623952
25080,0.029822044
25081,0.11657811
25082,0.13454401
25083,0.15081473
25084,0.2536557
25085,0.19150226
25086,0.028657272
25087,0.054778542
25088,0.16399701
25089,0.9823876
25090,0.45039797
25091,0.62639165
25092,0.43842015
25093,0.2741147
25094,0.18786554
25095,0.24693349
25096,0.047751386
25097,0.027690513
25098,0.015817078
25099,0.017370492
25100,0.04664931
25101,0.03047214
25102,0.13956618
25103,0.14778303
25104,0.08594261
25105,0.28311476
25106,0.027019937
25107,0.076111205
25108,0.012619591
25109,0.39217955
25110,0.04454716
25111,0.00982329
25112,0.14095122
25113,0.26369002
25114,0.044231843
25115,0.016941004
25116,0.26415166
25117,0.18496436
25118,0.09262182
25119,0.11298796
25120,0.02523915
25121,0.10708404
25122,0.09396746
25123,0.041132092
25124,0.13454536
25125,0.12871413
25126,0.050696027
25127,0.028024873
25128,0.011661599
25129,0.2503531
25130,0.015906295
25131,0.11202922
25132,0.04718582
25133,0.03596652
25134,0.14148563
25135,0.04750914
25136,0.06197273
25137,0.014241004
25138,0.059662152
25139,0.19222009
25140,0.36839083
25141,0.512199
25142,0.09250161
25143,0.0076675387
25144,0.017012913
25145,0.018286634
25146,0.024192084
25147,0.060423907
25148,0.017251337
25149,0.0781376
25150,0.23898779
25151,0.013242481
25152,0.032334466
25153,0.014959432
25154,0.018656755
25155,0.008973966
25156,0.025958732
25157,0.09894647
25158,0.11134271
25159,0.38017485
25160,0.023770303
25161,0.023505194
25162,0.046477955
25163,0.089764126
25164,0.1144996
25165,0.37463257
25166,0.10034036
25167,0.005148174
25168,0.23975615
25169,0.012686347
25170,0.035146587
25171,0.09134325
25172,0.13582274
25173,0.062061433
25174,0.009784643
25175,0.018381668
25176,0.009121207
25177,0.28053263
25178,0.029927079
25179,0.015757741
25180,0.02735674
25181,0.14882718
25182,0.08713091
25183,0.055829752
25184,0.0223247
25185,0.037035406
25186,0.077668406
25187,0.35747978
25188,0.032654535
25189,0.020229759
25190,0.02759207
25191,0.04463254
25192,0.07217213
25193,0.25979364
25194,0.0765172
25195,0.26745617
25196,0.10107539
25197,0.02794651
25198,0.05839874
25199,0.0540586
25200,0.02913954
25201,0.2740298
25202,0.017357761
25203,0.15637136
25204,0.01831391
25205,0.105825305
25206,0.068180405
25207,0.017639114
25208,0.3936575
25209,0.6262046
25210,0.12851872
25211,0.08188835
25212,0.08518481
25213,0.046470825
25214,0.043176517
25215,0.23153996
25216,0.092896596
25217,0.09282759
25218,0.9413685
25219,0.019906834
25220,0.08225623
25221,0.016425924
25222,0.08460099
25223,0.08069941
25224,0.017340725
25225,0.04222942
25226,0.1397342
25227,0.4454685
25228,0.07728263
25229,0.23403625
25230,0.021637732
25231,0.07836456
25232,0.018828375
25233,0.10180028
25234,0.029596485
25235,0.026467856
25236,0.057793103
25237,0.06170969
25238,0.024707738
25239,0.015456187
25240,0.0542878
25241,0.015411096
25242,0.14351486
25243,0.04038163
25244,0.050585423
25245,0.016932037
25246,0.032437794
25247,0.08216665
25248,0.10638529
25249,0.023341661
25250,0.05918525
25251,0.94899935
25252,0.07064869
25253,0.10881115
25254,0.047532767
25255,0.040583197
25256,0.04690771
25257,0.05383039
25258,0.013457762
25259,0.017535804
25260,0.28597322
25261,0.028372785
25262,0.0033637567
25263,0.05548669
25264,0.121948645
25265,0.026343253
25266,0.013468673
25267,0.12749916
25268,0.04249635
25269,0.027495217
25270,0.052654736
25271,0.40294692
25272,0.029897906
25273,0.0197645
25274,0.0038577202
25275,0.005861322
25276,0.009865356
25277,0.05112144
25278,0.006157475
25279,0.038727276
25280,0.24423717
25281,0.07357111
25282,0.010608334
25283,0.013301918
25284,0.07280009
25285,0.14957249
25286,0.110177405
25287,0.08356593
25288,0.07185626
25289,0.027449582
25290,0.05885488
25291,0.018322332
25292,0.0698316
25293,0.27196398
25294,0.24566977
25295,0.0070707654
25296,0.0330187
25297,0.010737893
25298,0.010423137
25299,0.015805313
25300,0.010002438
25301,0.020356786
25302,0.0048284833
25303,0.012153998
25304,0.0056468006
25305,0.011701487
25306,0.013077542
25307,0.010077547
25308,0.03265097
25309,0.06606892
25310,0.059433583
25311,0.11962843
25312,0.00947392
25313,0.014045521
25314,0.13664427
25315,0.4059116
25316,0.025626648
25317,0.0111706825
25318,0.008338085
25319,0.017986335
25320,0.0071748286
25321,0.030453518
25322,0.010808618
25323,0.013222591
25324,0.01646274
25325,0.079795785
25326,0.027645564
25327,0.05115933
25328,0.017376663
25329,0.05363713
25330,0.017041555
25331,0.00613699
25332,0.0075983256
25333,0.0071534156
25334,0.11746004
25335,0.02865587
25336,0.048381627
25337,0.0052543576
25338,0.011484464
25339,0.031692367
25340,0.008951002
25341,0.01780354
25342,0.10810983
25343,0.012945469
25344,0.42182717
25345,0.06623835
25346,0.06613511
25347,0.0706481
25348,0.10008796
25349,0.023292987
25350,0.008553836
25351,0.0031077848
25352,0.09391537
25353,0.013919153
25354,0.094342925
25355,0.15574543
25356,0.023698788
25357,0.03899254
25358,0.037318494
25359,0.028263409
25360,0.025725067
25361,0.008872854
25362,0.03342231
25363,0.010531119
25364,0.011178972
25365,0.007067448
25366,0.085353374
25367,0.0701671
25368,0.03976476
25369,0.18546201
25370,0.018593874
25371,0.029940136
25372,0.0023660825
25373,0.009472714
25374,0.016700065
25375,0.051191106
25376,0.02045587
25377,0.013842829
25378,0.024890257
25379,0.030775484
25380,0.010170996
25381,0.018050266
25382,0.034905214
25383,0.25403118
25384,0.25055847
25385,0.02139638
25386,0.23576692
25387,0.021532755
25388,0.0581092
25389,0.04392197
25390,0.054631468
25391,0.00872416
25392,0.029720966
25393,0.03829508
25394,0.04074114
25395,0.07840355
25396,0.041333903
25397,0.028458836
25398,0.022862228
25399,0.11404607
25400,0.036133613
25401,0.055408485
25402,0.037192393
25403,0.13324194
25404,0.23603566
25405,0.074269466
25406,0.032040596
25407,0.24930172
25408,0.051677085
25409,0.3531265
25410,0.059599105
25411,0.24163693
25412,0.04296825
25413,0.01690765
25414,0.013965681
25415,0.07833406
25416,0.010523892
25417,0.2405443
25418,0.6785425
25419,0.12071236
25420,0.033373464
25421,0.12240534
25422,0.043782245
25423,0.031398457
25424,0.048565477
25425,0.031676196
25426,0.013413305
25427,0.030945498
25428,0.19503714
25429,0.38783738
25430,0.46543413
25431,0.41709703
25432,0.03764811
25433,0.0539243
25434,0.098587334
25435,0.13486394
25436,0.009083481
25437,0.05282894
25438,0.040035203
25439,0.06035828
25440,0.0575906
25441,0.028854381
25442,0.4176305
25443,0.102597706
25444,0.2530413
25445,0.44298077
25446,0.092767656
25447,0.020614695
25448,0.4526682
25449,0.061325654
25450,0.3263291
25451,0.051518276
25452,0.05131381
25453,0.032153994
25454,0.06394565
25455,0.07600682
25456,0.06754578
25457,0.024781466
25458,0.025257472
25459,0.05933228
25460,0.28919896
25461,0.05155985
25462,0.034636073
25463,0.058025204
25464,0.06089027
25465,0.069724575
25466,0.03550089
25467,0.03834262
25468,0.023004506
25469,0.050052222
25470,0.14411286
25471,0.14981297
25472,0.04083938
25473,0.013546505
25474,0.0146340495
25475,0.3937768
25476,0.08545311
25477,0.065826125
25478,0.2681002
25479,0.2874023
25480,0.0790149
25481,0.051428027
25482,0.020423757
25483,0.023809025
25484,0.03751734
25485,0.06660048
25486,0.072274126
25487,0.2579758
25488,0.399778
25489,0.02151577
25490,0.40005735
25491,0.05312171
25492,0.031052653
25493,0.02793744
25494,0.034005836
25495,0.26874134
25496,0.02470422
25497,0.045372166
25498,0.0039786454
25499,0.052295264
25500,0.03792345
25501,0.023074403
25502,0.13278025
25503,0.31558627
25504,0.047703184
25505,0.069155216
25506,0.024912255
25507,0.026092796
25508,0.042712554
25509,0.056573655
25510,0.029747676
25511,0.10124017
25512,0.17231202
25513,0.09023802
25514,0.22219793
25515,0.053677365
25516,0.03033322
25517,0.031532727
25518,0.029476456
25519,0.03369694
25520,0.007757343
25521,0.10223499
25522,0.06385405
25523,0.38597962
25524,0.02358024
25525,0.04855961
25526,0.035353653
25527,0.021626422
25528,0.022394093
25529,0.025343958
25530,0.0381396
25531,0.023816423
25532,0.07199609
25533,0.28941405
25534,0.3862315
25535,0.051538885
25536,0.038007263
25537,0.100236036
25538,0.067205764
25539,0.009757629
25540,0.053926528
25541,0.014964741
25542,0.025576498
25543,0.25918898
25544,0.026695862
25545,0.024891201
25546,0.030939233
25547,0.00953884
25548,0.21693084
25549,0.08039288
25550,0.4044254
25551,0.40269896
25552,0.40803635
25553,0.07716902
25554,0.049022485
25555,0.024666762
25556,0.057859916
25557,0.048113115
25558,0.138597
25559,0.053823628
25560,0.5382963
25561,0.12464773
25562,0.1185111
25563,0.054568004
25564,0.04997812
25565,0.020076355
25566,0.053422827
25567,0.017761055
25568,0.021253763
25569,0.087289944
25570,0.050812494
25571,0.09698332
25572,0.07415804
25573,0.13549799
25574,0.3938239
25575,0.39217016
25576,0.08156896
25577,0.02933459
25578,0.103715435
25579,0.016354863
25580,0.037195243
25581,0.0923011
25582,0.06257373
25583,0.13212693
25584,0.04647808
25585,0.117422596
25586,0.039680686
25587,0.058444086
25588,0.031754646
25589,0.23369163
25590,0.0060121003
25591,0.026935019
25592,0.060285985
25593,0.026142217
25594,0.0114349015
25595,0.025376048
25596,0.03586537
25597,0.06527774
25598,0.09096805
25599,0.14433058
25600,0.12545504
25601,0.37063587
25602,0.25560328
25603,0.25943705
25604,0.0165891
25605,0.11254152
25606,0.05524479
25607,0.046876412
25608,0.09649261
25609,0.052577086
25610,0.03852363
25611,0.05248566
25612,0.07932612
25613,0.028242543
25614,0.05571565
25615,0.026293643
25616,0.09031347
25617,0.014660747
25618,0.036727633
25619,0.12806246
25620,0.0701417
25621,0.24864301
25622,0.55227137
25623,0.13014436
25624,0.25053513
25625,0.07998103
25626,0.09524038
25627,0.08833954
25628,0.090942174
25629,0.060635008
25630,0.027061043
25631,0.19922192
25632,0.071842596
25633,0.086022824
25634,0.06217017
25635,0.07467755
25636,0.023621727
25637,0.01778448
25638,0.042018868
25639,0.3030335
25640,0.080841646
25641,0.057487942
25642,0.13619913
25643,0.7127955
25644,0.11833073
25645,0.020754889
25646,0.4001649
25647,0.0708582
25648,0.25656542
25649,0.27169573
25650,0.070625156
25651,0.021751173
25652,0.05629391
25653,0.11625258
25654,0.1724694
25655,0.046008956
25656,0.24539834
25657,0.08605537
25658,0.07264562
25659,0.008725607
25660,0.016431782
25661,0.061442662
25662,0.08143749
25663,0.01571085
25664,0.14283118
25665,0.1665431
25666,0.2550098
25667,0.11333419
25668,0.043498904
25669,0.13095446
25670,0.17755999
25671,0.2892402
25672,0.064837985
25673,0.059016682
25674,0.024944011
25675,0.22114807
25676,0.5203443
25677,0.04035735
25678,0.112225324
25679,0.3801491
25680,0.15434198
25681,0.014448695
25682,0.0073005296
25683,0.046328925
25684,0.06803503
25685,0.43923697
25686,0.4254839
25687,0.022818511
25688,0.25744864
25689,0.118088156
25690,0.26393855
25691,0.16613464
25692,0.16557218
25693,0.19834623
25694,0.39155957
25695,0.09186611
25696,0.06259618
25697,0.10528681
25698,0.06760067
25699,0.28102222
25700,0.9714677
25701,0.051111974
25702,0.38851514
25703,0.05303264
25704,0.27803794
25705,0.057321876
25706,0.09223745
25707,0.01752395
25708,0.056490067
25709,0.016731817
25710,0.44371772
25711,0.21197978
25712,0.11168005
25713,0.26674992
25714,0.16054343
25715,0.27343827
25716,0.40086293
25717,0.37593257
25718,0.027879395
25719,0.27519634
25720,0.26322213
25721,0.13273376
25722,0.99095464
25723,0.4396169
25724,0.4404733
25725,0.0060864254
25726,0.025613006
25727,0.14748582
25728,0.071190774
25729,0.027995314
25730,0.021705188
25731,0.0078183515
25732,0.011993843
25733,0.06756544
25734,0.009016391
25735,0.009877013
25736,0.021993777
25737,0.0481265
25738,0.22669767
25739,0.13065897
25740,0.12081164
25741,0.13678181
25742,0.25815776
25743,0.38949874
25744,0.2619421
25745,0.02637426
25746,0.118182585
25747,0.2783116
25748,0.01876502
25749,0.07325798
25750,0.9845589
25751,0.8787577
25752,0.6508159
25753,0.024297617
25754,0.019264165
25755,0.09332624
25756,0.40350074
25757,0.08875375
25758,0.017224628
25759,0.056094445
25760,0.024740212
25761,0.006573675
25762,0.009878014
25763,0.06175884
25764,0.08178096
25765,0.06257955
25766,0.014953158
25767,0.41632885
25768,0.028113322
25769,0.04246911
25770,0.14346507
25771,0.14368542
25772,0.06460214
25773,0.062406637
25774,0.2535292
25775,0.3825354
25776,0.12703016
25777,0.117221594
25778,0.119203694
25779,1.009653
25780,0.8281234
25781,0.6073564
25782,0.015822895
25783,0.07400745
25784,0.024526756
25785,0.010714999
25786,0.41835716
25787,0.09286444
25788,0.2799555
25789,0.04680708
25790,0.09231357
25791,0.11492272
25792,0.13212116
25793,0.15666549
25794,0.17301539
25795,0.4952249
25796,0.46214968
25797,0.26513025
25798,0.1688254
25799,0.117788464
25800,0.07786434
25801,0.13717237
25802,0.05215637
25803,0.031879056
25804,0.15010199
25805,0.14940986
25806,0.07004053
25807,0.11450929
25808,0.027044883
25809,0.9424245
25810,1.0273156
25811,0.9625549
25812,0.13825355
25813,0.053540803
25814,0.3965991
25815,0.012205184
25816,0.39814147
25817,0.0029298607
25818,0.019808073
25819,0.019067584
25820,0.039884627
25821,0.12268061
25822,0.064592406
25823,0.42411366
25824,1.0556124
25825,0.09258805
25826,0.1397391
25827,0.12231083
25828,0.17600964
25829,0.09261397
25830,0.4246623
25831,0.24493705
25832,0.04040581
25833,0.10305313
25834,0.117158055
25835,0.12242249
25836,0.05530391
25837,0.026540095
25838,0.2929568
25839,0.29100525
25840,0.17451666
25841,0.086327545
25842,0.027441045
25843,0.12072781
25844,0.08036744
25845,0.27823114
25846,0.02885773
25847,0.0476562
25848,0.045235485
25849,0.020764943
25850,0.050213594
25851,0.050712153
25852,0.42691588
25853,0.7324891
25854,0.26672658
25855,0.19807822
25856,0.15023214
25857,0.18155894
25858,0.16622144
25859,0.5132468
25860,0.21631005
25861,0.039773516
25862,0.030459056
25863,0.15445435
25864,0.16871145
25865,0.25112
25866,0.44952983
25867,0.27144784
25868,0.24841823
25869,1.0607284
25870,0.13790321
25871,0.019345738
25872,0.24757728
25873,0.25100234
25874,0.023886373
25875,0.064865835
25876,0.2812982
25877,0.0032715776
25878,0.06783943
25879,0.04158772
25880,0.04014292
25881,0.053621445
25882,0.16309942
25883,0.43774584
25884,0.27034292
25885,0.4948545
25886,0.2754631
25887,0.16732293
25888,0.16860001
25889,0.38272062
25890,0.013944722
25891,0.024323558
25892,0.16900207
25893,0.08053011
25894,0.06070103
25895,0.4513252
25896,0.27568978
25897,0.06534589
25898,0.54338056
25899,0.25744474
25900,0.008361444
25901,0.09394754
25902,0.13413423
25903,0.09345817
25904,0.010818
25905,0.011840183
25906,0.026944654
25907,0.06398544
25908,0.113010675
25909,0.11742207
25910,0.16783896
25911,0.4227414
25912,0.92138267
25913,0.41740316
25914,0.37839606
25915,0.5713797
25916,0.10593741
25917,0.015629899
25918,0.07574048
25919,0.08323634
25920,0.15459901
25921,0.26860693
25922,0.073824465
25923,0.031230189
25924,0.07218272
25925,0.14783204
25926,0.01846186
25927,0.006554237
25928,0.05322968
25929,0.11982957
25930,0.022453519
25931,0.04090809
25932,0.020994527
25933,0.017653488
25934,0.008248642
25935,0.03369535
25936,0.08503638
25937,0.06721961
25938,0.10726009
25939,0.27245176
25940,0.1822422
25941,0.4351832
25942,0.8181869
25943,0.6213594
25944,0.27632874
25945,0.24943708
25946,0.047561318
25947,0.016611723
25948,0.059110817
25949,0.13423571
25950,0.017357012
25951,0.03628246
25952,0.9775035
25953,0.056288984
25954,0.018225325
25955,0.21875712
25956,0.060812164
25957,0.25748318
25958,0.052877434
25959,0.046233993
25960,0.014808566
25961,0.030448051
25962,0.11531064
25963,0.13853352
25964,0.5990392
25965,0.45125946
25966,0.26314834
25967,1.1538028
25968,0.4038597
25969,0.46313015
25970,0.15850411
25971,0.034864586
25972,0.0290359
25973,0.041294824
25974,0.060367003
25975,0.054188263
25976,0.04052553
25977,0.07505529
25978,0.44034365
25979,0.24218291
25980,0.3647332
25981,0.031756606
25982,0.12120752
25983,0.13722444
25984,0.14534934
25985,0.18178461
25986,0.04901491
25987,0.027299633
25988,0.00884699
25989,0.051495627
25990,0.16939093
25991,1.0561043
25992,0.49709114
25993,0.6410818
25994,0.47540113
25995,0.26883772
25996,0.18799098
25997,0.24510598
25998,0.02684455
25999,0.047581915
26000,0.032913446
26001,0.14216594
26002,0.14897834
26003,0.087246746
26004,0.27987093
26005,0.027277954
26006,0.080575645
26007,0.011341135
26008,0.38885948
26009,0.047372423
26010,0.14357705
26011,0.25756523
26012,0.04423763
26013,0.016776443
26014,0.25803152
26015,0.18245837
26016,0.091986574
26017,0.11633912
26018,0.10833738
26019,0.09524532
26020,0.04341565
26021,0.13651854
26022,0.12508436
26023,0.029243441
26024,0.009759992
26025,0.25294435
26026,0.017866362
26027,0.01567551
26028,0.11325615
26029,0.009602798
26030,0.03294811
26031,0.14358501
26032,0.04640178
26033,0.062012654
26034,0.015026366
26035,0.05643378
26036,0.19394128
26037,0.3650722
26038,0.5162708
26039,0.099196754
26040,0.013857892
26041,0.019856056
26042,0.026235012
26043,0.064756446
26044,0.015961738
26045,0.07650085
26046,0.2418416
26047,0.011355034
26048,0.033496063
26049,0.016170599
26050,0.03015214
26051,0.009590967
26052,0.025713284
26053,0.09233427
26054,0.11283826
26055,0.37365448
26056,0.02326845
26057,0.024538884
26058,0.046737973
26059,0.08889436
26060,0.11291339
26061,0.37806126
26062,0.10383317
26063,0.005708302
26064,0.0038944772
26065,0.24046655
26066,0.012996068
26067,0.036870938
26068,0.08586049
26069,0.1354033
26070,0.05928347
26071,0.010126656
26072,0.01870077
26073,0.011607626
26074,0.20255895
26075,0.030710261
26076,0.008853975
26077,0.012367723
26078,0.025473835
26079,0.1438738
26080,0.08582679
26081,0.05528132
26082,0.024472995
26083,0.03639754
26084,0.07692596
26085,0.36904904
26086,0.032207143
26087,0.022341738
26088,0.02684519
26089,0.07296129
26090,0.18249115
26091,0.077565156
26092,0.27680042
26093,0.099234544
26094,0.02615397
26095,0.014727542
26096,0.050019313
26097,0.052808665
26098,0.026394915
26099,0.19993933
26100,0.0140695255
26101,0.016410746
26102,0.24830022
26103,0.014824776
26104,0.10570381
26105,0.06586799
26106,0.016621897
26107,0.2905735
26108,0.71267474
26109,0.12678993
26110,0.081320554
26111,0.009651424
26112,0.08339396
26113,0.0471406
26114,0.043470703
26115,0.2331454
26116,0.091305435
26117,0.09459644
26118,0.9375375
26119,0.08645007
26120,0.018055102
26121,0.08739251
26122,0.08066864
26123,0.016079947
26124,0.040229097
26125,0.14389347
26126,0.33327284
26127,0.07720143
26128,0.23299104
26129,0.022114564
26130,0.014708095
26131,0.082613364
26132,0.01710101
26133,0.10246814
26134,0.027903575
26135,0.0018788138
26136,0.02476371
26137,0.05682143
26138,0.061890796
26139,0.024573402
26140,0.05698714
26141,0.14793625
26142,0.04078576
26143,0.048904702
26144,0.01845925
26145,0.030364852
26146,0.08763149
26147,0.108156934
26148,0.021161214
26149,0.060493257
26150,0.96278054
26151,0.0707614
26152,0.11651964
26153,0.049434032
26154,0.04125417
26155,0.04970123
26156,0.04962455
26157,0.011631125
26158,0.014982102
26159,0.2876158
26160,0.02871242
26161,0.0052395673
26162,0.005871841
26163,0.00089116726
26164,0.01410907
26165,0.00968724
26166,0.057734296
26167,0.12288792
26168,0.024307959
26169,0.012880317
26170,0.11348937
26171,0.04147891
26172,0.026961578
26173,0.052467898
26174,0.41719413
26175,0.02707915
26176,0.0052178884
26177,0.022234587
26178,0.050743837
26179,0.0074439966
26180,0.038332537
26181,0.14250647
26182,0.07263592
26183,0.00899963
26184,0.011745919
26185,0.07863824
26186,0.16221409
26187,0.10830767
26188,0.08507284
26189,0.07265741
26190,0.0263453
26191,0.060159713
26192,0.01828288
26193,0.06879523
26194,0.18898949
26195,0.23716398
26196,0.007880194
26197,0.034292534
26198,0.011902272
26199,0.009660652
26200,0.014558294
26201,0.00980382
26202,0.020798681
26203,0.0063363663
26204,0.0068728714
26205,0.014425438
26206,0.010307306
26207,0.031155907
26208,0.06544923
26209,0.058273852
26210,0.12102889
26211,0.14206505
26212,0.011648319
26213,0.27991164
26214,0.021724768
26215,0.0052256505
26216,0.025119899
26217,0.011123534
26218,0.008805849
26219,0.0069732466
26220,0.014697897
26221,0.028579649
26222,0.0098840175
26223,0.013068475
26224,0.017663274
26225,0.016406214
26226,0.015145029
26227,0.08057156
26228,0.029072681
26229,0.048904505
26230,0.017042983
26231,0.051131465
26232,0.018781947
26233,0.0070051593
26234,0.007260529
26235,0.004755204
26236,0.119702555
26237,0.025923034
26238,0.049229495
26239,0.002237766
26240,0.011242873
26241,0.032386743
26242,0.008882443
26243,0.018722646
26244,0.10431304
26245,0.020161962
26246,0.01541347
26247,0.013216513
26248,0.29397914
26249,0.06460191
26250,0.067442
26251,0.06996017
26252,0.0051008477
26253,0.10057835
26254,0.022264315
26255,0.09916822
26256,0.016857812
26257,0.09883719
26258,0.15699251
26259,0.022963775
26260,0.018232975
26261,0.035206072
26262,0.030664843
26263,0.0055723
26264,0.01021516
26265,0.01002462
26266,0.008117126
26267,0.036203768
26268,0.010586601
26269,0.08525834
26270,0.07195489
26271,0.041575935
26272,0.199294
26273,0.019260848
26274,0.02427452
26275,0.0037217084
26276,0.009325339
26277,0.014179608
26278,0.051983714
26279,0.020081667
26280,0.023841849
26281,0.032356616
26282,0.009459005
26283,0.010459253
26284,0.016041558
26285,0.032951258
26286,0.25453547
26287,0.15125568
26288,0.014462833
26289,0.10601796
26290,0.014799604
26291,0.020979423
26292,0.0480291
26293,0.023248315
26294,0.034938797
26295,0.026261609
26296,0.037294354
26297,0.04166245
26298,0.07088641
26299,0.008436494
26300,0.033414215
26301,0.022862228
26302,0.11465082
26303,0.040223386
26304,0.05058238
26305,0.12852347
26306,0.38280016
26307,0.016693471
26308,0.03319166
26309,0.02533923
26310,0.25606778
26311,0.054805003
26312,0.1720689
26313,0.059056226
26314,0.116441995
26315,0.04807819
26316,0.02141782
26317,0.06630575
26318,0.007882377
26319,0.035457987
26320,0.008288628
26321,0.110087566
26322,0.028143536
26323,0.7021672
26324,0.12049262
26325,0.042150587
26326,0.034781605
26327,0.1272624
26328,0.047193293
26329,0.011415306
26330,0.028666003
26331,0.041210867
26332,0.016933741
26333,0.07480984
26334,0.23040992
26335,0.4917146
26336,0.44145554
26337,0.05438218
26338,0.106061906
26339,0.13858134
26340,0.0555705
26341,0.044254813
26342,0.06289505
26343,0.053736668
26344,0.36828345
26345,0.10379381
26346,0.12646104
26347,0.422085
26348,0.09801727
26349,0.015963793
26350,0.3981121
26351,0.020106217
26352,0.064666614
26353,0.3089843
26354,0.05393663
26355,0.04562896
26356,0.03429037
26357,0.06928894
26358,0.07291351
26359,0.08076093
26360,0.06604564
26361,0.026997712
26362,0.027297042
26363,0.06085057
26364,0.2711067
26365,0.045469068
26366,0.034396343
26367,0.061538838
26368,0.059798717
26369,0.07547576
26370,0.031315222
26371,0.019166443
26372,0.049824934
26373,0.13442317
26374,0.14844154
26375,0.043824505
26376,0.042624593
26377,0.025053762
26378,0.015368057
26379,0.0051482846
26380,0.015148609
26381,0.40129513
26382,0.085432544
26383,0.06495548
26384,0.16015494
26385,0.30001247
26386,0.077609204
26387,0.05683699
26388,0.018393755
26389,0.02481867
26390,0.0151969055
26391,0.035936877
26392,0.0672664
26393,0.058346927
26394,0.07581978
26395,0.2545473
26396,0.38193446
26397,0.018987348
26398,0.18560731
26399,0.050091714
26400,0.010937878
26401,0.033456594
26402,0.03387928
26403,0.274581
26404,0.02271881
26405,0.04256703
26406,0.058140762
26407,0.03626151
26408,0.021971218
26409,0.12710768
26410,0.47468343
26411,0.048928045
26412,0.06449353
26413,0.02712011
26414,0.047540154
26415,0.05742021
26416,0.031334143
26417,0.014420196
26418,0.10213089
26419,0.1729834
26420,0.09316606
26421,0.089191064
26422,0.052948944
26423,0.007203278
26424,0.02965654
26425,0.029898198
26426,0.029818764
26427,0.036432005
26428,0.10309338
26429,0.06518377
26430,0.39159423
26431,0.023818
26432,0.04821823
26433,0.03517066
26434,0.022996027
26435,0.02037961
26436,0.022445025
26437,0.041954916
26438,0.0028136359
26439,0.023500765
26440,0.07066354
26441,0.19123015
26442,0.39980635
26443,0.050887503
26444,0.038895473
26445,0.037230827
26446,0.10936158
26447,0.06685537
26448,0.009925636
26449,0.054518864
26450,0.013025094
26451,0.02483673
26452,0.253851
26453,0.026857588
26454,0.02479425
26455,0.0064692604
26456,0.2152506
26457,0.081370465
26458,0.3997731
26459,0.40186152
26460,0.4201481
26461,0.07893436
26462,0.048420075
26463,0.023309486
26464,0.05829931
26465,0.048057184
26466,0.009255273
26467,0.14466628
26468,0.053344104
26469,0.5679503
26470,0.12538913
26471,0.02284508
26472,0.122289866
26473,0.05084944
26474,0.05083113
26475,0.015044455
26476,0.005712953
26477,0.008497884
26478,0.055501595
26479,0.018810568
26480,0.01906511
26481,0.020823877
26482,0.084763594
26483,0.048593238
26484,0.097108155
26485,0.077957325
26486,0.1385263
26487,0.39655322
26488,0.3963411
26489,0.08025044
26490,0.03098807
26491,0.101296164
26492,0.033821885
26493,0.09036521
26494,0.06404368
26495,0.12939812
26496,0.0462116
26497,0.11828159
26498,0.039601114
26499,0.06360865
26500,0.013622312
26501,0.021674544
26502,0.24296945
26503,0.004064699
26504,0.030183332
26505,0.06405567
26506,0.02592
26507,0.004094319
26508,0.011409963
26509,0.024036342
26510,0.034716573
26511,0.06376667
26512,0.09033689
26513,0.14439787
26514,0.12649028
26515,0.4016777
26516,0.25462964
26517,0.25400513
26518,0.014951224
26519,0.111324266
26520,0.05639995
26521,0.049932964
26522,0.09301249
26523,0.031570423
26524,0.037602533
26525,0.011517798
26526,0.05035698
26527,0.07898883
26528,0.028888335
26529,0.05887691
26530,0.024866266
26531,0.09391737
26532,0.036551233
26533,0.12164118
26534,0.0703309
26535,0.24318506
26536,0.5295485
26537,0.12831053
26538,0.13528255
26539,0.08080028
26540,0.09388698
26541,0.08756017
26542,0.09340936
26543,0.060737815
26544,0.0065236106
26545,0.026369944
26546,0.39257115
26547,0.0763366
26548,0.08779788
26549,0.06259405
26550,0.07317992
26551,0.015757067
26552,0.024139795
26553,0.016089661
26554,0.021545937
26555,0.042633247
26556,0.30195415
26557,0.07838321
26558,0.05722996
26559,0.13570504
26560,0.71619326
26561,0.12044373
26562,0.021435995
26563,0.39942563
26564,0.07628117
26565,0.26679742
26566,0.26720273
26567,0.07187588
26568,0.019845925
26569,0.055924837
26570,0.060615662
26571,0.1177515
26572,0.16464049
26573,0.0446677
26574,0.1652466
26575,0.090487756
26576,0.07223846
26577,0.008962419
26578,0.01616446
26579,0.06294897
26580,0.080661625
26581,0.017769635
26582,0.14260693
26583,0.16619593
26584,0.25171977
26585,0.11210544
26586,0.04335421
26587,0.1353457
26588,0.17599586
26589,0.36455604
26590,0.063028775
26591,0.05965318
26592,0.025042446
26593,0.07710173
26594,0.5141363
26595,0.109501116
26596,0.38661265
26597,0.15543026
26598,0.010553939
26599,0.014791562
26600,0.008794743
26601,0.047076155
26602,0.068089284
26603,0.45764118
26604,0.42556083
26605,0.02071719
26606,0.11565228
26607,0.116575055
26608,0.17543519
26609,0.25222784
26610,0.16375218
26611,0.20021851
26612,0.37797782
26613,0.090465434
26614,0.062108796
26615,0.104439005
26616,0.07003451
26617,0.20870955
26618,0.9332161
26619,0.04932029
26620,0.37371588
26621,0.05230521
26622,0.27085468
26623,0.058164425
26624,0.09523389
26625,0.022515558
26626,0.057158392
26627,0.01645926
26628,0.43787432
26629,0.21058168
26630,0.11188781
26631,0.2694238
26632,0.15736145
26633,0.2071214
26634,0.39483804
26635,0.38609466
26636,0.027257966
26637,0.18225187
26638,0.258742
26639,0.13708529
26640,0.9723671
26641,0.4335259
26642,0.44336954
26643,0.02537442
26644,0.14724776
26645,0.070094176
26646,0.02744784
26647,0.0080823265
26648,0.014834962
26649,0.008533046
26650,0.066433854
26651,0.0075512417
26652,0.011136824
26653,0.022311518
26654,0.04849014
26655,0.08204101
26656,0.13144217
26657,0.12614919
26658,0.13698061
26659,0.25883144
26660,0.2513432
26661,0.26018363
26662,0.02683965
26663,0.11776219
26664,0.2794527
26665,0.021213584
26666,0.07155475
26667,1.0147363
26668,0.96488553
26669,0.5857096
26670,0.0062337006
26671,0.027066886
26672,0.019354196
26673,0.08820467
26674,0.43026972
26675,0.08785129
26676,0.060687397
26677,0.0086560035
26678,0.061610177
26679,0.08068354
26680,0.062287737
26681,0.015472626
26682,0.4317403
26683,0.027992005
26684,0.041501846
26685,0.14287539
26686,0.14251754
26687,0.06333993
26688,0.062884994
26689,0.25227335
26690,0.37828845
26691,0.024855528
26692,0.25141618
26693,0.11546977
26694,0.11732091
26695,0.9844494
26696,0.8462686
26697,0.5876242
26698,0.22759613
26699,0.023512378
26700,0.40481335
26701,0.09456344
26702,0.20871907
26703,0.049311485
26704,0.09322243
26705,0.018988356
26706,0.11492272
26707,0.13205197
26708,0.15427853
26709,0.177006
26710,0.49813333
26711,0.4736697
26712,0.2617629
26713,0.16992785
26714,0.115729764
26715,0.07450125
26716,0.13515511
26717,0.053002108
26718,0.03204057
26719,0.14302494
26720,0.1467334
26721,0.07159446
26722,0.110598706
26723,0.02605404
26724,0.9656628
26725,1.0519956
26726,0.9564176
26727,0.13809092
26728,0.054532617
26729,0.26594466
26730,0.0137175685
26731,0.4115179
26732,0.025540292
26733,0.0036713139
26734,0.019054733
26735,0.018678807
26736,0.042456865
26737,0.120084256
26738,0.06395717
26739,0.44140258
26740,1.0141518
26741,0.09569042
26742,0.13923535
26743,0.124357745
26744,0.17828004
26745,0.09366048
26746,0.40477088
26747,0.24466847
26748,0.040012777
26749,0.09900283
26750,0.12115637
26751,0.12344688
26752,0.054132152
26753,0.027014384
26754,0.43028298
26755,0.29119724
26756,0.2652613
26757,0.08647185
26758,0.026092373
26759,0.11877131
26760,0.013975162
26761,0.08219311
26762,0.27977675
26763,0.027674614
26764,0.047939397
26765,0.04572991
26766,0.015106909
26767,0.019959629
26768,0.04965617
26769,0.053633515
26770,0.4081628
26771,0.7213429
26772,0.27066568
26773,0.20161843
26774,0.15121502
26775,0.18271846
26776,0.16976826
26777,0.52244765
26778,0.06999498
26779,0.03969753
26780,0.031681873
26781,0.15500826
26782,0.16374259
26783,0.15626131
26784,0.40767694
26785,0.43751967
26786,0.16832641
26787,1.0652207
26788,0.14212386
26789,0.019422846
26790,0.2487752
26791,0.24905063
26792,0.025281467
26793,0.28780705
26794,0.06934282
26795,0.041107193
26796,0.040520232
26797,0.051940802
26798,0.16210704
26799,0.41611177
26800,0.27162597
26801,0.5043156
26802,0.28576922
26803,0.16637638
26804,0.16790442
26805,0.37416455
26806,0.0137701165
26807,0.025601372
26808,0.16490921
26809,0.08063506
26810,0.059335005
26811,0.42110255
26812,0.20479997
26813,0.064731754
26814,0.5549812
26815,0.4215563
26816,0.09156068
26817,0.12810145
26818,0.09277135
26819,0.056463126
26820,0.009450144
26821,0.026707659
26822,0.06338583
26823,0.113421574
26824,0.11675782
26825,0.16383927
26826,0.43929005
26827,0.90436244
26828,0.44351038
26829,0.36955565
26830,0.5543523
26831,0.1040071
26832,0.07387471
26833,0.077994995
26834,0.15094633
26835,0.2016622
26836,0.07406704
26837,0.02834393
26838,0.07237875
26839,0.14854935
26840,0.019458294
26841,0.006272985
26842,0.05130881
26843,0.11936643
26844,0.0239683
26845,0.041712113
26846,0.021908961
26847,0.0076847533
26848,0.033807732
26849,0.086079635
26850,0.06732559
26851,0.10698816
26852,0.45303246
26853,0.18478918
26854,0.42846894
26855,0.7623723
26856,0.6035576
26857,0.28044513
26858,0.24534942
26859,0.062470034
26860,0.13019109
26861,0.018740442
26862,0.9903985
26863,0.057189614
26864,0.017475817
26865,0.071782365
26866,0.059463084
26867,0.12497481
26868,0.041285552
26869,0.05507448
26870,0.04604918
26871,0.015461891
26872,0.030071119
26873,0.111899726
26874,0.14256623
26875,0.5777002
26876,0.45446044
26877,0.27504128
26878,1.2078888
26879,0.28510123
26880,0.4614258
26881,0.15232337
26882,0.033211455
26883,0.029097607
26884,0.059739873
26885,0.05508771
26886,0.020086702
26887,0.03855853
26888,0.07659117
26889,0.4568435
26890,0.101449296
26891,0.37522638
26892,0.02822448
26893,0.1230641
26894,0.13698722
26895,0.14301912
26896,0.25264466
26897,0.1944741
26898,0.0061142594
26899,0.0282451
26900,0.17104538
26901,0.9322746
26902,0.4349255
26903,0.6399418
26904,0.43245307
26905,0.27575305
26906,0.18870254
26907,0.25071332
26908,0.047926273
26909,0.025441572
26910,0.017211888
26911,0.047931287
26912,0.032072198
26913,0.13878492
26914,0.14923066
26915,0.09068341
26916,0.21032986
26917,0.029666094
26918,0.07751998
26919,0.3918604
26920,0.044409446
26921,0.13058487
26922,0.14488925
26923,0.17199072
26924,0.042726025
26925,0.26439607
26926,0.1832386
26927,0.09372309
26928,0.115608014
26929,0.026159082
26930,0.11059319
26931,0.09674655
26932,0.042771965
26933,0.13832396
26934,0.12629418
26935,0.04916435
26936,0.030738218
26937,0.0112651
26938,0.24952117
26939,0.015426909
26940,0.012176064
26941,0.23735936
26942,0.044872276
26943,0.033221237
26944,0.14012161
26945,0.047700774
26946,0.06208065
26947,0.056269657
26948,0.19225556
26949,0.37240285
26950,0.51091355
26951,0.09960048
26952,0.006372171
26953,0.016010096
26954,0.018165767
26955,0.025875187
26956,0.06285312
26957,0.07755582
26958,0.13852605
26959,0.013876026
26960,0.031963546
26961,0.015269389
26962,0.029715175
26963,0.020072693
26964,0.009897831
26965,0.025416974
26966,0.09426448
26967,0.11358343
26968,0.37854114
26969,0.023289144
26970,0.024420056
26971,0.045889292
26972,0.08936274
26973,0.11357465
26974,0.377042
26975,0.10077962
26976,0.005740071
26977,0.24229383
26978,0.036990833
26979,0.01738897
26980,0.086554326
26981,0.1347601
26982,0.060865004
26983,0.013231999
26984,0.019175196
26985,0.012175976
26986,0.20050243
26987,0.01508693
26988,0.026154121
26989,0.1446999
26990,0.086664185
26991,0.05328778
26992,0.024728553
26993,0.037078068
26994,0.075226605
26995,0.36530954
26996,0.032912556
26997,0.022106165
26998,0.026851755
26999,0.043261137
27000,0.07214572
27001,0.27153414
27002,0.07443921
27003,0.2651901
27004,0.09885205
27005,0.027405752
27006,0.014496006
27007,0.049227208
27008,0.052036233
27009,0.026714822
27010,0.4027481
27011,0.014695271
27012,0.014995612
27013,0.24648678
27014,0.015761511
27015,0.10402985
27016,0.06714618
27017,0.015035512
27018,0.28881794
27019,0.6564886
27020,0.12304157
27021,0.079270326
27022,0.008629077
27023,0.08282646
27024,0.04571933
27025,0.043055546
27026,0.09014003
27027,0.09228777
27028,0.09058647
27029,0.97645116
27030,0.086305946
27031,0.017446335
27032,0.087720014
27033,0.07995904
27034,0.01646715
27035,0.0383294
27036,0.14515108
27037,0.32888594
27038,0.075865954
27039,0.24032795
27040,0.02389632
27041,0.08009793
27042,0.017367654
27043,0.10098289
27044,0.028928364
27045,0.024887687
27046,0.05713256
27047,0.06051635
27048,0.024894876
27049,0.05708462
27050,0.14407153
27051,0.04125676
27052,0.05046567
27053,0.033181578
27054,0.08755819
27055,0.10910802
27056,0.02218533
27057,0.056893874
27058,0.8555379
27059,0.07057502
27060,0.1130262
27061,0.04902144
27062,0.03853509
27063,0.0463997
27064,0.052584782
27065,0.01172786
27066,0.016290065
27067,0.19887325
27068,0.027100869
27069,0.0052354275
27070,0.013020172
27071,0.055564836
27072,0.1183543
27073,0.024799438
27074,0.11440619
27075,0.041712616
27076,0.026865486
27077,0.05029527
27078,0.38320777
27079,0.02688612
27080,0.019682907
27081,0.0071206847
27082,0.008795008
27083,0.051322524
27084,0.036308683
27085,0.1400544
27086,0.07373159
27087,0.009364822
27088,0.012262103
27089,0.014274126
27090,0.07746305
27091,0.25467813
27092,0.11226922
27093,0.082702756
27094,0.07367457
27095,0.028574329
27096,0.056969423
27097,0.0689594
27098,0.2704093
27099,0.24065974
27100,0.034233984
27101,0.013056638
27102,0.011115907
27103,0.017131224
27104,0.009227203
27105,0.020776728
27106,0.0053934343
27107,0.011858782
27108,0.0072936937
27109,0.012389073
27110,0.014200487
27111,0.031343803
27112,0.06501377
27113,0.05732369
27114,0.12248115
27115,0.0142578855
27116,0.14229943
27117,0.010382015
27118,0.2795086
27119,0.011699306
27120,0.008502932
27121,0.022711534
27122,0.0044991085
27123,0.008251682
27124,0.010124248
27125,0.029669363
27126,0.010806554
27127,0.01665914
27128,0.015918804
27129,0.014081496
27130,0.07735546
27131,0.029800005
27132,0.0494233
27133,0.015324539
27134,0.053303037
27135,0.016161548
27136,0.0074048545
27137,0.0076185027
27138,0.11895883
27139,0.026609287
27140,0.04926593
27141,0.005172885
27142,0.0037467866
27143,0.030661212
27144,0.011336851
27145,0.10439505
27146,0.020594876
27147,0.010550111
27148,0.0111167
27149,0.01225237
27150,0.286705
27151,0.06529083
27152,0.068203166
27153,0.06959749
27154,0.015259953
27155,0.006683373
27156,0.008462943
27157,0.09572943
27158,0.023077045
27159,0.009372215
27160,0.09625307
27161,0.016879302
27162,0.0997267
27163,0.006895156
27164,0.1546264
27165,0.02168559
27166,0.028413711
27167,0.036222998
27168,0.033226315
27169,0.028277278
27170,0.0056926734
27171,0.01029624
27172,0.008260709
27173,0.034731537
27174,0.011233375
27175,0.0063525415
27176,0.08597336
27177,0.06932116
27178,0.19647925
27179,0.025908254
27180,0.01243116
27181,0.004867225
27182,0.0027671761
27183,0.009010908
27184,0.015930975
27185,0.05119187
27186,0.021539444
27187,0.009440517
27188,0.0104794195
27189,0.01877425
27190,0.035308193
27191,0.14567038
27192,0.24267228
27193,0.015582537
27194,0.10298267
27195,0.022515409
27196,0.020723926
27197,0.041544363
27198,0.055714615
27199,0.04239503
27200,0.04734196
27201,0.04118662
27202,0.04331917
27203,0.07173505
27204,0.04284076
27205,0.01052522
27206,0.022976568
27207,0.10436443
27208,0.039445665
27209,0.057666592
27210,0.04003693
27211,0.124800354
27212,0.36038616
27213,0.031631995
27214,0.34837013
27215,0.056930967
27216,0.19654611
27217,0.055670533
27218,0.115686394
27219,0.021338934
27220,0.06767317
27221,0.0075284205
27222,0.014555546
27223,0.11233537
27224,0.0335861
27225,0.7128935
27226,0.11624598
27227,0.038386412
27228,0.12955613
27229,0.027853543
27230,0.04159647
27231,0.029870393
27232,0.015320061
27233,0.024968011
27234,0.07887871
27235,0.11607427
27236,0.4880819
27237,0.41717002
27238,0.047052417
27239,0.104755335
27240,0.1344853
27241,0.012949324
27242,0.051264513
27243,0.040579002
27244,0.059935704
27245,0.034540243
27246,0.37579587
27247,0.21487074
27248,0.130249
27249,0.39587694
27250,0.09511011
27251,0.4421519
27252,0.066265956
27253,0.32488647
27254,0.0517205
27255,0.04991844
27256,0.0326846
27257,0.06917294
27258,0.06832808
27259,0.07744915
27260,0.066658966
27261,0.02785863
27262,0.060303107
27263,0.38694274
27264,0.050776146
27265,0.036930975
27266,0.05673721
27267,0.058744457
27268,0.0768021
27269,0.03556331
27270,0.032326855
27271,0.02195696
27272,0.046084173
27273,0.14016041
27274,0.046961114
27275,0.14506504
27276,0.045536123
27277,0.04170369
27278,0.026674844
27279,0.01830146
27280,0.012768888
27281,0.40600976
27282,0.08718636
27283,0.06475813
27284,0.16591671
27285,0.29209405
27286,0.0065518348
27287,0.077609204
27288,0.055931967
27289,0.016474545
27290,0.023960525
27291,0.03762798
27292,0.065472715
27293,0.062120754
27294,0.075598985
27295,0.15194431
27296,0.41602093
27297,0.017855614
27298,0.37463412
27299,0.04271642
27300,0.010992138
27301,0.03135588
27302,0.02793744
27303,0.031101665
27304,0.3962539
27305,0.023989681
27306,0.044096928
27307,0.05779017
27308,0.037665352
27309,0.024709575
27310,0.12974177
27311,0.49049088
27312,0.0474251
27313,0.06854446
27314,0.021944705
27315,0.028331049
27316,0.04275591
27317,0.058105126
27318,0.013683676
27319,0.031942334
27320,0.103151105
27321,0.17255239
27322,0.09551659
27323,0.09034078
27324,0.053912148
27325,0.02700577
27326,0.03143875
27327,0.028312774
27328,0.034520093
27329,0.1004776
27330,0.06453429
27331,0.40727746
27332,0.02385424
27333,0.050061267
27334,0.037078977
27335,0.02229509
27336,0.021984171
27337,0.024727771
27338,0.04228461
27339,0.022553563
27340,0.069725685
27341,0.19150816
27342,0.27654448
27343,0.052017752
27344,0.039596014
27345,0.03877772
27346,0.10304882
27347,0.0690574
27348,0.0077077975
27349,0.05335561
27350,0.013591119
27351,0.025014777
27352,0.1719806
27353,0.025909288
27354,0.025619429
27355,0.0060338383
27356,0.21572018
27357,0.07838231
27358,0.39750755
27359,0.3967336
27360,0.25517577
27361,0.07736625
27362,0.04911846
27363,0.024313953
27364,0.05804541
27365,0.045209248
27366,0.008844595
27367,0.14295919
27368,0.05268711
27369,0.53759396
27370,0.12616451
27371,0.022582715
27372,0.012604831
27373,0.12035451
27374,0.051299296
27375,0.049339987
27376,0.018609809
27377,0.0076097506
27378,0.05713552
27379,0.020770987
27380,0.01911697
27381,0.021913713
27382,0.08545077
27383,0.053239685
27384,0.092561804
27385,0.0761813
27386,0.13554911
27387,0.26508412
27388,0.3887265
27389,0.08029766
27390,0.029356377
27391,0.10170019
27392,0.016453788
27393,0.038186304
27394,0.0072383946
27395,0.09160915
27396,0.06687169
27397,0.13063906
27398,0.047050282
27399,0.11692996
27400,0.037452195
27401,0.058893513
27402,0.030965183
27403,0.012197333
27404,0.01790269
27405,0.1388745
27406,0.006001236
27407,0.026100742
27408,0.060156852
27409,0.0019647216
27410,0.012076771
27411,0.024890602
27412,0.038116705
27413,0.065003775
27414,0.09098264
27415,0.1443752
27416,0.12584949
27417,0.39606807
27418,0.2574726
27419,0.25623518
27420,0.016667731
27421,0.110274695
27422,0.055887613
27423,0.05094387
27424,0.09418059
27425,0.03443887
27426,0.052972816
27427,0.037071697
27428,0.010584399
27429,0.051482998
27430,0.07851843
27431,0.029378008
27432,0.0562287
27433,0.018437088
27434,0.012084108
27435,0.09582427
27436,0.037281234
27437,0.12026135
27438,0.07125647
27439,0.15564579
27440,0.51980585
27441,0.12965108
27442,0.13952509
27443,0.07993798
27444,0.094558425
27445,0.08788608
27446,0.08981347
27447,0.06227102
27448,0.2867417
27449,0.07392925
27450,0.08439089
27451,0.06430486
27452,0.07687168
27453,0.023730768
27454,0.0186897
27455,0.022399597
27456,0.040919255
27457,0.29152113
27458,0.08182125
27459,0.056842793
27460,0.137136
27461,0.7077672
27462,0.12060787
27463,0.022696583
27464,0.3969051
27465,0.07358862
27466,0.19181392
27467,0.27012262
27468,0.07210485
27469,0.021633433
27470,0.05504636
27471,0.060631264
27472,0.117600724
27473,0.16067065
27474,0.046217952
27475,0.16135408
27476,0.08990521
27477,0.006713044
27478,0.071058765
27479,0.020665575
27480,0.06111815
27481,0.07983343
27482,0.017437926
27483,0.14610796
27484,0.15953982
27485,0.25500187
27486,0.10819235
27487,0.044832945
27488,0.1334726
27489,0.1767862
27490,0.39914718
27491,0.0620761
27492,0.008924386
27493,0.05918171
27494,0.024207786
27495,0.07521559
27496,0.50090325
27497,0.042290833
27498,0.11345367
27499,0.41785944
27500,0.15667374
27501,0.046694066
27502,0.06862311
27503,0.4626523
27504,0.4639741
27505,0.111288175
27506,0.111219555
27507,0.17489928
27508,0.16767514
27509,0.16206777
27510,0.20367014
27511,0.38644943
27512,0.09444422
27513,0.004079133
27514,0.019073835
27515,0.06229174
27516,0.106897414
27517,0.06451653
27518,0.2044847
27519,0.9543478
27520,0.04937347
27521,0.38456753
27522,0.016928982
27523,0.053347997
27524,0.39195833
27525,0.056598656
27526,0.096131094
27527,0.019845298
27528,0.05459244
27529,0.44788408
27530,0.3750977
27531,0.1071502
27532,0.2704384
27533,0.15792833
27534,0.27343827
27535,0.4240587
27536,0.38337606
27537,0.027016524
27538,0.27531
27539,0.26104036
27540,0.25269267
27541,0.98100406
27542,0.43552914
27543,0.43481502
27544,0.025374424
27545,0.24850431
27546,0.068010814
27547,0.028899804
27548,0.02107117
27549,0.065682136
27550,0.009911989
27551,0.022445116
27552,0.04668562
27553,0.07953005
27554,0.1327345
27555,0.12530033
27556,0.13460316
27557,0.26061094
27558,0.2514301
27559,0.2609082
27560,0.025497712
27561,0.11832729
27562,0.27551076
27563,0.07298322
27564,0.9976391
27565,0.972323
27566,0.55122274
27567,0.0028870131
27568,0.026638847
27569,0.019474527
27570,0.24028943
27571,0.41110045
27572,0.08648777
27573,0.05595723
27574,0.021956725
27575,0.06239852
27576,0.082130745
27577,0.06334607
27578,0.0128152715
27579,0.42820814
27580,0.027943822
27581,0.042686887
27582,0.14283656
27583,0.14208046
27584,0.06671
27585,0.063521065
27586,0.2500701
27587,0.38476598
27588,0.02408772
27589,0.255157
27590,0.11295431
27591,0.116960816
27592,0.9958895
27593,0.81352764
27594,0.6096119
27595,0.014837803
27596,0.2281659
27597,0.026244199
27598,0.0120616425
27599,0.42642304
27600,0.09689702
27601,0.27525342
27602,0.04660797
27603,0.09356799
27604,0.018434204
27605,0.11390883
27606,0.1310981
27607,0.1566935
27608,0.18568912
27609,0.4858504
27610,0.46034554
27611,0.2616313
27612,0.16579139
27613,0.11543652
27614,0.076853655
27615,0.13747135
27616,0.053759206
27617,0.03279134
27618,0.022103732
27619,0.14341547
27620,0.14808047
27621,0.07104232
27622,0.11852565
27623,0.9439493
27624,1.0341189
27625,0.94878477
27626,0.13844594
27627,0.057687253
27628,0.25886306
27629,0.016320614
27630,0.42769516
27631,0.026600856
27632,0.0057523814
27633,0.01966457
27634,0.017365959
27635,0.04188117
27636,0.12210598
27637,0.06438961
27638,0.45521042
27639,1.0197808
27640,0.09318035
27641,0.1352812
27642,0.122338146
27643,0.1764733
27644,0.0931872
27645,0.4032394
27646,0.25454208
27647,0.03811346
27648,0.10300237
27649,0.12007002
27650,0.1195896
27651,0.055821966
27652,0.024187028
27653,0.43256333
27654,0.28808582
27655,0.26234755
27656,0.085087046
27657,0.027581954
27658,0.11733585
27659,0.013903162
27660,0.07950144
27661,0.27212968
27662,0.028632864
27663,0.050381318
27664,0.05023852
27665,0.05371691
27666,0.42780975
27667,0.7519898
27668,0.27005926
27669,0.2013971
27670,0.14915125
27671,0.18277365
27672,0.1649356
27673,0.5182889
27674,0.07017234
27675,0.03813556
27676,0.031011367
27677,0.14751087
27678,0.17137259
27679,0.15258671
27680,0.44640163
27681,0.27391502
27682,0.16860834
27683,1.0543128
27684,0.13633923
27685,0.01905917
27686,0.14761448
27687,0.25233188
27688,0.021600762
27689,0.062109753
27690,0.19336548
27691,0.067001596
27692,0.04025632
27693,0.04084761
27694,0.05384822
27695,0.16174588
27696,0.42759004
27697,0.22158343
27698,0.33618286
27699,0.28198025
27700,0.16324143
27701,0.16897562
27702,0.37825605
27703,0.02153952
27704,0.16982456
27705,0.08153279
27706,0.058939088
27707,0.4335699
27708,0.2692378
27709,0.06543978
27710,0.52927685
27711,0.44033965
27712,0.0063213576
27713,0.25048372
27714,0.12833141
27715,0.09028751
27716,0.056269813
27717,0.010570684
27718,0.011492106
27719,0.0047307215
27720,0.025540123
27721,0.06465458
27722,0.111898065
27723,0.11823874
27724,0.16303383
27725,0.41336286
27726,0.91142654
27727,0.41986123
27728,0.36801884
27729,0.55584836
27730,0.10700454
27731,0.074180424
27732,0.07812415
27733,0.23614429
27734,0.2000824
27735,0.07445357
27736,0.031200798
27737,0.07170548
27738,0.1447659
27739,0.019972952
27740,0.05160127
27741,0.11928126
27742,0.02294729
27743,0.015093371
27744,0.041201897
27745,0.023347085
27746,0.00823699
27747,0.032636587
27748,0.08507905
27749,0.06772082
27750,0.106674284
27751,0.43703988
27752,0.18743178
27753,0.4491384
27754,0.80412847
27755,0.6384013
27756,0.27872485
27757,0.23934725
27758,0.01898165
27759,0.061285872
27760,0.13069853
27761,0.01982857
27762,0.03774701
27763,0.9730106
27764,0.056594674
27765,0.01831135
27766,0.07027817
27767,0.059173834
27768,0.120237865
27769,0.043499764
27770,0.0545248
27771,0.018074092
27772,0.045932293
27773,0.015147686
27774,0.0292094
27775,0.11205476
27776,0.14117058
27777,0.60003704
27778,0.44417465
27779,0.2806135
27780,1.1917949
27781,0.39818332
27782,0.49644205
27783,0.15484476
27784,0.03475481
27785,0.028516836
27786,0.04065641
27787,0.058500033
27788,0.05436366
27789,0.02056614
27790,0.041821193
27791,0.07588995
27792,0.41870108
27793,0.102193035
27794,0.36397237
27795,0.1802397
27796,0.12399236
27797,0.13745117
27798,0.14383213
27799,0.18071078
27800,0.045501724
27801,0.005158347
27802,0.052378625
27803,0.16594261
27804,0.9991135
27805,0.44587985
27806,0.62297654
27807,0.27211067
27808,0.27414116
27809,0.18538012
27810,0.24733837
27811,0.048079457
27812,0.016459381
27813,0.02652045
27814,0.045525394
27815,0.028829016
27816,0.14182238
27817,0.1509892
27818,0.088581905
27819,0.2757163
27820,0.028078834
27821,0.0773681
27822,0.40640748
27823,0.04520866
27824,0.14444958
27825,0.254712
27826,0.04260833
27827,0.01727343
27828,0.26199153
27829,0.18639058
27830,0.09240129
27831,0.24192415
27832,0.025282444
27833,0.10915781
27834,0.09515591
27835,0.041865446
27836,0.14004986
27837,0.12369021
27838,0.049376544
27839,0.027596697
27840,0.010068289
27841,0.25155044
27842,0.015036527
27843,0.11363947
27844,0.033967674
27845,0.13799301
27846,0.047381163
27847,0.062543266
27848,0.015030828
27849,0.058710363
27850,0.18991712
27851,0.36729378
27852,0.537608
27853,0.09500568
27854,0.025858672
27855,0.06165699
27856,0.075089924
27857,0.14426732
27858,0.012155891
27859,0.032913543
27860,0.014826537
27861,0.030300517
27862,0.01845214
27863,0.011988681
27864,0.028402228
27865,0.09116927
27866,0.11310212
27867,0.41409
27868,0.023520151
27869,0.024808249
27870,0.19372459
27871,0.0870802
27872,0.116185166
27873,0.3913481
27874,0.09721533
27875,0.0058292137
27876,0.0037611353
27877,0.24029857
27878,0.037861962
27879,0.017822416
27880,0.08766885
27881,0.13729592
27882,0.06010349
27883,0.0105321705
27884,0.019397622
27885,0.011013665
27886,0.20811445
27887,0.011526988
27888,0.02555127
27889,0.14607213
27890,0.08582679
27891,0.054469645
27892,0.024928708
27893,0.03617036
27894,0.0789339
27895,0.36661065
27896,0.03317476
27897,0.020433562
27898,0.028012933
27899,0.04472667
27900,0.07127003
27901,0.17852034
27902,0.07606484
27903,0.2648971
27904,0.09934765
27905,0.025705365
27906,0.017912189
27907,0.05405507
27908,0.05166091
27909,0.025933333
27910,0.3830499
27911,0.013243762
27912,0.016205793
27913,0.23627892
27914,0.016909618
27915,0.105464846
27916,0.064784944
27917,0.017603131
27918,0.2930236
27919,0.596934
27920,0.13030156
27921,0.082609355
27922,0.010904187
27923,0.08351854
27924,0.046143167
27925,0.04302059
27926,0.24010307
27927,0.089929245
27928,0.09422998
27929,0.96009475
27930,0.02030468
27931,0.089442976
27932,0.08933804
27933,0.0788757
27934,0.01734141
27935,0.038248166
27936,0.14129224
27937,0.33272183
27938,0.075147726
27939,0.23245172
27940,0.02323798
27941,0.015747271
27942,0.08215098
27943,0.005661699
27944,0.02059735
27945,0.10448829
27946,0.028565176
27947,0.023324223
27948,0.057734713
27949,0.060109053
27950,0.02429027
27951,0.013199007
27952,0.056996085
27953,0.15224956
27954,0.04288512
27955,0.047182415
27956,0.017847283
27957,0.032734822
27958,0.08634343
27959,0.10771094
27960,0.060202114
27961,0.89393026
27962,0.069747694
27963,0.10910069
27964,0.04980551
27965,0.041643333
27966,0.046249736
27967,0.052584782
27968,0.0110936
27969,0.017273268
27970,0.1957507
27971,0.027590223
27972,0.0050473968
27973,0.010413531
27974,0.056643806
27975,0.120235614
27976,0.02503948
27977,0.012541078
27978,0.13109401
27979,0.042395666
27980,0.02841173
27981,0.051980365
27982,0.43598682
27983,0.02886771
27984,0.020920157
27985,0.0023560862
27986,0.0054044295
27987,0.051249396
27988,0.0373877
27989,0.24690183
27990,0.07420166
27991,0.00899963
27992,0.013964971
27993,0.007787776
27994,0.07720125
27995,0.26170588
27996,0.108311646
27997,0.08056177
27998,0.06977844
27999,0.028062653
28000,0.055575363
28001,0.02000332
28002,0.2277053
28003,0.19069399
28004,0.2427757
28005,0.03498352
28006,0.012568966
28007,0.01156478
28008,0.010617229
28009,0.02109785
28010,0.006581847
28011,0.012679954
28012,0.013934757
28013,0.033088792
28014,0.063647695
28015,0.060005717
28016,0.119122095
28017,0.01329904
28018,0.14239176
28019,0.013637406
28020,0.4031333
28021,0.011455781
28022,0.0052260687
28023,0.026692988
28024,0.013486862
28025,0.015632315
28026,0.013036743
28027,0.028813627
28028,0.009745597
28029,0.0030461901
28030,0.015758088
28031,0.017874662
28032,0.014033381
28033,0.07936462
28034,0.02804544
28035,0.05043074
28036,0.052557893
28037,0.01916899
28038,0.0075291437
28039,0.006308127
28040,0.12388016
28041,0.02794958
28042,0.049581368
28043,0.0032813828
28044,0.011181716
28045,0.03069399
28046,0.008329366
28047,0.103670076
28048,0.018671283
28049,0.01147148
28050,0.013444488
28051,0.013907736
28052,0.4037915
28053,0.06688968
28054,0.06550153
28055,0.07526772
28056,0.09820603
28057,0.023086566
28058,0.008813907
28059,0.09646766
28060,0.015697943
28061,0.102098286
28062,0.2564929
28063,0.023079224
28064,0.03509777
28065,0.0365071
28066,0.028255709
28067,0.010613705
28068,0.004797086
28069,0.034528065
28070,0.011099723
28071,0.0068670833
28072,0.08577362
28073,0.07084341
28074,0.038385328
28075,0.27289197
28076,0.02013663
28077,0.023703177
28078,0.031119384
28079,0.009720671
28080,0.014505277
28081,0.0504373
28082,0.020964025
28083,0.012849272
28084,0.026374545
28085,0.032195985
28086,0.00876604
28087,0.035163384
28088,0.2546865
28089,0.15167709
28090,0.014260506
28091,0.023976652
28092,0.105066985
28093,0.022481423
28094,0.041844837
28095,0.048291057
28096,0.0280754
28097,0.039843507
28098,0.051008187
28099,0.013575013
28100,0.044513196
28101,0.032977976
28102,0.037627183
28103,0.07655446
28104,0.036797617
28105,0.0082911495
28106,0.025406817
28107,0.02550689
28108,0.2559673
28109,0.03753172
28110,0.06167107
28111,0.26343834
28112,0.39575228
28113,0.020618029
28114,0.02432951
28115,0.035710853
28116,0.26189288
28117,0.06342485
28118,0.26863652
28119,0.067092106
28120,0.25789428
28121,0.05570049
28122,0.08363173
28123,0.031497937
28124,0.011359388
28125,0.006967777
28126,0.2587578
28127,0.022993151
28128,0.7700159
28129,0.257721
28130,0.0417073
28131,0.03771615
28132,0.12580273
28133,0.06580115
28134,0.009438627
28135,0.027004432
28136,0.043156542
28137,0.029694127
28138,0.012911896
28139,0.013803306
28140,0.090238675
28141,0.2575821
28142,0.5064477
28143,0.49725628
28144,0.039924692
28145,0.070761986
28146,0.025890566
28147,0.12125816
28148,0.13959996
28149,0.055910204
28150,0.037971642
28151,0.066838294
28152,0.067955524
28153,0.032235906
28154,0.41536874
28155,0.104265004
28156,0.13982214
28157,0.5029548
28158,0.10218835
28159,0.022539707
28160,0.48265776
28161,0.019284226
28162,0.06565227
28163,0.553362
28164,0.05272752
28165,0.049952492
28166,0.035365015
28167,0.076512
28168,0.08486967
28169,0.08860934
28170,0.07793228
28171,0.03296324
28172,0.028442796
28173,0.06615004
28174,0.2885468
28175,0.050324902
28176,0.030080367
28177,0.058623664
28178,0.06498008
28179,0.07419292
28180,0.030801278
28181,0.03579198
28182,0.03129654
28183,0.07439581
28184,0.021166837
28185,0.045912273
28186,0.15032019
28187,0.05389661
28188,0.26330715
28189,0.016106255
28190,0.048742082
28191,0.045186143
28192,0.024960445
28193,0.018460603
28194,0.01267525
28195,0.505505
28196,0.21686453
28197,0.06951037
28198,0.16306047
28199,0.30261132
28200,0.08349183
28201,0.0600749
28202,0.016362023
28203,0.038071573
28204,0.010939703
28205,0.063304976
28206,0.06113313
28207,0.08043191
28208,0.1560707
28209,0.43584073
28210,0.40739107
28211,0.051997185
28212,0.011925164
28213,0.032328337
28214,0.025818916
28215,0.035154834
28216,0.37207034
28217,0.023004076
28218,0.04403031
28219,0.009705678
28220,0.062370796
28221,0.045924317
28222,0.025348755
28223,0.1277378
28224,0.5069748
28225,0.054166492
28226,0.22802308
28227,0.025129633
28228,0.028884565
28229,0.04544457
28230,0.06362556
28231,0.028949443
28232,0.105901465
28233,0.17371602
28234,0.09985525
28235,0.10493695
28236,0.05896186
28237,0.029653026
28238,0.029160602
28239,0.035569686
28240,0.118544035
28241,0.06932102
28242,0.39172533
28243,0.024838373
28244,0.049328983
28245,0.036403917
28246,0.02548664
28247,0.022938438
28248,0.023085253
28249,0.04572488
28250,0.024109913
28251,0.078248784
28252,0.19831456
28253,0.42467427
28254,0.053006988
28255,0.041918594
28256,0.0401145
28257,0.105852135
28258,0.07157406
28259,0.011265461
28260,0.05932388
28261,0.015133078
28262,0.0128794825
28263,0.026887637
28264,0.18017082
28265,0.02758897
28266,0.023544163
28267,0.03221073
28268,0.0070225103
28269,0.21751727
28270,0.081524774
28271,0.43686813
28272,0.41154906
28273,0.42014068
28274,0.08012885
28275,0.050658308
28276,0.026071444
28277,0.06082188
28278,0.05150021
28279,0.15727061
28280,0.057693228
28281,0.52246875
28282,0.13516189
28283,0.02293341
28284,0.013311032
28285,0.12442589
28286,0.055334963
28287,0.054700524
28288,0.019969197
28289,0.007967153
28290,0.011511827
28291,0.057594243
28292,0.018235879
28293,0.022274226
28294,0.08791907
28295,0.048750084
28296,0.24635054
28297,0.07573628
28298,0.13870095
28299,0.27617478
28300,0.42789847
28301,0.08063824
28302,0.03059976
28303,0.10408249
28304,0.040444463
28305,0.0985184
28306,0.067197695
28307,0.13894303
28308,0.049680255
28309,0.118485965
28310,0.03974737
28311,0.063096486
28312,0.035581313
28313,0.011898917
28314,0.018798944
28315,0.13643615
28316,0.007328941
28317,0.029077515
28318,0.0651278
28319,0.028289437
28320,0.021549612
28321,0.034313135
28322,0.0636541
28323,0.091282606
28324,0.14744432
28325,0.1302273
28326,0.43371838
28327,0.265425
28328,0.26805523
28329,0.017462665
28330,0.11255132
28331,0.059634328
28332,0.051200107
28333,0.10325173
28334,0.03526653
28335,0.026553975
28336,0.05787282
28337,0.039721623
28338,0.057204317
28339,0.08349178
28340,0.02880788
28341,0.058641665
28342,0.018688569
28343,0.085532136
28344,0.01206096
28345,0.03684364
28346,0.120817624
28347,0.071028695
28348,0.25328743
28349,0.51647216
28350,0.13560024
28351,0.13823386
28352,0.081566766
28353,0.09658256
28354,0.08815848
28355,0.09661892
28356,0.06365721
28357,0.0062043197
28358,0.02426861
28359,0.40601268
28360,0.07757485
28361,0.0897119
28362,0.065938495
28363,0.079048365
28364,0.014098747
28365,0.024374753
28366,0.015548626
28367,0.021695394
28368,0.042774964
28369,0.4588954
28370,0.0759401
28371,0.056237217
28372,0.13571098
28373,0.76110256
28374,0.12046753
28375,0.022762494
28376,0.41530988
28377,0.07316692
28378,0.19638449
28379,0.27016187
28380,0.07300856
28381,0.021434015
28382,0.06264585
28383,0.06523174
28384,0.12102727
28385,0.16218664
28386,0.04741569
28387,0.15879007
28388,0.092767514
28389,0.07518075
28390,0.0058147833
28391,0.017091474
28392,0.020720426
28393,0.06329397
28394,0.07713124
28395,0.016989516
28396,0.146652
28397,0.16525559
28398,0.42634922
28399,0.10986994
28400,0.043222632
28401,0.13397722
28402,0.16883384
28403,0.3830887
28404,0.066260085
28405,0.061682224
28406,0.024518693
28407,0.07939196
28408,0.50453794
28409,0.04639494
28410,0.116598584
28411,0.3815823
28412,0.2515288
28413,0.016088
28414,0.048116967
28415,0.06573226
28416,0.4459909
28417,0.43433478
28418,0.022312976
28419,0.11150611
28420,0.116844416
28421,0.17243738
28422,0.16437507
28423,0.16216584
28424,0.19457826
28425,0.38369352
28426,0.09487904
28427,0.023847902
28428,0.06467462
28429,0.11582463
28430,0.07246456
28431,0.19607043
28432,0.90475434
28433,0.05598466
28434,0.38363174
28435,0.016598519
28436,0.058673937
28437,0.27647576
28438,0.013126355
28439,0.056004003
28440,0.092192166
28441,0.019230638
28442,0.0590053
28443,0.015910286
28444,0.46693134
28445,0.2035575
28446,0.11116633
28447,0.26568186
28448,0.15942465
28449,0.27062458
28450,0.37990063
28451,0.396781
28452,0.27525344
28453,0.2574179
28454,0.13996458
28455,0.95472604
28456,0.44129544
28457,0.45083576
28458,0.0067400564
28459,0.023927446
28460,0.25095746
28461,0.07120456
28462,0.028451167
28463,0.02125019
28464,0.015322751
28465,0.06509618
28466,0.007163656
28467,0.010320828
28468,0.02233595
28469,0.046426456
28470,0.22108747
28471,0.1301041
28472,0.12125411
28473,0.13278352
28474,0.111132294
28475,0.254187
28476,0.26825315
28477,0.02625267
28478,0.120000154
28479,0.28035825
28480,0.022500964
28481,0.07272022
28482,0.9643696
28483,0.95271194
28484,0.6116732
28485,0.0071412143
28486,0.028298356
28487,0.020239744
28488,0.0939067
28489,0.41410726
28490,0.0913494
28491,0.017537754
28492,0.06377758
28493,0.023951724
28494,0.0085840365
28495,0.0095086275
28496,0.056346904
28497,0.079508215
28498,0.060479537
28499,0.011105562
28500,0.42418993
28501,0.029779693
28502,0.04200197
28503,0.14035991
28504,0.13920319
28505,0.06536528
28506,0.06261711
28507,0.25533605
28508,0.24705012
28509,0.023692237
28510,0.2542836
28511,0.121549845
28512,0.12456638
28513,0.9730778
28514,0.88007754
28515,0.5758875
28516,0.017152866
28517,0.07806043
28518,0.027426483
28519,0.41077843
28520,0.10281397
28521,0.2783958
28522,0.052234787
28523,0.10182676
28524,0.022515882
28525,0.102420054
28526,0.124256276
28527,0.14746305
28528,0.16773015
28529,0.5331219
28530,0.5113713
28531,0.26356053
28532,0.17181848
28533,0.11259638
28534,0.07611948
28535,0.13086963
28536,0.052310787
28537,0.031258218
28538,0.14590245
28539,0.14587364
28540,0.07167026
28541,0.12381364
28542,0.027424084
28543,0.95543116
28544,1.0252093
28545,0.94240534
28546,0.1316566
28547,0.059604544
28548,0.24822877
28549,0.015646592
28550,0.41776302
28551,0.028174745
28552,0.008439056
28553,0.018209375
28554,0.015781118
28555,0.04170827
28556,0.120689884
28557,0.061375692
28558,0.4530363
28559,1.0355207
28560,0.094851136
28561,0.13804318
28562,0.12050601
28563,0.1654735
28564,0.09136511
28565,0.40558586
28566,0.24944612
28567,0.042139616
28568,0.10747757
28569,0.12467598
28570,0.129071
28571,0.0582829
28572,0.291026
28573,0.43226457
28574,0.26165026
28575,0.09178083
28576,0.02987928
28577,0.12104153
28578,0.014704394
28579,0.08452149
28580,0.2792142
28581,0.031416703
28582,0.049317144
28583,0.05039257
28584,0.0515617
28585,0.42496237
28586,0.7325632
28587,0.27413818
28588,0.2672292
28589,0.14641638
28590,0.17622524
28591,0.16013163
28592,0.53509986
28593,0.0717026
28594,0.028223353
28595,0.041644372
28596,0.034483213
28597,0.258885
28598,0.16235662
28599,0.24675119
28600,0.29523435
28601,0.2737332
28602,0.2556213
28603,1.0362597
28604,0.14062265
28605,0.018734837
28606,0.14409633
28607,0.25388038
28608,0.023405598
28609,0.068936236
28610,0.29585662
28611,0.06458928
28612,0.039669923
28613,0.040643416
28614,0.05339257
28615,0.16492079
28616,0.43777654
28617,0.27148303
28618,0.3373908
28619,0.27745885
28620,0.16824627
28621,0.16767463
28622,0.2661896
28623,0.023305912
28624,0.16417879
28625,0.0843271
28626,0.063687414
28627,0.4888275
28628,0.2712893
28629,0.06993235
28630,0.5457244
28631,0.44372296
28632,0.007646012
28633,0.10110425
28634,0.13289201
28635,0.098768756
28636,0.06082233
28637,0.011731093
28638,0.012305977
28639,0.02685652
28640,0.06360347
28641,0.11034267
28642,0.11673755
28643,0.16602676
28644,0.4352121
28645,0.90301627
28646,0.4251318
28647,0.38449502
28648,0.5585917
28649,0.10985462
28650,0.07812935
28651,0.082204185
28652,0.15582183
28653,0.274735
28654,0.07540615
28655,0.17428187
28656,0.076042995
28657,0.14724036
28658,0.019307462
28659,0.12524004
28660,0.02273164
28661,0.016748864
28662,0.04435912
28663,0.02321637
28664,0.0022487005
28665,0.033706285
28666,0.080118835
28667,0.06556485
28668,0.10544515
28669,0.43274388
28670,0.17607056
28671,0.42130286
28672,0.77653086
28673,0.63369584
28674,0.27652043
28675,0.25126544
28676,0.066340014
28677,0.13652952
28678,0.01961103
28679,0.014038987
28680,0.038198303
28681,0.9689396
28682,0.061893456
28683,0.018954216
28684,0.21801148
28685,0.06322774
28686,0.25716728
28687,0.047227006
28688,0.059732378
28689,0.019922188
28690,0.052580733
28691,0.028376954
28692,0.10853379
28693,0.13695411
28694,0.6039945
28695,0.45235336
28696,0.27736446
28697,1.1952404
28698,0.4176376
28699,0.48803407
28700,0.15703504
28701,0.033557832
28702,0.045566075
28703,0.06269669
28704,0.059191965
28705,0.044193577
28706,0.22699331
28707,0.45728993
28708,0.112629
28709,0.38200554
28710,0.18183467
28711,0.1311105
28712,0.1410266
28713,0.14846908
28714,0.18051293
28715,0.05200868
28716,0.028476581
28717,0.05127994
28718,0.16782123
28719,0.99933326
28720,0.44892922
28721,0.66282296
28722,0.42905098
28723,0.27853462
28724,0.17946506
28725,0.2470779
28726,0.028719928
28727,0.018125659
28728,0.04996053
28729,0.030999083
28730,0.14948785
28731,0.15452842
28732,0.09415184
28733,0.38187212
28734,0.03147603
28735,0.08442171
28736,0.4133441
28737,0.050535362
28738,0.007917741
28739,0.010647324
28740,0.14086007
28741,0.25818306
28742,0.04221053
28743,0.016566504
28744,0.26235637
28745,0.25879407
28746,0.091158085
28747,0.123440765
28748,0.2550005
28749,0.09954858
28750,0.045208655
28751,0.14143512
28752,0.2598305
28753,0.052952986
28754,0.03129171
28755,0.012427716
28756,0.14337301
28757,0.116531916
28758,0.03182781
28759,0.13815448
28760,0.046815805
28761,0.06338
28762,0.05634411
28763,0.18541196
28764,0.38011757
28765,0.5498176
28766,0.10940897
28767,0.0042717783
28768,0.026009543
28769,0.06888181
28770,0.01722095
28771,0.07858345
28772,0.14615406
28773,0.013385142
28774,0.035482433
28775,0.015512199
28776,0.034413185
28777,0.018426428
28778,0.010302327
28779,0.02668222
28780,0.08716098
28781,0.10693344
28782,0.39571562
28783,0.021014988
28784,0.043974966
28785,0.08984322
28786,0.11523936
28787,0.39713496
28788,0.10809883
28789,0.005921176
28790,0.25261545
28791,0.012935559
28792,0.041804258
28793,0.01961401
28794,0.093192354
28795,0.25795555
28796,0.06405458
28797,0.010240474
28798,0.018370235
28799,0.012722881
28800,0.2083887
28801,0.03245646
28802,0.014230172
28803,0.025149768
28804,0.14563964
28805,0.082419805
28806,0.056434263
28807,0.024470612
28808,0.03639302
28809,0.07688619
28810,0.36748925
28811,0.03301553
28812,0.022472646
28813,0.029422233
28814,0.048299346
28815,0.07623852
28816,0.26600143
28817,0.07921776
28818,0.1775271
28819,0.107610814
28820,0.027429046
28821,0.015783852
28822,0.055390626
28823,0.057358295
28824,0.028040241
28825,0.420311
28826,0.014743512
28827,0.016515493
28828,0.25301746
28829,0.0152083775
28830,0.09845045
28831,0.06359122
28832,0.016933816
28833,0.40574658
28834,0.6358863
28835,0.124540344
28836,0.088796616
28837,0.010451725
28838,0.090262294
28839,0.05162658
28840,0.04714847
28841,0.098171026
28842,0.09655645
28843,0.10150319
28844,0.93229634
28845,0.09214661
28846,0.018079367
28847,0.094062105
28848,0.085001744
28849,0.016741464
28850,0.04412886
28851,0.13799095
28852,0.4662984
28853,0.07864483
28854,0.23921858
28855,0.024262402
28856,0.016333148
28857,0.08663806
28858,0.0046083936
28859,0.01772821
28860,0.09513534
28861,0.026806444
28862,0.02420764
28863,0.0026504195
28864,0.056786373
28865,0.06361602
28866,0.026416862
28867,0.016883386
28868,0.061502036
28869,0.018564418
28870,0.15123539
28871,0.04538271
28872,0.052525375
28873,0.03487015
28874,0.09543155
28875,0.112501994
28876,0.024715304
28877,0.06466434
28878,0.9203214
28879,0.07290632
28880,0.11891348
28881,0.051880166
28882,0.041737746
28883,0.044405214
28884,0.0484231
28885,0.011583315
28886,0.016710637
28887,0.279492
28888,0.027565753
28889,0.013462788
28890,0.060402375
28891,0.13078204
28892,0.026102582
28893,0.0120489085
28894,0.12809184
28895,0.045049425
28896,0.028000213
28897,0.055252664
28898,0.41272235
28899,0.02875111
28900,0.020481572
28901,0.005689527
28902,0.01849877
28903,0.047747944
28904,0.037410542
28905,0.2490646
28906,0.07120986
28907,0.009901428
28908,0.012074591
28909,0.07913069
28910,0.15235531
28911,0.112216815
28912,0.088966735
28913,0.07732522
28914,0.028593348
28915,0.061175458
28916,0.07105849
28917,0.18870375
28918,0.13663143
28919,0.005893383
28920,0.03175281
28921,0.010669747
28922,0.010085265
28923,0.008264514
28924,0.019661011
28925,0.011855123
28926,0.013811009
28927,0.031796265
28928,0.07036292
28929,0.063241504
28930,0.12505125
28931,0.009735345
28932,0.1393039
28933,0.2787323
28934,0.0024125113
28935,0.022450993
28936,0.00936332
28937,0.01854503
28938,0.006274194
28939,0.0122135775
28940,0.030807564
28941,0.012206013
28942,0.016678248
28943,0.015183733
28944,0.08139877
28945,0.009203041
28946,0.027925422
28947,0.055127546
28948,0.015852567
28949,0.051906858
28950,0.015387731
28951,0.0042024157
28952,0.005505029
28953,0.0054674004
28954,0.111419305
28955,0.028189158
28956,0.047968607
28957,0.03281041
28958,0.02115925
28959,0.10507465
28960,0.018500097
28961,0.010794743
28962,0.014419776
28963,0.4208002
28964,0.06838284
28965,0.06976359
28966,0.22719315
28967,0.013645526
28968,0.0021309142
28969,0.09455023
28970,0.022925723
28971,0.008620722
28972,0.090426944
28973,0.10987573
28974,0.14739926
28975,0.022124413
28976,0.027450481
28977,0.03469875
28978,0.034814004
28979,0.029451376
28980,0.026395988
28981,0.008699637
28982,0.03431391
28983,0.006145118
28984,0.091842614
28985,0.07519265
28986,0.03922569
28987,0.1852712
28988,0.018826613
28989,0.02480172
28990,0.0024209819
28991,0.013705997
28992,0.05175495
28993,0.032425612
28994,0.008371985
28995,0.018367637
28996,0.03461384
28997,0.25916195
28998,0.24257816
28999,0.02126237
29000,0.11688138
29001,0.015671644
29002,0.020343125
29003,0.030345697
29004,0.042429816
29005,0.058157094
29006,0.03373477
29007,0.033552043
29008,0.044559713
29009,0.04096975
29010,0.04166844
29011,0.07709004
29012,0.039303944
29013,0.03160687
29014,0.027350655
29015,0.2679199
29016,0.034119412
29017,0.064344965
29018,0.25640178
29019,0.3821595
29020,0.031963773
29021,0.2734597
29022,0.063092634
29023,0.4094651
29024,0.07494529
29025,0.117941804
29026,0.055047996
29027,0.08617724
29028,0.0116024
29029,0.0033894938
29030,0.03694917
29031,0.010535958
29032,0.12976626
29033,0.031734165
29034,0.67050534
29035,0.25467762
29036,0.04492142
29037,0.042687435
29038,0.25503457
29039,0.05837528
29040,0.011985639
29041,0.049243134
29042,0.032012086
29043,0.0890098
29044,0.25578958
29045,0.50001717
29046,0.4168854
29047,0.034585036
29048,0.023430753
29049,0.11671391
29050,0.2662909
29051,0.020317
29052,0.056485564
29053,0.041111004
29054,0.06285636
29055,0.07153684
29056,0.43936995
29057,0.11748366
29058,0.24976107
29059,0.48784244
29060,0.10693208
29061,0.022672577
29062,0.4890958
29063,0.066131964
29064,0.3210825
29065,0.052260492
29066,0.051431388
29067,0.030922666
29068,0.07484863
29069,0.07526472
29070,0.084769845
29071,0.21740472
29072,0.029255187
29073,0.029879875
29074,0.07076891
29075,0.27671123
29076,0.058369055
29077,0.03091606
29078,0.057794698
29079,0.06618893
29080,0.077441685
29081,0.038021546
29082,0.03834367
29083,0.050261043
29084,0.14041728
29085,0.050519273
29086,0.3720672
29087,0.051744025
29088,0.042464677
29089,0.016119996
29090,0.0039375457
29091,0.013129043
29092,0.46930766
29093,0.09066358
29094,0.07005428
29095,0.4168944
29096,0.44909683
29097,0.08835023
29098,0.060643822
29099,0.018517975
29100,0.017752258
29101,0.0072563654
29102,0.03668821
29103,0.011941576
29104,0.068936706
29105,0.0632642
29106,0.086065456
29107,0.15809621
29108,0.30669478
29109,0.39348963
29110,0.05049277
29111,0.0340227
29112,0.03418193
29113,0.40572092
29114,0.022591945
29115,0.04453145
29116,0.064101055
29117,0.04252365
29118,0.13600726
29119,0.5297699
29120,0.0035715953
29121,0.05614337
29122,0.08749063
29123,0.024782978
29124,0.027792547
29125,0.045806777
29126,0.064503334
29127,0.014199981
29128,0.11113785
29129,0.1807534
29130,0.10159835
29131,0.09722225
29132,0.059573285
29133,0.03131206
29134,0.03030327
29135,0.035911534
29136,0.116815425
29137,0.065318026
29138,0.24333675
29139,0.023039212
29140,0.049089033
29141,0.03601303
29142,0.024069201
29143,0.022657637
29144,0.025067799
29145,0.046207562
29146,0.027635327
29147,0.079956755
29148,0.3005782
29149,0.29268306
29150,0.052177813
29151,0.042185344
29152,0.038578104
29153,0.10954272
29154,0.07242493
29155,0.010856558
29156,0.05823509
29157,0.015028761
29158,0.009491393
29159,0.17266233
29160,0.026172899
29161,0.02505049
29162,0.030670865
29163,0.006588869
29164,0.22274195
29165,0.08088223
29166,0.4280114
29167,0.427123
29168,0.41235185
29169,0.07723728
29170,0.048452377
29171,0.025412736
29172,0.06267883
29173,0.051389094
29174,0.26716116
29175,0.05831065
29176,0.5132216
29177,0.13131127
29178,0.024023244
29179,0.12563252
29180,0.05445135
29181,0.055283654
29182,0.02082542
29183,0.008077852
29184,0.057422698
29185,0.0209232
29186,0.006920221
29187,0.017635653
29188,0.019521452
29189,0.08858705
29190,0.047679644
29191,0.25074872
29192,0.07521157
29193,0.13850123
29194,0.41013825
29195,0.43802246
29196,0.084756404
29197,0.029548816
29198,0.10493745
29199,0.041019604
29200,0.02297692
29201,0.099475615
29202,0.0693805
29203,0.13530001
29204,0.048236907
29205,0.12137851
29206,0.041032728
29207,0.06264855
29208,0.032339264
29209,0.019883053
29210,0.14165083
29211,0.0065856944
29212,0.03020351
29213,0.07113115
29214,0.02993714
29215,0.011797609
29216,0.022590535
29217,0.035271484
29218,0.0640209
29219,0.09137516
29220,0.14545819
29221,0.1294685
29222,0.42379662
29223,0.2647191
29224,0.26538473
29225,0.017290993
29226,0.10917726
29227,0.059797376
29228,0.052778494
29229,0.100066185
29230,0.0343142
29231,0.024303485
29232,0.039893046
29233,0.054282233
29234,0.08271044
29235,0.030618243
29236,0.06068827
29237,0.018860193
29238,0.025679352
29239,0.08732363
29240,0.03661843
29241,0.12171625
29242,0.06936364
29243,0.15745397
29244,0.55139804
29245,0.1314092
29246,0.1398519
29247,0.080199555
29248,0.09425815
29249,0.08811611
29250,0.093511544
29251,0.062402826
29252,0.006395405
29253,0.025264548
29254,0.38581815
29255,0.07621126
29256,0.08708498
29257,0.0641987
29258,0.080296926
29259,0.0132392645
29260,0.016967203
29261,0.021472858
29262,0.042407583
29263,0.30735993
29264,0.077456295
29265,0.055145063
29266,0.1352116
29267,0.7519174
29268,0.120217346
29269,0.02249784
29270,0.40558463
29271,0.075434946
29272,0.2673981
29273,0.2696345
29274,0.0748186
29275,0.021827172
29276,0.0615915
29277,0.06553453
29278,0.11950939
29279,0.16032034
29280,0.048199005
29281,0.2510385
29282,0.0895187
29283,0.07297039
29284,0.0066855494
29285,0.017028758
29286,0.02244794
29287,0.061655056
29288,0.07851214
29289,0.016381547
29290,0.14578252
29291,0.16465837
29292,0.26657143
29293,0.10665965
29294,0.04246681
29295,0.13098677
29296,0.17092262
29297,0.37244403
29298,0.06516735
29299,0.059979357
29300,0.02541806
29301,0.07715451
29302,0.5198949
29303,0.043355152
29304,0.12025406
29305,0.39136553
29306,0.25350747
29307,0.0047215368
29308,0.046127968
29309,0.06682695
29310,0.44880897
29311,0.40423062
29312,0.020548373
29313,0.11384024
29314,0.11600824
29315,0.17424299
29316,0.16796516
29317,0.16168812
29318,0.19188778
29319,0.42948532
29320,0.09024536
29321,0.021333108
29322,0.06567834
29323,0.11745911
29324,0.07186947
29325,0.20536853
29326,0.9398686
29327,0.05247061
29328,0.39341953
29329,0.01625878
29330,0.05804164
29331,0.27544188
29332,0.011226623
29333,0.055520438
29334,0.091844745
29335,0.019800365
29336,0.056811403
29337,0.014440877
29338,0.47680053
29339,0.20204788
29340,0.108800374
29341,0.42709944
29342,0.15888989
29343,0.27166545
29344,0.3965254
29345,0.39856353
29346,0.2710784
29347,0.26345098
29348,0.14054753
29349,0.99566513
29350,0.45447683
29351,0.4474438
29352,0.027331853
29353,0.2573842
29354,0.07371651
29355,0.027027959
29356,0.02241608
29357,0.0075812694
29358,0.06268882
29359,0.007880174
29360,0.021641772
29361,0.048675533
29362,0.22137025
29363,0.12779127
29364,0.11808258
29365,0.13028257
29366,0.11407162
29367,0.25699136
29368,0.39783424
29369,0.025898555
29370,0.12142777
29371,0.27736422
29372,0.022754243
29373,0.0739652
29374,0.9937134
29375,0.95990354
29376,0.6088855
29377,0.007043789
29378,0.026236124
29379,0.018928744
29380,0.092448376
29381,0.41500142
29382,0.096571535
29383,0.018829916
29384,0.06448636
29385,0.058873557
29386,0.0795617
29387,0.05889647
29388,0.013030408
29389,0.45198372
29390,0.028629309
29391,0.041992374
29392,0.13776593
29393,0.14076547
29394,0.06569674
29395,0.06142511
29396,0.39093843
29397,0.25463864
29398,0.024931585
29399,0.25650707
29400,0.124264136
29401,0.12770198
29402,0.9820858
29403,0.85973173
29404,0.57276744
29405,0.016570743
29406,0.2310462
29407,0.026565436
29408,0.011412471
29409,0.4385816
29410,0.10301741
29411,0.2832901
29412,0.053847156
29413,0.1008736
29414,0.017687257
29415,0.10337829
29416,0.1255742
29417,0.15086277
29418,0.17260897
29419,0.53555757
29420,0.501821
29421,0.26633173
29422,0.16702817
29423,0.10950772
29424,0.07146433
29425,0.1321754
29426,0.05406087
29427,0.03439666
29428,0.021026948
29429,0.25219053
29430,0.15092748
29431,0.07165632
29432,0.123858616
29433,0.02712751
29434,0.9650173
29435,1.0691
29436,0.9570484
29437,0.13118693
29438,0.05609009
29439,0.3931922
29440,0.4292752
29441,0.025627026
29442,0.007382537
29443,0.017473163
29444,0.042579737
29445,0.11532373
29446,0.060309395
29447,0.46975917
29448,1.0663016
29449,0.09451587
29450,0.13792315
29451,0.11795531
29452,0.16867068
29453,0.08955618
29454,0.403275
29455,0.24651143
29456,0.041480567
29457,0.10603358
29458,0.12510784
29459,0.12706715
29460,0.059579875
29461,0.44659162
29462,0.43465438
29463,0.25441125
29464,0.091258734
29465,0.028125132
29466,0.12789716
29467,0.012958051
29468,0.0859042
29469,0.19257674
29470,0.03320359
29471,0.055572
29472,0.013554935
29473,0.020043125
29474,0.04834719
29475,0.052739732
29476,0.41405493
29477,0.6968552
29478,0.26970476
29479,0.2675583
29480,0.14604622
29481,0.16990618
29482,0.16087167
29483,0.52952915
29484,0.07142936
29485,0.03994486
29486,0.03165634
29487,0.15243109
29488,0.16835803
29489,0.15398881
29490,0.43914625
29491,0.2779972
29492,0.15854546
29493,1.0599339
29494,0.14643048
29495,0.019253863
29496,0.14220373
29497,0.25013247
29498,0.023529615
29499,0.06714633
29500,0.4614397
29501,0.06315292
29502,0.03933185
29503,0.039545964
29504,0.053042352
29505,0.2556863
29506,0.41817665
29507,0.27354684
29508,0.5150766
29509,0.28217825
29510,0.16406938
29511,0.16921535
29512,0.3867534
29513,0.023399852
29514,0.16738553
29515,0.08436164
29516,0.06346591
29517,0.43919712
29518,0.2759496
29519,0.07080536
29520,0.5420375
29521,0.43520674
29522,0.10273237
29523,0.24708988
29524,0.09552017
29525,0.06122548
29526,0.012650813
29527,0.004717026
29528,0.026115408
29529,0.060857616
29530,0.10738177
29531,0.116231
29532,0.16395892
29533,0.42757395
29534,0.8829793
29535,0.43000454
29536,0.3856234
29537,0.5594423
29538,0.11020396
29539,0.07778053
29540,0.082402796
29541,0.1549181
29542,0.27352318
29543,0.07386031
29544,0.030517584
29545,0.074138135
29546,0.14900869
29547,0.02118689
29548,0.05500127
29549,0.1303069
29550,0.023344573
29551,0.04381364
29552,0.032665435
29553,0.08245508
29554,0.06843708
29555,0.10629055
29556,0.4592905
29557,0.2657358
29558,0.41609937
29559,0.78087384
29560,0.6184978
29561,0.27663025
29562,0.12943101
29563,0.050842315
29564,0.06501582
29565,0.13805513
29566,0.019457553
29567,0.013737566
29568,0.037702955
29569,1.0019361
29570,0.060934395
29571,0.019025816
29572,0.07424752
29573,0.062798046
29574,0.26414254
29575,0.04740695
29576,0.058320336
29577,0.020500375
29578,0.051795855
29579,0.009279832
29580,0.026683275
29581,0.10761205
29582,0.13704473
29583,0.60548306
29584,0.44985235
29585,0.277766
29586,1.177949
29587,0.40887868
29588,0.48274416
29589,0.15765615
29590,0.04171292
29591,0.03162032
29592,0.043961138
29593,0.062587984
29594,0.056835774
29595,0.0442766
29596,0.0778102
29597,0.45189455
29598,0.11371468
29599,0.3699887
29600,0.031626377
29601,0.1270883
29602,0.14210592
29603,0.15327267
29604,0.18319091
29605,0.050220054
29606,0.028571751
29607,0.051127356
29608,0.16566025
29609,0.97747296
29610,0.47292003
29611,0.6409472
29612,0.4517696
29613,0.37404305
29614,0.25598827
29615,0.25223923
29616,0.051885746
29617,0.018034754
29618,0.028614806
29619,0.018928455
29620,0.03410048
29621,0.14623015
29622,0.15599805
29623,0.0940767
29624,0.39270586
29625,0.030580066
29626,0.08539988
29627,0.013587164
29628,0.39856496
29629,0.049471688
29630,0.13858421
29631,0.26005995
29632,0.042221025
29633,0.017055994
29634,0.26190624
29635,0.2600355
29636,0.09116203
29637,0.123367414
29638,0.117610835
29639,0.09744507
29640,0.046802435
29641,0.14184336
29642,0.13229318
29643,0.010185187
29644,0.26135656
29645,0.015770685
29646,0.1194897
29647,0.04592079
29648,0.03150409
29649,0.13772096
29650,0.046427615
29651,0.060915213
29652,0.056212146
29653,0.18565658
29654,0.27242428
29655,0.54530776
29656,0.10543588
29657,0.0019500059
29658,0.025737414
29659,0.06605151
29660,0.0780503
29661,0.14409353
29662,0.013007117
29663,0.033853132
29664,0.017607527
29665,0.03408927
29666,0.018282104
29667,0.01132197
29668,0.027918778
29669,0.0889189
29670,0.10938791
29671,0.382024
29672,0.022925286
29673,0.04570863
29674,0.0893487
29675,0.114314415
29676,0.37662533
29677,0.10688852
29678,0.0064521767
29679,0.24218416
29680,0.013612388
29681,0.041786775
29682,0.019980391
29683,0.09233171
29684,0.2536737
29685,0.06391797
29686,0.01126128
29687,0.017487543
29688,0.01307389
29689,0.20656228
29690,0.012527847
29691,0.024375677
29692,0.141681
29693,0.08324439
29694,0.05368836
29695,0.023346115
29696,0.034946073
29697,0.07633467
29698,0.35684744
29699,0.033029266
29700,0.007934503
29701,0.022607546
29702,0.02820031
29703,0.049187988
29704,0.07403705
29705,0.2704578
29706,0.08046112
29707,0.1834493
29708,0.11129384
29709,0.026533391
29710,0.01552762
29711,0.056227572
29712,0.057963513
29713,0.028467838
29714,0.4053336
29715,0.01398031
29716,0.14898857
29717,0.015567691
29718,0.098601125
29719,0.064381234
29720,0.018021826
29721,0.29350448
29722,0.6389425
29723,0.12380173
29724,0.08826606
29725,0.01052759
29726,0.09058478
29727,0.05038847
29728,0.04821906
29729,0.09991041
29730,0.09769304
29731,0.10141107
29732,0.93363327
29733,0.09279536
29734,0.016953764
29735,0.093324885
29736,0.0857135
29737,0.044599727
29738,0.14390998
29739,0.43898144
29740,0.0804324
29741,0.23758331
29742,0.022429073
29743,0.015937842
29744,0.085018754
29745,0.01643411
29746,0.09730017
29747,0.027330915
29748,0.02394757
29749,0.056789543
29750,0.06859697
29751,0.025938693
29752,0.06066226
29753,0.14679022
29754,0.04572307
29755,0.053651817
29756,0.03506272
29757,0.09317537
29758,0.11818081
29759,0.025157234
29760,0.061932202
29761,0.9620107
29762,0.07538932
29763,0.11467404
29764,0.052721426
29765,0.04085596
29766,0.043144707
29767,0.04866108
29768,0.010875615
29769,0.015513492
29770,0.40552717
29771,0.027860565
29772,0.0042274036
29773,0.0029326908
29774,0.005727207
29775,0.005491597
29776,0.015230298
29777,0.05993328
29778,0.1217584
29779,0.025405196
29780,0.01271875
29781,0.12734668
29782,0.04415786
29783,0.026491266
29784,0.053299367
29785,0.40049535
29786,0.028843468
29787,0.020966062
29788,0.0009340685
29789,0.049375832
29790,0.0064483765
29791,0.03560082
29792,0.14069095
29793,0.071622305
29794,0.0107212905
29795,0.012446809
29796,0.080294855
29797,0.26703927
29798,0.11307153
29799,0.08855572
29800,0.07463538
29801,0.0280134
29802,0.061588254
29803,0.020278294
29804,0.07048303
29805,0.2775771
29806,0.39654505
29807,0.008517907
29808,0.030631151
29809,0.011152141
29810,0.007988217
29811,0.015123017
29812,0.00916507
29813,0.02007763
29814,0.012944816
29815,0.0152779445
29816,0.03184774
29817,0.06884094
29818,0.06482327
29819,0.12632054
29820,0.009421997
29821,0.14838901
29822,0.012258254
29823,0.2832106
29824,0.011055027
29825,0.020438483
29826,0.023587637
29827,0.009071331
29828,0.019248512
29829,0.013329871
29830,0.0281388
29831,0.0100586675
29832,0.002007854
29833,0.015459393
29834,0.013623245
29835,0.08192591
29836,0.010020784
29837,0.029594177
29838,0.051456355
29839,0.016380167
29840,0.054145318
29841,0.016540814
29842,0.003033082
29843,0.0044777654
29844,0.11351223
29845,0.027378151
29846,0.047953103
29847,0.0030429047
29848,0.01022208
29849,0.031630106
29850,0.020128448
29851,0.10685592
29852,0.01862562
29853,0.011607882
29854,0.40804744
29855,0.07143219
29856,0.070978455
29857,0.073123
29858,0.08993071
29859,0.023579704
29860,0.0075130924
29861,0.09326966
29862,0.10739433
29863,0.15340735
29864,0.022657052
29865,0.03458562
29866,0.035350792
29867,0.028418608
29868,0.026567316
29869,0.03148043
29870,0.005895381
29871,0.093095444
29872,0.07531633
29873,0.27741617
29874,0.018777613
29875,0.024621954
29876,0.0018620339
29877,0.015384966
29878,0.050299052
29879,0.01902923
29880,0.02548882
29881,0.012196887
29882,0.033887
29883,0.007961225
29884,0.011430807
29885,0.035229027
29886,0.2516967
29887,0.24535993
29888,0.022025034
29889,0.11915748
29890,0.021612795
29891,0.0045210985
29892,0.025925186
29893,0.04450316
29894,0.04426273
29895,0.05022008
29896,0.029934859
29897,0.031688392
29898,0.04506597
29899,0.03585599
29900,0.08190128
29901,0.033093
29902,0.13485141
29903,0.03755799
29904,0.073544405
29905,0.26095027
29906,0.39807713
29907,0.043215036
29908,0.26274982
29909,0.060394775
29910,0.27059904
29911,0.074156575
29912,0.26496193
29913,0.05584752
29914,0.020703934
29915,0.082616396
29916,0.0148141505
29917,0.03434108
29918,0.012780843
29919,0.25588384
29920,0.02932072
29921,0.6692187
29922,0.24265945
29923,0.03918128
29924,0.26632753
29925,0.010629094
29926,0.041780967
29927,0.030334435
29928,0.09041029
29929,0.26243174
29930,0.5099569
29931,0.49742183
29932,0.042708214
29933,0.07014757
29934,0.12197236
29935,0.16150819
29936,0.011281312
29937,0.008199705
29938,0.05338308
29939,0.037568823
29940,0.06598439
29941,0.07961106
29942,0.03297808
29943,0.41017795
29944,0.22926858
29945,0.39569858
29946,0.44795504
29947,0.10440025
29948,0.47343075
29949,0.06766062
29950,0.19012758
29951,0.054704856
29952,0.053136352
29953,0.034563836
29954,0.07572741
29955,0.08089471
29956,0.090567246
29957,0.07857039
29958,0.029376188
29959,0.029430842
29960,0.06891127
29961,0.29470813
29962,0.05112192
29963,0.0587412
29964,0.06289683
29965,0.080482535
29966,0.03594797
29967,0.035593238
29968,0.028428484
29969,0.2550867
29970,0.05346963
29971,0.14080782
29972,0.05104899
29973,0.043725543
29974,0.0028214543
29975,0.44524875
29976,0.09381138
29977,0.010058365
29978,0.07216962
29979,0.17008094
29980,0.31324437
29981,0.084831685
29982,0.0582692
29983,0.015918417
29984,0.01754658
29985,0.036637325
29986,0.013005508
29987,0.10242773
29988,0.06560159
29989,0.071924515
29990,0.08254138
29991,0.26313722
29992,0.30590355
29993,0.020013338
29994,0.3758525
29995,0.04975844
29996,0.033115525
29997,0.28190193
29998,0.022391722
29999,0.042220507
30000,0.01049779
30001,0.2054665
30002,0.03887928
30003,0.023468189
30004,0.24273579
30005,0.52875966
30006,0.08678793
30007,0.0282349
30008,0.03007846
30009,0.048691954
30010,0.06869124
30011,0.012673425
30012,0.029731888
30013,0.10733672
30014,0.17364301
30015,0.10103418
30016,0.09752752
30017,0.06038889
30018,0.0040442315
30019,0.0077865133
30020,0.029168287
30021,0.030893063
30022,0.029501697
30023,0.037141655
30024,0.118698485
30025,0.065779544
30026,0.24650536
30027,0.025973525
30028,0.04848195
30029,0.035875052
30030,0.023458928
30031,0.02292015
30032,0.024787467
30033,0.044722434
30034,0.022586254
30035,0.078767404
30036,0.49255598
30037,0.41689703
30038,0.05202345
30039,0.03980445
30040,0.10892981
30041,0.069847256
30042,0.011040872
30043,0.058869295
30044,0.015511236
30045,0.0088169975
30046,0.028431559
30047,0.26198116
30048,0.025673259
30049,0.025352271
30050,0.0329245
30051,0.22197355
30052,0.08046422
30053,0.271969
30054,0.25862172
30055,0.41804048
30056,0.07982561
30057,0.049529433
30058,0.024407161
30059,0.061810713
30060,0.05045404
30061,0.26734564
30062,0.058777113
30063,0.56515574
30064,0.12948929
30065,0.024062546
30066,0.12091645
30067,0.057691325
30068,0.054919984
30069,0.020078843
30070,0.01571921
30071,0.057269916
30072,0.019962825
30073,0.019152943
30074,0.01769186
30075,0.087336674
30076,0.04861375
30077,0.09950894
30078,0.07572513
30079,0.13829023
30080,0.42490172
30081,0.42939773
30082,0.08298561
30083,0.029623494
30084,0.107201345
30085,0.01642026
30086,0.03859567
30087,0.02276162
30088,0.10455609
30089,0.0697678
30090,0.13043049
30091,0.04838481
30092,0.12096887
30093,0.042435125
30094,0.06397548
30095,0.031431876
30096,0.013338594
30097,0.14227095
30098,0.0075262175
30099,0.06430107
30100,0.029120231
30101,0.010816696
30102,0.02332931
30103,0.036787488
30104,0.066123344
30105,0.091323525
30106,0.25456962
30107,0.12958796
30108,0.4189972
30109,0.2673278
30110,0.2632943
30111,0.018192379
30112,0.11264499
30113,0.061119113
30114,0.04944255
30115,0.10074533
30116,0.024065107
30117,0.05617095
30118,0.04078021
30119,0.054835476
30120,0.08238362
30121,0.030206352
30122,0.058926724
30123,0.020660736
30124,0.08707161
30125,0.012644567
30126,0.03732337
30127,0.12267643
30128,0.06974643
30129,0.25306726
30130,0.5298792
30131,0.13102226
30132,0.13187598
30133,0.080842815
30134,0.094817296
30135,0.090500414
30136,0.096299544
30137,0.06434059
30138,0.006514669
30139,0.02453924
30140,0.2816979
30141,0.07291834
30142,0.08658814
30143,0.063109264
30144,0.078675106
30145,0.013939965
30146,0.016266737
30147,0.021651415
30148,0.042799696
30149,0.2988901
30150,0.078057006
30151,0.05640028
30152,0.13554224
30153,0.7272532
30154,0.11843103
30155,0.021670805
30156,0.25444904
30157,0.07237614
30158,0.26097876
30159,0.2744639
30160,0.073217705
30161,0.05987623
30162,0.06560486
30163,0.11373327
30164,0.15527852
30165,0.04915657
30166,0.15795872
30167,0.09251396
30168,0.07598611
30169,0.009567787
30170,0.0067617744
30171,0.015966244
30172,0.020723589
30173,0.062273283
30174,0.07954102
30175,0.01666547
30176,0.14580357
30177,0.16420035
30178,0.2646476
30179,0.10707173
30180,0.044587206
30181,0.12926637
30182,0.16671225
30183,0.4041948
30184,0.065199226
30185,0.061898354
30186,0.025238577
30187,0.07972872
30188,0.51667655
30189,0.043469332
30190,0.116492376
30191,0.38175803
30192,0.252371
30193,0.016185982
30194,0.005169652
30195,0.008076897
30196,0.047890797
30197,0.06525939
30198,0.465946
30199,0.43613824
30200,0.019809458
30201,0.112304956
30202,0.11695455
30203,0.16953164
30204,0.17011817
30205,0.16241479
30206,0.19764748
30207,0.3974067
30208,0.09225401
30209,0.021245228
30210,0.06613157
30211,0.118399866
30212,0.066841036
30213,0.28975692
30214,0.94807845
30215,0.055386152
30216,0.38619328
30217,0.017189791
30218,0.057700638
30219,0.41697434
30220,0.0057233465
30221,0.05496811
30222,0.09299796
30223,0.020541467
30224,0.056717657
30225,0.014624941
30226,0.4640341
30227,0.21309844
30228,0.11004881
30229,0.43130293
30230,0.15986986
30231,0.26837987
30232,0.40703136
30233,0.40627235
30234,0.1797157
30235,0.12454491
30236,0.13952847
30237,1.0104047
30238,0.4545413
30239,0.44659635
30240,0.026602274
30241,0.1464786
30242,0.07167261
30243,0.009899516
30244,0.06319818
30245,0.008118411
30246,0.01044107
30247,0.021602279
30248,0.0472864
30249,0.077516004
30250,0.12653266
30251,0.11978095
30252,0.13228609
30253,0.11181434
30254,0.25358453
30255,0.2644253
30256,0.025076635
30257,0.119427465
30258,0.45885938
30259,0.07304946
30260,0.97023004
30261,0.95881087
30262,0.581185
30263,0.0063442336
30264,0.02641966
30265,0.020550508
30266,0.09447233
30267,0.41522825
30268,0.098389454
30269,0.017851809
30270,0.062323377
30271,0.0096381875
30272,0.058118455
30273,0.0797935
30274,0.058560535
30275,0.013817596
30276,0.4282393
30277,0.028117824
30278,0.041706864
30279,0.13888638
30280,0.13946138
30281,0.06556434
30282,0.062200207
30283,0.25583947
30284,0.25767738
30285,0.025554
30286,0.25576857
30287,0.11924485
30288,0.12363926
30289,1.0080208
30290,0.95251536
30291,0.59147877
30292,0.23532319
30293,0.026516762
30294,0.010588923
30295,0.42782444
30296,0.10488417
30297,0.21209519
30298,0.05229524
30299,0.10856221
30300,0.017293219
30301,0.102863565
30302,0.12550908
30303,0.14989622
30304,0.17097358
30305,0.5223876
30306,0.49284685
30307,0.26129934
30308,0.17322537
30309,0.10898298
30310,0.07422776
30311,0.12994105
30312,0.05370851
30313,0.033359155
30314,0.1451764
30315,0.15456267
30316,0.072712004
30317,0.12557241
30318,0.02543041
30319,0.9427035
30320,1.0370426
30321,0.9834616
30322,0.12945011
30323,0.05974882
30324,0.38760272
30325,0.015224123
30326,0.42272636
30327,0.02768298
30328,0.017603183
30329,0.018314864
30330,0.042864576
30331,0.114704214
30332,0.05903403
30333,0.4348856
30334,1.0540975
30335,0.0947107
30336,0.13642552
30337,0.11767984
30338,0.16984421
30339,0.088700876
30340,0.41507846
30341,0.25118145
30342,0.04174611
30343,0.10905882
30344,0.12510255
30345,0.12612423
30346,0.06043994
30347,0.026978275
30348,0.29528797
30349,0.4318426
30350,0.26212892
30351,0.09590669
30352,0.027912557
30353,0.12985602
30354,0.013177678
30355,0.08494977
30356,0.19967242
30357,0.030572645
30358,0.052406464
30359,0.044702295
30360,0.047979612
30361,0.051448986
30362,0.43378443
30363,0.70842487
30364,0.26630768
30365,0.189072
30366,0.1472322
30367,0.17541747
30368,0.1632195
30369,0.5505402
30370,0.06857993
30371,0.027784126
30372,0.041387327
30373,0.03262336
30374,0.15683949
30375,0.1678665
30376,0.24652524
30377,0.44845584
30378,0.2771723
30379,0.25462118
30380,1.0636197
30381,0.14072652
30382,0.021254433
30383,0.14485131
30384,0.25345874
30385,0.025645675
30386,0.0660947
30387,0.44791403
30388,0.06480481
30389,0.042187482
30390,0.03959679
30391,0.053331174
30392,0.2564205
30393,0.44307342
30394,0.27655345
30395,0.5151032
30396,0.28344166
30397,0.16130765
30398,0.16866443
30399,0.38940844
30400,0.023380237
30401,0.16433257
30402,0.08490411
30403,0.06277632
30404,0.4590693
30405,0.27459326
30406,0.06913736
30407,0.55065507
30408,0.28574303
30409,0.0076181646
30410,0.09502323
30411,0.13439763
30412,0.09595361
30413,0.058398545
30414,0.012357898
30415,0.003107404
30416,0.026006578
30417,0.061978407
30418,0.11009389
30419,0.118395396
30420,0.16187772
30421,0.4340056
30422,0.9246499
30423,0.42578414
30424,0.26398808
30425,0.5711423
30426,0.109671175
30427,0.078072086
30428,0.08110382
30429,0.15566799
30430,0.4169726
30431,0.075602986
30432,0.029917095
30433,0.073829174
30434,0.15152338
30435,0.020327892
30436,0.05802478
30437,0.13004202
30438,0.024785226
30439,0.046364784
30440,0.02444608
30441,0.017913168
30442,0.033775013
30443,0.08368315
30444,0.06544002
30445,0.103805915
30446,0.44238693
30447,0.26034623
30448,0.41223183
30449,0.77948135
30450,0.5954628
30451,0.39810234
30452,0.2482555
30453,0.049443584
30454,0.01851286
30455,0.06529348
30456,0.13836719
30457,0.018836686
30458,0.0381646
30459,0.993109
30460,0.06339695
30461,0.018606335
30462,0.2250568
30463,0.06394295
30464,0.2623703
30465,0.04767897
30466,0.061125312
30467,0.01777289
30468,0.04847053
30469,0.026279947
30470,0.10816267
30471,0.13755447
30472,0.6045395
30473,0.4215413
30474,0.27406392
30475,1.151825
30476,0.4035404
30477,0.48817703
30478,0.15825893
30479,0.038487617
30480,0.02967774
30481,0.044460665
30482,0.061336853
30483,0.058296926
30484,0.04300233
30485,0.07864618
30486,0.4455829
30487,0.10820183
30488,0.37292674
30489,0.032972768
30490,0.12837508
30491,0.14440273
30492,0.14676917
30493,0.18864933
30494,0.053309146
30495,0.026601177
30496,0.04841267
30497,0.16503339
30498,0.97234464
30499,0.46142593
30500,0.64099747
30501,0.46220297
30502,0.38378564
30503,0.17911159
30504,0.25467867
30505,0.05303855
30506,0.027902987
30507,0.016200125
30508,0.021271138
30509,0.047443286
30510,0.033093955
30511,0.14697805
30512,0.1555956
30513,0.0971149
30514,0.27923834
30515,0.030263733
30516,0.08567537
30517,0.28251776
30518,0.050080717
30519,0.14010766
30520,0.38728428
30521,0.044052117
30522,0.26213515
30523,0.2542258
30524,0.08847235
30525,0.12327552
30526,0.11819767
30527,0.09981546
30528,0.047611862
30529,0.13953641
30530,0.13198069
30531,0.051138688
30532,0.011598891
30533,0.26337755
30534,0.11652935
30535,0.04577432
30536,0.03176673
30537,0.1360798
30538,0.04611744
30539,0.063493036
30540,0.055004004
30541,0.19028537
30542,0.35666627
30543,0.5567438
30544,0.10591492
30545,0.004285411
30546,0.020211369
30547,0.06798101
30548,0.07822347
30549,0.14669469
30550,0.035150908
30551,0.017277237
30552,0.033477224
30553,0.018361453
30554,0.0092948135
30555,0.026557436
30556,0.089286916
30557,0.10740506
30558,0.39285967
30559,0.02034145
30560,0.024613092
30561,0.044083096
30562,0.0889281
30563,0.11417394
30564,0.39032215
30565,0.10757277
30566,0.005892473
30567,0.24609415
30568,0.041178305
30569,0.020054199
30570,0.091285706
30571,0.13903664
30572,0.06289821
30573,0.01806268
30574,0.010773909
30575,0.28771615
30576,0.03247993
30577,0.0136622125
30578,0.015652014
30579,0.024567915
30580,0.14007908
30581,0.08251665
30582,0.055677425
30583,0.023546051
30584,0.03582967
30585,0.077790834
30586,0.28968233
30587,0.034458738
30588,0.022250999
30589,0.029358989
30590,0.048988834
30591,0.0775334
30592,0.27046975
30593,0.07614075
30594,0.27204767
30595,0.111299574
30596,0.02711434
30597,0.016695337
30598,0.053019907
30599,0.058941573
30600,0.026995014
30601,0.38726982
30602,0.016006114
30603,0.25031516
30604,0.012373958
30605,0.09941159
30606,0.06405077
30607,0.017344125
30608,0.29143333
30609,0.6027972
30610,0.24537565
30611,0.088586636
30612,0.087379016
30613,0.051681552
30614,0.04791255
30615,0.098509066
30616,0.096493706
30617,0.101703964
30618,0.9414215
30619,0.020897627
30620,0.091842376
30621,0.017626358
30622,0.09529184
30623,0.08563903
30624,0.018902235
30625,0.042512584
30626,0.14595535
30627,0.48082802
30628,0.08542195
30629,0.23748234
30630,0.022738943
30631,0.09003786
30632,0.016133057
30633,0.09539937
30634,0.028279535
30635,0.023496231
30636,0.056799505
30637,0.06601141
30638,0.026143383
30639,0.016463732
30640,0.06385753
30641,0.011081013
30642,0.15092811
30643,0.0519337
30644,0.032725245
30645,0.094033934
30646,0.11520655
30647,0.02404781
30648,0.025574904
30649,0.0641723
30650,0.96620554
30651,0.07348711
30652,0.116204776
30653,0.053854007
30654,0.040388152
30655,0.04233004
30656,0.04953267
30657,0.009685834
30658,0.016392624
30659,0.2872336
30660,0.026940156
30661,0.0041988315
30662,0.0020714095
30663,0.0035644982
30664,0.003946014
30665,0.013712598
30666,0.0597644
30667,0.12308473
30668,0.25864586
30669,0.046802673
30670,0.052378662
30671,0.39931267
30672,0.026849825
30673,0.019772405
30674,0.0040423716
30675,0.019802013
30676,0.0065990407
30677,0.048163462
30678,0.0055735926
30679,0.03781724
30680,0.24658711
30681,0.0723336
30682,0.010135244
30683,0.012159139
30684,0.008104171
30685,0.07976545
30686,0.25956777
30687,0.116022795
30688,0.085669845
30689,0.077862315
30690,0.02742311
30691,0.06141284
30692,0.020215113
30693,0.071079545
30694,0.27872738
30695,0.14674623
30696,0.0031207222
30697,0.009724134
30698,0.009966712
30699,0.020574003
30700,0.0055149933
30701,0.012502312
30702,0.0147200525
30703,0.01173953
30704,0.032534793
30705,0.06896746
30706,0.064727075
30707,0.12380449
30708,0.14242156
30709,0.012839724
30710,0.28754562
30711,0.012103526
30712,0.021277858
30713,0.0006399094
30714,0.0240483
30715,0.009409446
30716,0.008360212
30717,0.014465924
30718,0.01959722
30719,0.013193921
30720,0.030490167
30721,0.010308989
30722,0.015632747
30723,0.08098166
30724,0.053478576
30725,0.016045976
30726,0.05233592
30727,0.017283326
30728,0.005743041
30729,0.005170913
30730,0.0033918452
30731,0.11285893
30732,0.02534306
30733,0.04760196
30734,0.0026932808
30735,0.03281213
30736,0.019393021
30737,0.10543565
30738,0.017358541
30739,0.010462833
30740,0.40693095
30741,0.070267394
30742,0.06895614
30743,0.0696476
30744,0.09430855
30745,0.022136813
30746,0.007573743
30747,0.09543475
30748,0.014760236
30749,0.10884531
30750,0.15164794
30751,0.022928266
30752,0.036533013
30753,0.037862778
30754,0.030901263
30755,0.027706418
30756,0.004838427
30757,0.032813516
30758,0.009966381
30759,0.09284907
30760,0.07562331
30761,0.038520582
30762,0.009736368
30763,0.18826455
30764,0.01921397
30765,0.02405275
30766,0.03014657
30767,0.0012560352
30768,0.013728478
30769,0.052070193
30770,0.019950973
30771,0.02638938
30772,0.03377846
30773,0.008697319
30774,0.035398096
30775,0.39104646
30776,0.24149927
30777,0.01258182
30778,0.023103112
30779,0.11089113
30780,0.014699938
30781,0.019854357
30782,0.0364102
30783,0.044348568
30784,0.031665374
30785,0.039692484
30786,0.045775164
30787,0.015604261
30788,0.030622663
30789,0.041415464
30790,0.036181085
30791,0.036629494
30792,0.08186341
30793,0.03373792
30794,0.3924542
30795,0.038775682
30796,0.06231002
30797,0.40070564
30798,0.38307402
30799,0.025191143
30800,0.2522918
30801,0.060631815
30802,0.3859594
30803,0.073123634
30804,0.12582536
30805,0.05636035
30806,0.014329561
30807,0.23930867
30808,0.006582407
30809,0.033336077
30810,0.012408193
30811,0.39845473
30812,0.027557408
30813,0.6721458
30814,0.25229374
30815,0.03939632
30816,0.2647848
30817,0.012406794
30818,0.028906187
30819,0.023607088
30820,0.041833714
30821,0.01338519
30822,0.036392253
30823,0.10013988
30824,0.39447504
30825,0.5136833
30826,0.50117093
30827,0.043260623
30828,0.068771236
30829,0.1212514
30830,0.41687426
30831,0.054492217
30832,0.040511407
30833,0.07314178
30834,0.2088646
30835,0.03630811
30836,0.3926498
30837,0.23742248
30838,0.25444826
30839,0.50681865
30840,0.108743556
30841,0.017680408
30842,0.49808455
30843,0.06754213
30844,0.17305326
30845,0.051475197
30846,0.052153587
30847,0.034490213
30848,0.07655799
30849,0.08244213
30850,0.08540731
30851,0.22498716
30852,0.029377831
30853,0.029422576
30854,0.06799244
30855,0.2959663
30856,0.05225808
30857,0.054246195
30858,0.065566346
30859,0.08228514
30860,0.03554819
30861,0.022004263
30862,0.051764235
30863,0.15127172
30864,0.05080874
30865,0.3616356
30866,0.04818099
30867,0.044332884
30868,0.026992738
30869,0.018687116
30870,0.014420258
30871,0.44550273
30872,0.09049729
30873,0.06743331
30874,0.4289733
30875,0.31251466
30876,0.0076922136
30877,0.087200455
30878,0.058339126
30879,0.018037546
30880,0.011606532
30881,0.06925962
30882,0.0629879
30883,0.083302096
30884,0.26663467
30885,0.41968468
30886,0.19210213
30887,0.049738616
30888,0.032179754
30889,0.40425798
30890,0.02406481
30891,0.044759825
30892,0.009052137
30893,0.062181253
30894,0.040634006
30895,0.02548457
30896,0.25338063
30897,0.5139241
30898,0.08484746
30899,0.02593227
30900,0.029596006
30901,0.047269642
30902,0.06475229
30903,0.027321946
30904,0.013883564
30905,0.105990194
30906,0.17084461
30907,0.10447995
30908,0.09624953
30909,0.058534652
30910,0.005413648
30911,0.03127641
30912,0.030702522
30913,0.02967418
30914,0.0353609
30915,0.11663241
30916,0.06484815
30917,0.25760666
30918,0.024033498
30919,0.049583364
30920,0.037940126
30921,0.02227646
30922,0.022411285
30923,0.023432175
30924,0.044927966
30925,0.07732501
30926,0.49107742
30927,0.29523352
30928,0.054930285
30929,0.042830788
30930,0.10781599
30931,0.0740059
30932,0.010061315
30933,0.059085254
30934,0.028149094
30935,0.26140258
30936,0.026981184
30937,0.024976298
30938,0.033007152
30939,0.07349485
30940,0.08209002
30941,0.43632486
30942,0.40959167
30943,0.4208386
30944,0.0802633
30945,0.048463967
30946,0.025267182
30947,0.061893456
30948,0.050405305
30949,0.26703832
30950,0.058410916
30951,0.5242041
30952,0.1359486
30953,0.02377366
30954,0.124417886
30955,0.05492348
30956,0.05513651
30957,0.019451918
30958,0.006777561
30959,0.056620397
30960,0.007115651
30961,0.015237176
30962,0.018323122
30963,0.020490598
30964,0.0886413
30965,0.048679307
30966,0.09610334
30967,0.07519195
30968,0.1398421
30969,0.4145212
30970,0.43896112
30971,0.08360626
30972,0.030458068
30973,0.10512795
30974,0.015239079
30975,0.038654733
30976,0.0035149371
30977,0.10180669
30978,0.07003641
30979,0.13819453
30980,0.048373718
30981,0.1239996
30982,0.0415457
30983,0.06310437
30984,0.033158857
30985,0.013490821
30986,0.021493323
30987,0.1420299
30988,0.064614795
30989,0.028992364
30990,0.023900516
30991,0.03545822
30992,0.06333245
30993,0.09296492
30994,0.14716701
30995,0.12749118
30996,0.26635084
30997,0.262867
30998,0.26265177
30999,0.01618994
31000,0.1123255
31001,0.012844199
31002,0.058920335
31003,0.0070047323
31004,0.051361658
31005,0.098784976
31006,0.03807109
31007,0.05520182
31008,0.043513514
31009,0.009514792
31010,0.0534021
31011,0.084921114
31012,0.030278997
31013,0.05804042
31014,0.019793732
31015,0.027237726
31016,0.08875036
31017,0.013674936
31018,0.036956362
31019,0.119448
31020,0.06909394
31021,0.25553837
31022,0.56146514
31023,0.1322183
31024,0.13492997
31025,0.0802002
31026,0.092215195
31027,0.08866584
31028,0.09473357
31029,0.06448571
31030,0.29499924
31031,0.07791893
31032,0.08849278
31033,0.06325675
31034,0.07915316
31035,0.014966228
31036,0.02521561
31037,0.018681124
31038,0.021675702
31039,0.042732455
31040,0.30740353
31041,0.077428
31042,0.056136787
31043,0.13710116
31044,0.7603946
31045,0.120544285
31046,0.022103835
31047,0.2557368
31048,0.0741388
31049,0.26464084
31050,0.27989638
31051,0.073264286
31052,0.022401514
31053,0.06174027
31054,0.064605825
31055,0.12014859
31056,0.25536695
31057,0.047525413
31058,0.2528549
31059,0.088452
31060,0.0065752156
31061,0.07252231
31062,0.0069737076
31063,0.016159683
31064,0.022268085
31065,0.06377384
31066,0.079086185
31067,0.0165744
31068,0.1468051
31069,0.16467462
31070,0.25936663
31071,0.10583144
31072,0.045405116
31073,0.13101038
31074,0.16914931
31075,0.38709784
31076,0.06644021
31077,0.0611275
31078,0.025632488
31079,0.07792435
31080,0.54094684
31081,0.043767244
31082,0.12544666
31083,0.38354328
31084,0.24672456
31085,0.016035536
31086,0.007849064
31087,0.046174146
31088,0.06568167
31089,0.2709323
31090,0.43904436
31091,0.020370254
31092,0.115121916
31093,0.11440645
31094,0.2570752
31095,0.16709854
31096,0.16115816
31097,0.19900884
31098,0.41080484
31099,0.094808735
31100,0.02371114
31101,0.065578125
31102,0.11406951
31103,0.071740605
31104,0.20315266
31105,0.9504719
31106,0.054851376
31107,0.41055033
31108,0.017143322
31109,0.057694536
31110,0.279381
31111,0.012649419
31112,0.055941112
31113,0.09172898
31114,0.023502486
31115,0.054484654
31116,0.46084374
31117,0.21343787
31118,0.11313614
31119,0.26391098
31120,0.15720408
31121,0.2715492
31122,0.40596244
31123,0.39724773
31124,0.2749184
31125,0.12862712
31126,0.14299135
31127,0.9898284
31128,0.47541028
31129,0.4541562
31130,0.026265115
31131,0.15369423
31132,0.07530398
31133,0.027252868
31134,0.02375009
31135,0.01134881
31136,0.06250568
31137,0.008364394
31138,0.010822503
31139,0.022412838
31140,0.04818398
31141,0.07959193
31142,0.12475428
31143,0.11838301
31144,0.1325952
31145,0.10875764
31146,0.2553731
31147,0.2632209
31148,0.025221726
31149,0.123593256
31150,0.4522065
31151,0.02154023
31152,0.07268492
31153,1.0136287
31154,0.9711186
31155,0.59797233
31156,0.006979089
31157,0.026185263
31158,0.09746418
31159,0.41427812
31160,0.09353395
31161,0.063649274
31162,0.023533922
31163,0.009607978
31164,0.05786394
31165,0.07787781
31166,0.0590782
31167,0.013832974
31168,0.41604817
31169,0.02891538
31170,0.04165044
31171,0.13997483
31172,0.1395194
31173,0.06438089
31174,0.059789967
31175,0.3973513
31176,0.25727832
31177,0.024118667
31178,0.2540972
31179,0.122042604
31180,0.12372546
31181,0.97978497
31182,0.8612377
31183,0.60847664
31184,0.016727723
31185,0.23074149
31186,0.027654748
31187,0.011498752
31188,0.424289
31189,0.10605332
31190,0.20193793
31191,0.05045081
31192,0.10457495
31193,0.016779304
31194,0.102274664
31195,0.12186626
31196,0.1515454
31197,0.17055164
31198,0.51725096
31199,0.4922146
31200,0.26402718
31201,0.16819203
31202,0.11158888
31203,0.07390069
31204,0.13181478
31205,0.052457605
31206,0.03288159
31207,0.022100242
31208,0.14525735
31209,0.15338922
31210,0.072794214
31211,0.12205615
31212,0.026645256
31213,0.94638276
31214,1.050846
31215,0.9738632
31216,0.12752688
31217,0.055777036
31218,0.1455772
31219,0.41886696
31220,0.027736723
31221,0.0038446363
31222,0.017896106
31223,0.017684406
31224,0.04096045
31225,0.112992294
31226,0.05935255
31227,0.43818107
31228,0.98694885
31229,0.09382485
31230,0.13768268
31231,0.116547145
31232,0.16808146
31233,0.0899231
31234,0.39734235
31235,0.24865958
31236,0.04345348
31237,0.107979104
31238,0.12751697
31239,0.12708119
31240,0.058738805
31241,0.025996082
31242,0.44528377
31243,0.44286403
31244,0.259569
31245,0.08700609
31246,0.028743628
31247,0.12612535
31248,0.013374129
31249,0.0865718
31250,0.20567083
31251,0.029556084
31252,0.050647423
31253,0.04909074
31254,0.01271302
31255,0.018439155
31256,0.047443416
31257,0.051502146
31258,0.42263928
31259,0.71618265
31260,0.26803842
31261,0.19265617
31262,0.14897144
31263,0.1754614
31264,0.15942152
31265,0.5558444
31266,0.07092813
31267,0.03996161
31268,0.03348709
31269,0.15611315
31270,0.16439736
31271,0.15498406
31272,0.4463891
31273,0.27223215
31274,0.15885562
31275,1.0569506
31276,0.14367428
31277,0.019168392
31278,0.1455315
31279,0.25972056
31280,0.022872249
31281,0.066644885
31282,0.46596304
31283,0.06332404
31284,0.040178098
31285,0.04027423
31286,0.051590096
31287,0.16358928
31288,0.4459757
31289,0.27405843
31290,0.5151032
31291,0.27650043
31292,0.16449326
31293,0.1672752
31294,0.26975206
31295,0.024465056
31296,0.16677389
31297,0.084902756
31298,0.06536219
31299,0.4817726
31300,0.41850442
31301,0.06591975
31302,0.5360636
31303,0.45957357
31304,0.09934373
31305,0.13556235
31306,0.09804046
31307,0.058210418
31308,0.013561461
31309,0.01405404
31310,0.0038469832
31311,0.024639659
31312,0.0603288
31313,0.108784534
31314,0.11257971
31315,0.16326788
31316,0.42131978
31317,0.90767443
31318,0.41799977
31319,0.26219237
31320,0.5624711
31321,0.109791175
31322,0.078224964
31323,0.082434766
31324,0.15425411
31325,0.39714554
31326,0.07517411
31327,0.030696742
31328,0.075135365
31329,0.14836968
31330,0.019425726
31331,0.056251217
31332,0.1329879
31333,0.023550697
31334,0.017760327
31335,0.044254
31336,0.02466431
31337,0.019123454
31338,0.03296268
31339,0.08438641
31340,0.06547283
31341,0.10514315
31342,0.4429733
31343,0.26099446
31344,0.42557624
31345,0.76031476
31346,0.6053325
31347,0.23869875
31348,0.2486428
31349,0.051694367
31350,0.019505432
31351,0.06526002
31352,0.13779733
31353,0.019873217
31354,0.9927837
31355,0.061713547
31356,0.01903877
31357,0.07462966
31358,0.06410768
31359,0.26690325
31360,0.05953324
31361,0.049915336
31362,0.02754996
31363,0.10807455
31364,0.1398229
31365,0.5992739
31366,0.4257108
31367,0.2737959
31368,1.1676369
31369,0.41415334
31370,0.50387996
31371,0.16297615
31372,0.032575734
31373,0.041647453
31374,0.06095404
31375,0.05664768
31376,0.021101138
31377,0.079017766
31378,0.41980034
31379,0.11277615
31380,0.37309402
31381,0.033977464
31382,0.12754603
31383,0.14287557
31384,0.15017295
31385,0.26155275
31386,0.049652223
31387,0.026984574
31388,0.008549701
31389,0.050872974
31390,0.16412844
31391,0.9745023
31392,0.49574432
31393,0.67108136
31394,0.44404152
31395,0.37538508
31396,0.17859694
31397,0.25238198
31398,0.053017143
31399,0.028508432
31400,0.017626567
31401,0.017592523
31402,0.047284152
31403,0.032729544
31404,0.14605898
31405,0.1556869
31406,0.096529014
31407,0.3715358
31408,0.030039664
31409,0.086980544
31410,0.40431866
31411,0.050307546
31412,0.14061616
31413,0.26261583
31414,0.043485917
31415,0.017450858
31416,0.25999653
31417,0.26508653
31418,0.090044945
31419,0.124977626
31420,0.11803248
31421,0.09634132
31422,0.047935672
31423,0.14172134
31424,0.13068067
31425,0.011618868
31426,0.25813168
31427,0.014289981
31428,0.11896695
31429,0.04649833
31430,0.030723872
31431,0.13702132
31432,0.045725692
31433,0.063277625
31434,0.05632145
31435,0.185094
31436,0.37386963
31437,0.5511254
31438,0.107567914
31439,0.0038075212
31440,0.017865485
31441,0.070081934
31442,0.079338215
31443,0.144305
31444,0.012072024
31445,0.034785815
31446,0.015386669
31447,0.03306279
31448,0.020211414
31449,0.010049711
31450,0.026985183
31451,0.08774846
31452,0.10623883
31453,0.40398866
31454,0.022684066
31455,0.02364351
31456,0.04415896
31457,0.08747583
31458,0.11511664
31459,0.38995707
31460,0.109137185
31461,0.0074974303
31462,0.14229646
31463,0.040511206
31464,0.018912172
31465,0.09174821
31466,0.13994199
31467,0.06164021
31468,0.020569157
31469,0.011240498
31470,0.20000695
31471,0.035112757
31472,0.0123536
31473,0.015767619
31474,0.02476707
31475,0.14269432
31476,0.08238573
31477,0.05454298
31478,0.024666775
31479,0.03560297
31480,0.07423157
31481,0.29025537
31482,0.033603046
31483,0.02277819
31484,0.029905176
31485,0.048832033
31486,0.077430785
31487,0.26744378
31488,0.07720613
31489,0.19082226
31490,0.108213656
31491,0.028488627
31492,0.014426771
31493,0.056029104
31494,0.05955864
31495,0.031163136
31496,0.28318822
31497,0.0140774995
31498,0.24780723
31499,0.014519278
31500,0.099972375
31501,0.063221544
31502,0.28775796
31503,0.58807456
31504,0.24509887
31505,0.089643985
31506,0.090530455
31507,0.05071142
31508,0.047424573
31509,0.10004719
31510,0.09581139
31511,0.10225264
31512,0.9569383
31513,0.019730806
31514,0.09176316
31515,0.018337533
31516,0.09492045
31517,0.08494101
31518,0.019094475
31519,0.042349994
31520,0.1363292
31521,0.46956456
31522,0.083672866
31523,0.23695493
31524,0.016182527
31525,0.0881537
31526,0.015694596
31527,0.097236425
31528,0.027608208
31529,0.025000557
31530,0.05765062
31531,0.06601591
31532,0.026833076
31533,0.06274897
31534,0.011465481
31535,0.1490449
31536,0.04447108
31537,0.052712783
31538,0.018679805
31539,0.0343991
31540,0.096130654
31541,0.11276431
31542,0.026395636
31543,0.066735305
31544,0.9454384
31545,0.07688479
31546,0.11505233
31547,0.054068916
31548,0.03966497
31549,0.043335106
31550,0.04985485
31551,0.015291799
31552,0.40079635
31553,0.027563825
31554,0.0045788228
31555,0.001320113
31556,0.004005169
31557,0.003064343
31558,0.061428577
31559,0.12343107
31560,0.0243136
31561,0.1246335
31562,0.04660308
31563,0.028112985
31564,0.05396196
31565,0.39061314
31566,0.030287849
31567,0.022015357
31568,0.018364353
31569,0.048322786
31570,0.24187411
31571,0.07212536
31572,0.010177109
31573,0.012602094
31574,0.08217112
31575,0.15439074
31576,0.25841105
31577,0.08711872
31578,0.07446705
31579,0.06202368
31580,0.01938998
31581,0.06861158
31582,0.27293164
31583,0.24337552
31584,0.007776657
31585,0.03200539
31586,0.010877613
31587,0.0108894585
31588,0.0154535305
31589,0.00871597
31590,0.012930454
31591,0.032211117
31592,0.06945174
31593,0.06448159
31594,0.12529558
31595,0.010767174
31596,0.014320077
31597,0.14546594
31598,0.01143569
31599,0.28559357
31600,0.023846906
31601,0.008416912
31602,0.008469088
31603,0.015864393
31604,0.020102974
31605,0.012911027
31606,0.029430347
31607,0.014548821
31608,0.079568036
31609,0.028004276
31610,0.05307177
31611,0.016275559
31612,0.05269726
31613,0.015202527
31614,0.004820947
31615,0.109767705
31616,0.026338186
31617,0.047254194
31618,0.0031358881
31619,0.031935
31620,0.10426524
31621,0.012886101
31622,0.013935855
31623,0.4119969
31624,0.06994371
31625,0.0716091
31626,0.07285
31627,0.091395
31628,0.022655692
31629,0.008041245
31630,0.09379986
31631,0.0134621635
31632,0.10802107
31633,0.012258965
31634,0.1487109
31635,0.02986894
31636,0.035151377
31637,0.036247056
31638,0.029508652
31639,0.028239675
31640,0.009531408
31641,0.032766245
31642,0.010299447
31643,0.010608634
31644,0.0050157565
31645,0.0069496976
31646,0.09066989
31647,0.07476922
31648,0.039360825
31649,0.1893337
31650,0.0242546
31651,0.007737517
31652,0.013673929
31653,0.05185705
31654,0.012286237
31655,0.02581284
31656,0.03137287
31657,0.13425207
31658,0.24716488
31659,0.01402779
31660,0.11163926
31661,0.022567566
31662,0.047430214
31663,0.026167693
31664,0.032908607
31665,0.047364507
31666,0.042917125
31667,0.062002186
31668,0.016056795
31669,0.028354064
31670,0.03259347
31671,0.040569726
31672,0.042146545
31673,0.09131758
31674,0.03964297
31675,0.3713103
31676,0.037284385
31677,0.23733614
31678,0.36251265
31679,0.37181517
31680,0.02336986
31681,0.04684775
31682,0.26901403
31683,0.07332651
31684,0.3845892
31685,0.0846722
31686,0.26548824
31687,0.0619866
31688,0.022194723
31689,0.25259274
31690,0.011770978
31691,0.25942674
31692,0.7962816
31693,0.2708994
31694,0.05049205
31695,0.04295817
31696,0.1357906
31697,0.06625982
31698,0.028899763
31699,0.04659818
31700,0.037008252
31701,0.1053473
31702,0.27161747
31703,0.5818528
31704,0.51465195
31705,0.04717407
31706,0.07756881
31707,0.12677099
31708,0.27444082
31709,0.057200033
31710,0.042121056
31711,0.07083998
31712,0.084108
31713,0.40302157
31714,0.12908833
31715,0.2580973
31716,0.5468625
31717,0.115387544
31718,0.028608914
31719,0.5429379
31720,0.02007811
31721,0.068574615
31722,0.29670164
31723,0.055871654
31724,0.054082032
31725,0.031515975
31726,0.08666373
31727,0.027544161
31728,0.21918748
31729,0.097607635
31730,0.09074768
31731,0.034015737
31732,0.029452113
31733,0.07903283
31734,0.16875167
31735,0.05322735
31736,0.009908138
31737,0.03623202
31738,0.06108067
31739,0.064693466
31740,0.08590334
31741,0.035374414
31742,0.036129918
31743,0.04123218
31744,0.02503564
31745,0.27290797
31746,0.06127873
31747,0.3752513
31748,0.019408612
31749,0.053395562
31750,0.044347566
31751,0.013867948
31752,0.018335754
31753,0.46426743
31754,0.10153249
31755,0.077097744
31756,0.41540152
31757,0.47488436
31758,0.017150272
31759,0.09517281
31760,0.05956565
31761,0.02128097
31762,0.024214696
31763,0.039322466
31764,0.078891
31765,0.07472904
31766,0.08931582
31767,0.35690948
31768,0.42737892
31769,0.19312607
31770,0.056219496
31771,0.013139095
31772,0.0361453
31773,0.029254943
31774,0.03737077
31775,0.3746831
31776,0.02439638
31777,0.048280004
31778,0.0122757
31779,0.07051199
31780,0.046428043
31781,0.26427668
31782,0.5312295
31783,0.10219238
31784,0.031175856
31785,0.050267633
31786,0.071971886
31787,0.029651362
31788,0.01489989
31789,0.11217505
31790,0.28007862
31791,0.10506697
31792,0.10196599
31793,0.057461325
31794,0.0069241542
31795,0.032918524
31796,0.032502405
31797,0.032070648
31798,0.036615327
31799,0.1208359
31800,0.06762654
31801,0.2513461
31802,0.024987618
31803,0.05284297
31804,0.037979614
31805,0.025071021
31806,0.024025895
31807,0.023997108
31808,0.04718434
31809,0.007253706
31810,0.027083611
31811,0.082870625
31812,0.4797638
31813,0.40827325
31814,0.054323383
31815,0.043602612
31816,0.042447075
31817,0.11017078
31818,0.074462846
31819,0.01201531
31820,0.059619498
31821,0.014915358
31822,0.02834106
31823,0.2680557
31824,0.025967386
31825,0.025316816
31826,0.032155897
31827,0.07230429
31828,0.082152225
31829,0.43555525
31830,0.26419216
31831,0.26763737
31832,0.07935272
31833,0.049387857
31834,0.024171788
31835,0.06212545
31836,0.055870153
31837,0.40679535
31838,0.059712235
31839,0.5475656
31840,0.13696447
31841,0.013013168
31842,0.12818111
31843,0.059136156
31844,0.05664925
31845,0.019502552
31846,0.010714735
31847,0.058252152
31848,0.018069806
31849,0.021643076
31850,0.09285446
31851,0.048127357
31852,0.09798993
31853,0.077978745
31854,0.14094597
31855,0.2767923
31856,0.45185003
31857,0.08462978
31858,0.029491674
31859,0.10635629
31860,0.017088054
31861,0.040599767
31862,0.1040041
31863,0.07041825
31864,0.13481772
31865,0.047324907
31866,0.12253263
31867,0.04059756
31868,0.06316362
31869,0.033065766
31870,0.018654764
31871,0.14724107
31872,0.01033981
31873,0.03029584
31874,0.06978243
31875,0.02849068
31876,0.006729383
31877,0.011289664
31878,0.024357125
31879,0.03503325
31880,0.0632443
31881,0.09124028
31882,0.14673854
31883,0.13150145
31884,0.418982
31885,0.40460083
31886,0.2710096
31887,0.018452127
31888,0.11179313
31889,0.0097875735
31890,0.060114294
31891,0.05266286
31892,0.109338924
31893,0.024668593
31894,0.058263205
31895,0.04276326
31896,0.011636389
31897,0.057038113
31898,0.088995725
31899,0.033621635
31900,0.059170585
31901,0.0033316512
31902,0.02059106
31903,0.027797695
31904,0.00848842
31905,0.08758339
31906,0.013658598
31907,0.03693571
31908,0.120671876
31909,0.069711775
31910,0.15604219
31911,0.557625
31912,0.13008666
31913,0.13885376
31914,0.08124096
31915,0.097905725
31916,0.08971405
31917,0.09415656
31918,0.06170925
31919,0.02489095
31920,0.28795275
31921,0.073516846
31922,0.08977678
31923,0.07117374
31924,0.08096841
31925,0.024550704
31926,0.016453853
31927,0.02226945
31928,0.045991443
31929,0.30876607
31930,0.079630874
31931,0.054950226
31932,0.13240509
31933,0.81512445
31934,0.11817861
31935,0.023395961
31936,0.2532221
31937,0.07302019
31938,0.19366522
31939,0.2731699
31940,0.07455307
31941,0.02143413
31942,0.060503542
31943,0.06680332
31944,0.12081503
31945,0.15665568
31946,0.04812122
31947,0.15567037
31948,0.0925306
31949,0.007046426
31950,0.07465756
31951,0.009009155
31952,0.016675644
31953,0.021016503
31954,0.06354748
31955,0.078257635
31956,0.022068162
31957,0.14637297
31958,0.16216017
31959,0.27322355
31960,0.10772057
31961,0.043110427
31962,0.13108304
31963,0.2588199
31964,0.26878256
31965,0.06897631
31966,0.067142166
31967,0.026224514
31968,0.07823036
31969,0.5135479
31970,0.04631627
31971,0.1484119
31972,0.38667384
31973,0.24858269
31974,0.013171659
31975,0.0074185333
31976,0.010229755
31977,0.04646107
31978,0.063452445
31979,0.4526563
31980,0.4248748
31981,0.11279372
31982,0.115821965
31983,0.25008655
31984,0.25802407
31985,0.15804791
31986,0.19589956
31987,0.40178
31988,0.09507826
31989,0.0671764
31990,0.112795025
31991,0.070063695
31992,0.19857596
31993,0.90418607
31994,0.0060248054
31995,0.060310315
31996,0.39312297
31997,0.015130444
31998,0.059430715
31999,0.28309235
32000,0.011263173
32001,0.01308999
32002,0.053940345
32003,0.09188637
32004,0.019428188
32005,0.052883655
32006,0.012619708
32007,0.48775765
32008,0.063121684
32009,0.10543133
32010,0.41753975
32011,0.1608125
32012,0.19938484
32013,0.40343797
32014,0.4099041
32015,0.17767946
32016,0.12250193
32017,0.1406904
32018,0.97129977
32019,0.44051787
32020,0.45575687
32021,0.012584167
32022,0.026539281
32023,0.25305253
32024,0.01959323
32025,0.0780258
32026,0.02747628
32027,0.009254688
32028,0.063549444
32029,0.020312134
32030,0.04828459
32031,0.079096735
32032,0.1259695
32033,0.120651856
32034,0.12620045
32035,0.11241683
32036,0.25779268
32037,0.26953787
32038,0.12574877
32039,0.27965772
32040,0.02091816
32041,0.068612464
32042,0.97036576
32043,0.95535344
32044,0.5907698
32045,0.007971252
32046,0.019745694
32047,0.10302377
32048,0.45266753
32049,0.09614922
32050,0.064593546
32051,0.025461324
32052,0.05771886
32053,0.07637678
32054,0.057372864
32055,0.015312979
32056,0.4512877
32057,0.029445121
32058,0.042645115
32059,0.13332936
32060,0.14293113
32061,0.06476384
32062,0.060879394
32063,0.3898572
32064,0.25594535
32065,0.025887195
32066,0.26056954
32067,0.12687947
32068,0.12748253
32069,0.9810646
32070,0.94073725
32071,0.53916025
32072,0.07686583
32073,0.0280862
32074,0.0111365095
32075,0.45090058
32076,0.108348735
32077,0.289331
32078,0.053956855
32079,0.1103332
32080,0.018247306
32081,0.09983211
32082,0.12085186
32083,0.1462915
32084,0.16118345
32085,0.53362185
32086,0.5065686
32087,0.2714179
32088,0.16936444
32089,0.11189906
32090,0.0742657
32091,0.13292587
32092,0.05279267
32093,0.032608174
32094,0.25314516
32095,0.15047568
32096,0.07078445
32097,0.12287059
32098,0.02745712
32099,0.9614519
32100,1.0368743
32101,0.96649
32102,0.12519751
32103,0.05886132
32104,0.25975576
32105,0.45766023
32106,0.025675192
32107,0.016726948
32108,0.015378849
32109,0.03844974
32110,0.1156245
32111,0.05983831
32112,0.4578822
32113,1.0626005
32114,0.093134575
32115,0.13706562
32116,0.118856676
32117,0.16313028
32118,0.08864181
32119,0.24627504
32120,0.24148442
32121,0.04031696
32122,0.1091131
32123,0.12357565
32124,0.1263278
32125,0.060181532
32126,0.026259903
32127,0.45369834
32128,0.43245584
32129,0.25445667
32130,0.089025386
32131,0.030285046
32132,0.12647906
32133,0.011063634
32134,0.084788755
32135,0.29238984
32136,0.031960234
32137,0.05150551
32138,0.044750378
32139,0.011927479
32140,0.019958237
32141,0.048817083
32142,0.050487783
32143,0.42303604
32144,0.7193
32145,0.27430022
32146,0.1929238
32147,0.14250551
32148,0.17115755
32149,0.15920678
32150,0.5727233
32151,0.06957818
32152,0.024462132
32153,0.04186268
32154,0.034878198
32155,0.15952718
32156,0.16781768
32157,0.15019874
32158,0.44564942
32159,0.4421492
32160,0.15842198
32161,1.0483717
32162,0.14863539
32163,0.019439943
32164,0.25847563
32165,0.17976837
32166,0.026768925
32167,0.06739096
32168,0.48336804
32169,0.06174289
32170,0.0391687
32171,0.036158897
32172,0.05263592
32173,0.15956043
32174,0.45771745
32175,0.41213632
32176,0.5515626
32177,0.45307365
32178,0.1617381
32179,0.16766097
32180,0.4011409
32181,0.02620614
32182,0.16701457
32183,0.084705174
32184,0.06417336
32185,0.51061976
32186,0.27147838
32187,0.06874899
32188,0.51953524
32189,0.27637622
32190,0.10246696
32191,0.13269751
32192,0.10597646
32193,0.06215728
32194,0.012296434
32195,0.029170219
32196,0.05750355
32197,0.10427293
32198,0.11582381
32199,0.15984662
32200,0.44191137
32201,0.8845788
32202,0.44312254
32203,0.39680958
32204,0.58844197
32205,0.10993664
32206,0.077277
32207,0.08371474
32208,0.25508955
32209,0.40380284
32210,0.076226845
32211,0.031308144
32212,0.0743824
32213,0.15004846
32214,0.019319339
32215,0.056871086
32216,0.12593138
32217,0.026536284
32218,0.023793915
32219,0.020567251
32220,0.03358557
32221,0.08082975
32222,0.06399804
32223,0.10466734
32224,0.4435131
32225,0.26614657
32226,0.42631215
32227,0.8126673
32228,0.5886196
32229,0.40462577
32230,0.2538347
32231,0.0013648424
32232,0.054239813
32233,0.021281404
32234,0.065033406
32235,0.13983622
32236,0.019882986
32237,0.03828325
32238,0.95308614
32239,0.062939435
32240,0.020949624
32241,0.0774058
32242,0.06557425
32243,0.13309705
32244,0.0468399
32245,0.059685923
32246,0.020551749
32247,0.05796707
32248,0.02726169
32249,0.105632514
32250,0.133615
32251,0.6234655
32252,0.4614935
32253,0.27447915
32254,1.2020693
32255,0.42695272
32256,0.51866066
32257,0.1581769
32258,0.04222374
32259,0.03320888
32260,0.047819067
32261,0.061465017
32262,0.057128295
32263,0.04538699
32264,0.079161085
32265,0.4329339
32266,0.11560098
32267,0.36332637
32268,0.032782804
32269,0.136341
32270,0.14747252
32271,0.15669583
32272,0.18171676
32273,0.05326004
32274,0.026999915
32275,0.048639305
32276,0.15951242
32277,1.0268487
32278,0.449661
32279,0.6945669
32280,0.4426646
32281,0.40313438
32282,0.17567936
32283,0.24934617
32284,0.05398151
32285,0.026544875
32286,0.019304555
32287,0.04958295
32288,0.03399863
32289,0.15091807
32290,0.15326014
32291,0.098400034
32292,0.29200196
32293,0.030813616
32294,0.08976872
32295,0.39915615
32296,0.0519638
32297,0.14732999
32298,0.008513941
32299,0.010079679
32300,0.14017633
32301,0.4060944
32302,0.04419379
32303,0.26634565
32304,0.17796451
32305,0.089559734
32306,0.12933674
32307,0.1182923
32308,0.0980634
32309,0.04675243
32310,0.14359774
32311,0.13674694
32312,0.05254636
32313,0.011924754
32314,0.26193216
32315,0.017288001
32316,0.12281117
32317,0.049999863
32318,0.032018814
32319,0.1362513
32320,0.044674058
32321,0.064328924
32322,0.015043016
32323,0.05739201
32324,0.18295725
32325,0.38062873
32326,0.59853065
32327,0.10791732
32328,0.02058386
32329,0.026616273
32330,0.0727233
32331,0.021826059
32332,0.079659484
32333,0.25778762
32334,0.0143893575
32335,0.036444895
32336,0.01825097
32337,0.037710138
32338,0.021203132
32339,0.030207267
32340,0.08680406
32341,0.10863668
32342,0.41753918
32343,0.022568995
32344,0.026779309
32345,0.04547113
32346,0.08722633
32347,0.11978597
32348,0.37777576
32349,0.10955567
32350,0.0053349556
32351,0.24909933
32352,0.04270267
32353,0.09442631
32354,0.1434259
32355,0.06566994
32356,0.0119787
32357,0.02115389
32358,0.012742782
32359,0.29289272
32360,0.03585263
32361,0.0140786115
32362,0.018767716
32363,0.024399875
32364,0.14080821
32365,0.08186843
32366,0.055807754
32367,0.024124973
32368,0.03610113
32369,0.07778267
32370,0.29682693
32371,0.033897292
32372,0.023098404
32373,0.032544084
32374,0.049997404
32375,0.07733593
32376,0.26361609
32377,0.07950743
32378,0.2773354
32379,0.11148024
32380,0.029415656
32381,0.017855102
32382,0.057715368
32383,0.06230771
32384,0.029627774
32385,0.42874983
32386,0.016803473
32387,0.15904729
32388,0.014690905
32389,0.09864787
32390,0.06499428
32391,0.016763749
32392,0.29401007
32393,0.6207082
32394,0.24820748
32395,0.0984769
32396,0.09211293
32397,0.054498035
32398,0.04960993
32399,0.101234816
32400,0.1019101
32401,0.10534047
32402,0.92212546
32403,0.023455271
32404,0.0992632
32405,0.01813181
32406,0.09942441
32407,0.08949465
32408,0.019117879
32409,0.14769469
32410,0.4724433
32411,0.08162117
32412,0.24558723
32413,0.024338309
32414,0.09599375
32415,0.0140909515
32416,0.09624509
32417,0.027219733
32418,0.003039773
32419,0.023492133
32420,0.059077498
32421,0.06743956
32422,0.02359591
32423,0.01784816
32424,0.0640239
32425,0.15735944
32426,0.05034667
32427,0.057694256
32428,0.022465633
32429,0.034833636
32430,0.09900594
32431,0.11632175
32432,0.025139542
32433,0.027837895
32434,0.069423616
32435,0.9663342
32436,0.07437577
32437,0.124024995
32438,0.05572592
32439,0.044936247
32440,0.04500221
32441,0.047652435
32442,0.010343703
32443,0.016831696
32444,0.42666334
32445,0.027272105
32446,0.016574027
32447,0.26137847
32448,0.027796527
32449,0.12851135
32450,0.048977025
32451,0.030378764
32452,0.060405515
32453,0.40773287
32454,0.029303014
32455,0.022714155
32456,0.019721156
32457,0.048004195
32458,0.006357402
32459,0.037324175
32460,0.35783923
32461,0.07369896
32462,0.013914512
32463,0.08564856
32464,0.15899195
32465,0.116971895
32466,0.09088679
32467,0.07986571
32468,0.028898083
32469,0.06587222
32470,0.020521652
32471,0.07873641
32472,0.28531638
32473,0.24997135
32474,0.030002408
32475,0.010992286
32476,0.010523315
32477,0.014808141
32478,0.009819231
32479,0.03387421
32480,0.073081315
32481,0.06769041
32482,0.13446265
32483,0.010251616
32484,0.15009274
32485,0.0149049
32486,0.30541578
32487,0.01326416
32488,0.021436688
32489,0.0035423718
32490,0.023120083
32491,0.0076429467
32492,0.016033472
32493,0.019758556
32494,0.0058506485
32495,0.014434373
32496,0.029695442
32497,0.02032028
32498,0.031002458
32499,0.05568369
32500,0.018547522
32501,0.059923653
32502,0.007332977
32503,0.0034876792
32504,0.12012888
32505,0.02799476
32506,0.049558233
32507,0.0338056
32508,0.019999757
32509,0.11294024
32510,0.021783473
32511,0.013586797
32512,0.014408359
32513,0.30956945
32514,0.0729514
32515,0.078522824
32516,0.08472553
32517,0.013734911
32518,0.09785004
32519,0.023672929
32520,0.009159812
32521,0.09730872
32522,0.016068583
32523,0.11165791
32524,0.1584544
32525,0.031826805
32526,0.037670963
32527,0.039344385
32528,0.031852685
32529,0.028442534
32530,0.011077082
32531,0.0024639722
32532,0.007921345
32533,0.0041440926
32534,0.0071994434
32535,0.03303456
32536,0.011257612
32537,0.007014146
32538,0.007859585
32539,0.10145974
32540,0.083956465
32541,0.013286612
32542,0.1996659
32543,0.025171082
32544,0.009821379
32545,0.0152284745
32546,0.05470111
32547,0.020029012
32548,0.027958302
32549,0.034371026
32550,0.010858252
32551,0.012786386
32552,0.035082597
32553,0.2667565
32554,0.26591665
32555,0.12985523
32556,0.019181546
32557,0.022983994
32558,0.006673575
32559,0.044966623
32560,0.025460823
32561,0.033620328
32562,0.035771195
32563,0.0337355
32564,0.027047483
32565,0.056638926
32566,0.03220348
32567,0.03154979
32568,0.051304467
32569,0.03914771
32570,0.09059741
32571,0.043835796
32572,0.03838327
32573,0.0319122
32574,0.3537961
32575,0.037406977
32576,0.0759818
32577,0.028566318
32578,0.27374914
32579,0.3785146
32580,0.022629835
32581,0.045346804
32582,0.28161716
32583,0.07031829
32584,0.3959649
32585,0.083525114
32586,0.36563325
32587,0.096244514
32588,0.14283128
32589,0.8069495
32590,0.1425687
32591,0.049666863
32592,0.047016848
32593,0.2838727
32594,0.065796
32595,0.030319806
32596,0.04283489
32597,0.014575751
32598,0.041098658
32599,0.10351697
32600,0.26908273
32601,0.6258226
32602,0.53649914
32603,0.043777958
32604,0.083715685
32605,0.12283496
32606,0.15478921
32607,0.05782897
32608,0.041746244
32609,0.071490355
32610,0.09084576
32611,0.028993003
32612,0.3981658
32613,0.13487482
32614,0.25586805
32615,0.5742181
32616,0.11880638
32617,0.023448365
32618,0.49496675
32619,0.06754202
32620,0.30827197
32621,0.052136194
32622,0.051801123
32623,0.03620561
32624,0.085323155
32625,0.094336204
32626,0.22457223
32627,0.23434645
32628,0.03389285
32629,0.036012992
32630,0.08016734
32631,0.29498494
32632,0.051229265
32633,0.03708497
32634,0.059696905
32635,0.06740031
32636,0.08370619
32637,0.03280394
32638,0.03872498
32639,0.005564312
32640,0.042030748
32641,0.059004895
32642,0.26169702
32643,0.059647553
32644,0.37535065
32645,0.056502413
32646,0.044494677
32647,0.027668858
32648,0.013689318
32649,0.50159204
32650,0.101183474
32651,0.0801627
32652,0.44156718
32653,0.48412743
32654,0.093693994
32655,0.0630123
32656,0.02013375
32657,0.01650952
32658,0.04056873
32659,0.07453073
32660,0.21848558
32661,0.27326897
32662,0.45066035
32663,0.19643332
32664,0.05447602
32665,0.035637263
32666,0.030787336
32667,0.035262685
32668,0.27934638
32669,0.023161316
32670,0.044799566
32671,0.011940367
32672,0.013610433
32673,0.07369549
32674,0.045980617
32675,0.026765227
32676,0.2641204
32677,0.5930306
32678,0.095642075
32679,0.031844422
32680,0.053129174
32681,0.06835805
32682,0.030394727
32683,0.115040116
32684,0.18419972
32685,0.107647404
32686,0.10620054
32687,0.06371019
32688,0.030520841
32689,0.031157063
32690,0.036890972
32691,0.12206552
32692,0.069470696
32693,0.24654835
32694,0.026288684
32695,0.04902774
32696,0.038524006
32697,0.025694054
32698,0.023673667
32699,0.023086827
32700,0.04730584
32701,0.028801769
32702,0.08355558
32703,0.4804709
32704,0.42483452
32705,0.056076076
32706,0.04174904
32707,0.10612694
32708,0.07814658
32709,0.011177756
32710,0.060280036
32711,0.016289117
32712,0.029501835
32713,0.2670417
32714,0.027353832
32715,0.028065627
32716,0.031800065
32717,0.074146055
32718,0.08348741
32719,0.42442682
32720,0.4233925
32721,0.41708776
32722,0.08076142
32723,0.048333395
32724,0.027639268
32725,0.0641303
32726,0.049374323
32727,0.27192885
32728,0.05864438
32729,0.52837276
32730,0.1351377
32731,0.02235574
32732,0.12537014
32733,0.055110216
32734,0.054851472
32735,0.020908661
32736,0.012923266
32737,0.061894678
32738,0.020931276
32739,0.020579627
32740,0.09266669
32741,0.0469344
32742,0.24838957
32743,0.074648105
32744,0.13639116
32745,0.2724925
32746,0.45778397
32747,0.08510776
32748,0.029651579
32749,0.10544924
32750,0.016021486
32751,0.04036231
32752,0.021069745
32753,0.008614285
32754,0.10316949
32755,0.06974942
32756,0.13340119
32757,0.049120493
32758,0.11597598
32759,0.040469997
32760,0.060753398
32761,0.033840742
32762,0.012285565
32763,0.14612088
32764,0.06673201
32765,0.028904272
32766,0.010141312
32767,0.022483727
32768,0.03368592
32769,0.06382561
32770,0.090437315
32771,0.14713874
32772,0.12881011
32773,0.4204625
32774,0.26573786
32775,0.2687019
32776,0.017231906
32777,0.1133974
32778,0.06008851
32779,0.051715627
32780,0.10527069
32781,0.055078786
32782,0.039949324
32783,0.00944397
32784,0.053466275
32785,0.08471312
32786,0.029995551
32787,0.057881523
32788,0.0053977077
32789,0.08768927
32790,0.013882657
32791,0.038449187
32792,0.12244525
32793,0.0678897
32794,0.15567352
32795,0.5563573
32796,0.1331228
32797,0.25455764
32798,0.079547904
32799,0.09271477
32800,0.086591534
32801,0.09476707
32802,0.0614303
32803,0.006801707
32804,0.021625493
32805,0.2834567
32806,0.07516888
32807,0.08778462
32808,0.06425045
32809,0.0804588
32810,0.023051038
32811,0.016271533
32812,0.021803118
32813,0.04376213
32814,0.46171898
32815,0.0786671
32816,0.05668885
32817,0.13368571
32818,0.85260135
32819,0.12073658
32820,0.021484615
32821,0.24655038
32822,0.07256355
32823,0.1945614
32824,0.27114058
32825,0.07213245
32826,0.020148877
32827,0.059383668
32828,0.06503217
32829,0.11910247
32830,0.25321212
32831,0.049156286
32832,0.25270656
32833,0.08906165
32834,0.0041650464
32835,0.07597545
32836,0.020032374
32837,0.063452706
32838,0.078293845
32839,0.01719227
32840,0.14195201
32841,0.16145995
32842,0.26449317
32843,0.108961046
32844,0.041915525
32845,0.12820609
32846,0.16846019
32847,0.262049
32848,0.06402946
32849,0.008392188
32850,0.060685024
32851,0.025337938
32852,0.07778433
32853,0.5456158
32854,0.04223087
32855,0.14557405
32856,0.38996595
32857,0.25154185
32858,0.012690767
32859,0.015352795
32860,0.0076133218
32861,0.044837367
32862,0.06284168
32863,0.43113974
32864,0.4379979
32865,0.10790844
32866,0.117480464
32867,0.16802081
32868,0.16491422
32869,0.1612892
32870,0.19354019
32871,0.39545915
32872,0.09320583
32873,0.06549069
32874,0.11567878
32875,0.0664983
32876,0.20923048
32877,0.9277143
32878,0.055582266
32879,0.3956821
32880,0.019841176
32881,0.059293665
32882,0.28280404
32883,0.012515152
32884,0.053919293
32885,0.09008022
32886,0.018265892
32887,0.055545483
32888,0.50746953
32889,0.060435627
32890,0.106790975
32891,0.41217452
32892,0.15460935
32893,0.19920743
32894,0.415557
32895,0.20022017
32896,0.025904525
32897,0.17616369
32898,0.12533112
32899,0.13927466
32900,0.99042094
32901,0.4674524
32902,0.45081314
32903,0.024520535
32904,0.25329676
32905,0.07612768
32906,0.026581924
32907,0.02460504
32908,0.009597165
32909,0.009776294
32910,0.06104804
32911,0.017750954
32912,0.04561142
32913,0.07760514
32914,0.12914342
32915,0.11782479
32916,0.12538496
32917,0.11433178
32918,0.25752106
32919,0.27509713
32920,0.028539233
32921,0.12214558
32922,0.27676097
32923,0.021229338
32924,0.07305086
32925,0.98812747
32926,0.95297325
32927,0.61481047
32928,0.007099493
32929,0.019293651
32930,0.10369692
32931,0.44386277
32932,0.0994238
32933,0.063166365
32934,0.057234183
32935,0.07755578
32936,0.057564378
32937,0.013268881
32938,0.44268712
32939,0.027791835
32940,0.041094888
32941,0.14023182
32942,0.13706167
32943,0.066315465
32944,0.060571663
32945,0.402491
32946,0.25600347
32947,0.022905532
32948,0.1382631
32949,0.12015964
32950,0.12684287
32951,0.97332406
32952,0.8599157
32953,0.5659383
32954,0.012016515
32955,0.0145273805
32956,0.07336533
32957,0.025163792
32958,0.4352325
32959,0.10687759
32960,0.28643686
32961,0.051806048
32962,0.107467726
32963,0.017069515
32964,0.102044754
32965,0.12103213
32966,0.2483851
32967,0.1710138
32968,0.53899366
32969,0.51988107
32970,0.2600047
32971,0.1683637
32972,0.11004024
32973,0.07306881
32974,0.13010266
32975,0.052731454
32976,0.033499226
32977,0.1453549
32978,0.14875655
32979,0.07191203
32980,0.123866156
32981,0.02623384
32982,0.94871265
32983,1.0471528
32984,0.96527874
32985,0.123343155
32986,0.05708989
32987,0.25563493
32988,0.430744
32989,0.029174441
32990,0.01600401
32991,0.015817435
32992,0.041163675
32993,0.11381485
32994,0.057168216
32995,0.44085112
32996,1.0486536
32997,0.09038852
32998,0.13722683
32999,0.11579999
33000,0.15703811
33001,0.088121146
33002,0.24526359
33003,0.25390768
33004,0.105901375
33005,0.12718137
33006,0.12599652
33007,0.059746012
33008,0.025906557
33009,0.45452002
33010,0.44185865
33011,0.25484452
33012,0.088192955
33013,0.02662051
33014,0.12571524
33015,0.08371447
33016,0.20500724
33017,0.031597592
33018,0.053670526
33019,0.04438775
33020,0.016473992
33021,0.047231656
33022,0.04968215
33023,0.4509059
33024,0.43283272
33025,0.26864132
33026,0.18701412
33027,0.14406376
33028,0.17209265
33029,0.15723659
33030,0.5725123
33031,0.06884048
33032,0.025795817
33033,0.039913755
33034,0.03203903
33035,0.15671416
33036,0.1583377
33037,0.15613963
33038,0.4493541
33039,0.26819143
33040,0.14933091
33041,1.0726318
33042,0.25699657
33043,0.25142485
33044,0.2595867
33045,0.022642408
33046,0.067442596
33047,0.47409198
33048,0.06130687
33049,0.03651382
33050,0.037810456
33051,0.05060147
33052,0.16014123
33053,0.43620753
33054,0.4165773
33055,0.3277936
33056,0.4406539
33057,0.159171
33058,0.16158678
33059,0.41269344
33060,0.024502369
33061,0.15764771
33062,0.08419461
33063,0.06427573
33064,0.4679635
33065,0.27248004
33066,0.06588562
33067,0.5319471
33068,0.43404213
33069,0.10048988
33070,0.13490242
33071,0.104715206
33072,0.010717603
33073,0.007338103
33074,0.024510609
33075,0.058145378
33076,0.10477062
33077,0.11339665
33078,0.16002701
33079,0.45530516
33080,0.890324
33081,0.4237758
33082,0.2621966
33083,0.59642
33084,0.109224826
33085,0.0783131
33086,0.078482494
33087,0.15462112
33088,0.44276714
33089,0.0768763
33090,0.029301979
33091,0.07421788
33092,0.15238473
33093,0.01887979
33094,0.054375466
33095,0.12389104
33096,0.02409238
33097,0.015959103
33098,0.0804288
33099,0.0643311
33100,0.101958685
33101,0.4266403
33102,0.2657993
33103,0.4232858
33104,0.7977997
33105,0.5873821
33106,0.2756493
33107,0.2500086
33108,0.05043165
33109,0.018454364
33110,0.06568809
33111,0.13730222
33112,0.03974894
33113,0.99266386
33114,0.06334414
33115,0.017863963
33116,0.07516183
33117,0.06428653
33118,0.13642292
33119,0.048142053
33120,0.058012377
33121,0.019912569
33122,0.05446365
33123,0.0090260925
33124,0.012049343
33125,0.023310993
33126,0.10501036
33127,0.13388658
33128,0.64274627
33129,0.43607378
33130,0.46111703
33131,1.1852958
33132,0.4479671
33133,0.5253246
33134,0.16281228
33135,0.042568408
33136,0.031334482
33137,0.045078866
33138,0.06027761
33139,0.058628365
33140,0.044027988
33141,0.07790381
33142,0.45604637
33143,0.11330136
33144,0.3716643
33145,0.034146916
33146,0.1359409
33147,0.14755692
33148,0.1563699
33149,0.26258406
33150,0.053201664
33151,0.026252108
33152,0.049618777
33153,0.15856096
33154,1.0417986
33155,0.43070123
33156,0.72640353
33157,0.43523258
33158,0.26943612
33159,0.17762618
33160,0.25543332
33161,0.050773654
33162,0.028706355
33163,0.050000384
33164,0.03433191
33165,0.14591022
33166,0.15637681
33167,0.10090382
33168,0.28996378
33169,0.031790216
33170,0.08735633
33171,0.2890966
33172,0.050704885
33173,0.008207511
33174,0.13674928
33175,0.3850383
33176,0.04333062
33177,0.3794205
33178,0.17423104
33179,0.08954417
33180,0.12849088
33181,0.12213601
33182,0.099363394
33183,0.047500316
33184,0.14520502
33185,0.13499115
33186,0.05300674
33187,0.030345207
33188,0.14296676
33189,0.016904954
33190,0.1247901
33191,0.04773596
33192,0.030408232
33193,0.13660222
33194,0.046208132
33195,0.0627649
33196,0.05674153
33197,0.18263906
33198,0.36142847
33199,0.5911481
33200,0.10947867
33201,0.019364418
33202,0.01971483
33203,0.03130241
33204,0.07204226
33205,0.08120219
33206,0.149555
33207,0.013949059
33208,0.041298505
33209,0.035914823
33210,0.023697209
33211,0.028763352
33212,0.0053136423
33213,0.08742701
33214,0.10606794
33215,0.39638352
33216,0.021836622
33217,0.025379049
33218,0.043838263
33219,0.08815117
33220,0.11579482
33221,0.3971865
33222,0.10954794
33223,0.009064823
33224,0.0068714414
33225,0.24907365
33226,0.014147989
33227,0.040653706
33228,0.020290714
33229,0.09292856
33230,0.14097339
33231,0.06555256
33232,0.0217486
33233,0.015009432
33234,0.290997
33235,0.036173087
33236,0.015408644
33237,0.02336316
33238,0.1393312
33239,0.07963796
33240,0.054503553
33241,0.023053817
33242,0.035971403
33243,0.07518679
33244,0.35943598
33245,0.033092234
33246,0.023007113
33247,0.029107489
33248,0.050676115
33249,0.07797651
33250,0.17286302
33251,0.08133447
33252,0.4582352
33253,0.11502169
33254,0.029016834
33255,0.017676573
33256,0.05851136
33257,0.061917283
33258,0.029476857
33259,0.42999524
33260,0.015762659
33261,0.15415747
33262,0.015085239
33263,0.0995812
33264,0.062754124
33265,0.39862698
33266,0.6327482
33267,0.24479885
33268,0.099878564
33269,0.0113731185
33270,0.09319671
33271,0.05152988
33272,0.049311742
33273,0.10362853
33274,0.09987479
33275,0.1072619
33276,0.9835142
33277,0.022398725
33278,0.09409877
33279,0.09772462
33280,0.087883346
33281,0.019034116
33282,0.14680007
33283,0.47344017
33284,0.082804985
33285,0.24452916
33286,0.025355542
33287,0.017206576
33288,0.089676835
33289,0.014180876
33290,0.09451435
33291,0.026932007
33292,0.022898516
33293,0.056271758
33294,0.064838156
33295,0.0269951
33296,0.06222257
33297,0.15398937
33298,0.048129413
33299,0.05487761
33300,0.01999088
33301,0.03615736
33302,0.09848461
33303,0.118711464
33304,0.026110481
33305,0.026942015
33306,0.06896295
33307,0.9704797
33308,0.07510117
33309,0.12880322
33310,0.05516202
33311,0.042377174
33312,0.04114519
33313,0.04650422
33314,0.0104631325
33315,0.016311735
33316,0.41042835
33317,0.026765032
33318,0.00372898
33319,0.0039331745
33320,0.06324886
33321,0.25539026
33322,0.028611273
33323,0.12914878
33324,0.05220369
33325,0.029496813
33326,0.007807656
33327,0.40917182
33328,0.029064246
33329,0.022165757
33330,0.0037523762
33331,0.019678518
33332,0.04654175
33333,0.004934769
33334,0.03654084
33335,0.13857643
33336,0.07123295
33337,0.010959135
33338,0.08331849
33339,0.16347969
33340,0.119200915
33341,0.08935874
33342,0.078522384
33343,0.028428007
33344,0.06481226
33345,0.020240672
33346,0.0751041
33347,0.18598497
33348,0.14557368
33349,0.008401093
33350,0.0077300025
33351,0.028257556
33352,0.021107579
33353,0.0069865803
33354,0.034117274
33355,0.07524887
33356,0.0678503
33357,0.12942353
33358,0.14815708
33359,0.43670696
33360,0.012793906
33361,0.0025446033
33362,0.020742556
33363,0.008907072
33364,0.015160542
33365,0.013032275
33366,0.030491509
33367,0.017697198
33368,0.08428623
33369,0.030839123
33370,0.055905852
33371,0.016535552
33372,0.018858595
33373,0.058859322
33374,0.016220069
33375,0.006245894
33376,0.0029510632
33377,0.11687698
33378,0.027157217
33379,0.049480826
33380,0.033315875
33381,0.019988274
33382,0.11269812
33383,0.02170997
33384,0.011960125
33385,0.013936762
33386,0.3955409
33387,0.07166684
33388,0.07237572
33389,0.07815077
33390,0.014319731
33391,0.09315251
33392,0.02185265
33393,0.008360851
33394,0.09381722
33395,0.014809571
33396,0.11559304
33397,0.15420793
33398,0.03905785
33399,0.041987136
33400,0.031049421
33401,0.026822628
33402,4.29114e-05
33403,0.005052955
33404,0.03054546
33405,0.010959011
33406,0.011252567
33407,0.0045232056
33408,0.100275524
33409,0.0866198
33410,0.29814777
33411,0.02257023
33412,0.02464953
33413,0.031563424
33414,0.002979552
33415,0.054803323
33416,0.019155264
33417,0.02688099
33418,0.034368902
33419,0.01141432
33420,0.039079703
33421,0.26989424
33422,0.25774965
33423,0.02295461
33424,0.12593074
33425,0.015358791
33426,0.020668574
33427,0.022054065
33428,0.0069524143
33429,0.024521653
33430,0.03892156
33431,0.03579987
33432,0.034846906
33433,0.031261396
33434,0.037731923
33435,0.044614658
33436,0.0400904
33437,0.08234114
33438,0.048926562
33439,0.030176073
33440,0.3676959
33441,0.044460967
33442,0.07752359
33443,0.0410385
33444,0.27338862
33445,0.28166926
33446,0.052014805
33447,0.28638503
33448,0.07536374
33449,0.3882004
33450,0.13208741
33451,0.067309886
33452,0.09291929
33453,0.009992733
33454,0.2736279
33455,0.8268767
33456,0.26871964
33457,0.048517454
33458,0.044886872
33459,0.29056397
33460,0.06452249
33461,0.01424354
33462,0.025331656
33463,0.042580985
33464,0.013909916
33465,0.013708248
33466,0.10477827
33467,0.27078488
33468,0.5992546
33469,0.5559031
33470,0.047256444
33471,0.070742644
33472,0.13109927
33473,0.15478921
33474,0.05820507
33475,0.038555317
33476,0.07445971
33477,0.088122755
33478,0.040628355
33479,0.43520138
33480,0.24154676
33481,0.3915203
33482,0.5700373
33483,0.24536665
33484,0.46707872
33485,0.0674143
33486,0.17896299
33487,0.052938063
33488,0.053908233
33489,0.034844987
33490,0.08576199
33491,0.03164776
33492,0.093576014
33493,0.102440074
33494,0.094154894
33495,0.034110963
33496,0.033798743
33497,0.08201275
33498,0.2827465
33499,0.051800888
33500,0.036303803
33501,0.06204555
33502,0.06493518
33503,0.085755125
33504,0.03770952
33505,0.03530464
33506,0.034182344
33507,0.056471195
33508,0.14182895
33509,0.06006749
33510,0.16150707
33511,0.023834988
33512,0.050644875
33513,0.045869343
33514,0.48133883
33515,0.10290347
33516,0.078596525
33517,0.42780972
33518,0.4865023
33519,0.010062389
33520,0.094470926
33521,0.06660756
33522,0.020999243
33523,0.026628789
33524,0.020006895
33525,0.039757624
33526,0.075286224
33527,0.07252432
33528,0.09140539
33529,0.26837677
33530,0.45630676
33531,0.39447483
33532,0.055698123
33533,0.03508714
33534,0.028908141
33535,0.038313624
33536,0.29262075
33537,0.046336886
33538,0.07327962
33539,0.032004785
33540,0.14264615
33541,0.56625104
33542,0.24600579
33543,0.031730667
33544,0.0314661
33545,0.0497265
33546,0.06825073
33547,0.032567184
33548,0.10698221
33549,0.18114285
33550,0.1048566
33551,0.103087224
33552,0.059968423
33553,0.032430828
33554,0.0316789
33555,0.03137269
33556,0.036669947
33557,0.12331165
33558,0.0680695
33559,0.2467994
33560,0.027002146
33561,0.04989246
33562,0.03546273
33563,0.024605718
33564,0.022940306
33565,0.026116595
33566,0.046923537
33567,0.028068675
33568,0.081854045
33569,0.4963773
33570,0.41456866
33571,0.05524778
33572,0.044737276
33573,0.041847248
33574,0.10937628
33575,0.07646909
33576,0.06251384
33577,0.014425826
33578,0.029506287
33579,0.0041815494
33580,0.26922134
33581,0.027579822
33582,0.026000079
33583,0.031865448
33584,0.0072710854
33585,0.07319996
33586,0.08130234
33587,0.4446032
33588,0.41085196
33589,0.4327221
33590,0.08107452
33591,0.04973985
33592,0.023631169
33593,0.061121546
33594,0.05061601
33595,0.26639545
33596,0.058635436
33597,0.5319381
33598,0.13752578
33599,0.024149403
33600,0.12528217
33601,0.055769872
33602,0.056573384
33603,0.01974804
33604,0.009211082
33605,0.011806147
33606,0.059014987
33607,0.008147861
33608,0.02099759
33609,0.09106926
33610,0.04728579
33611,0.09709262
33612,0.07553826
33613,0.13986649
33614,0.27516806
33615,0.45310932
33616,0.08420136
33617,0.030247832
33618,0.10716225
33619,0.015087373
33620,0.04001289
33621,0.021314315
33622,0.10389078
33623,0.06838838
33624,0.13581538
33625,0.04843291
33626,0.120407365
33627,0.059935443
33628,0.03107117
33629,0.013077841
33630,0.020403044
33631,0.14665142
33632,0.028679356
33633,0.06608047
33634,0.027292002
33635,0.011823261
33636,0.02174016
33637,0.034529656
33638,0.06442903
33639,0.091192596
33640,0.14516392
33641,0.12918463
33642,0.421834
33643,0.16015154
33644,0.2685138
33645,0.017344965
33646,0.10918926
33647,0.011437992
33648,0.05877302
33649,0.0520126
33650,0.10454367
33651,0.0365422
33652,0.056627393
33653,0.04026005
33654,0.0526488
33655,0.08581681
33656,0.060016144
33657,0.020535234
33658,0.027646512
33659,0.08653277
33660,0.015213738
33661,0.03749846
33662,0.122339115
33663,0.06798244
33664,0.15628116
33665,0.58763504
33666,0.13158572
33667,0.13544995
33668,0.08025674
33669,0.09343127
33670,0.08891626
33671,0.09682826
33672,0.06113299
33673,0.0064560818
33674,0.008342811
33675,0.02306702
33676,0.2828857
33677,0.07255945
33678,0.088877134
33679,0.062918164
33680,0.079095885
33681,0.02069172
33682,0.015203608
33683,0.019319303
33684,0.04412757
33685,0.4697745
33686,0.07636187
33687,0.057848673
33688,0.13032791
33689,0.81433237
33690,0.11881366
33691,0.021778801
33692,0.24446616
33693,0.071995065
33694,0.18929175
33695,0.26956818
33696,0.072572805
33697,0.05970789
33698,0.064635806
33699,0.118949436
33700,0.15249681
33701,0.04751718
33702,0.25512773
33703,0.09105709
33704,0.07416268
33705,0.018922575
33706,0.06321769
33707,0.07716639
33708,0.017247181
33709,0.14135334
33710,0.15894896
33711,0.26543498
33712,0.104895465
33713,0.042851217
33714,0.12981069
33715,0.16861919
33716,0.26597592
33717,0.06607968
33718,0.06366391
33719,0.025186224
33720,0.07778537
33721,0.5162759
33722,0.04374402
33723,0.14541258
33724,0.42462498
33725,0.25130934
33726,0.012001722
33727,0.007035492
33728,0.011664389
33729,0.044321556
33730,0.062123265
33731,0.44460824
33732,0.46148854
33733,0.11374103
33734,0.11191031
33735,0.25559264
33736,0.2516888
33737,0.16232392
33738,0.19082955
33739,0.27809128
33740,0.09264746
33741,0.06444102
33742,0.113880895
33743,0.067923054
33744,0.28545505
33745,0.94455385
33746,0.052829534
33747,0.38973945
33748,0.015635248
33749,0.057662822
33750,0.20440789
33751,0.011779486
33752,0.012568382
33753,0.05241655
33754,0.09043624
33755,0.017978325
33756,0.055354778
33757,0.49497455
33758,0.060546573
33759,0.10865643
33760,0.42399898
33761,0.15590915
33762,0.19619988
33763,0.431881
33764,0.4121468
33765,0.024667503
33766,0.16997401
33767,0.1246226
33768,0.1378363
33769,0.94548905
33770,0.46086523
33771,0.30711514
33772,0.023299474
33773,0.25329676
33774,0.073504835
33775,0.029432165
33776,0.022177782
33777,0.0079314625
33778,0.06059645
33779,0.01119539
33780,0.021505434
33781,0.04752243
33782,0.07754781
33783,0.13008176
33784,0.12766881
33785,0.12686561
33786,0.11224946
33787,0.14905259
33788,0.12791331
33789,0.12441379
33790,0.27562532
33791,0.022180438
33792,0.07205746
33793,1.0057952
33794,0.95252246
33795,0.61974317
33796,0.026409071
33797,0.10331532
33798,0.33002356
33799,0.09650904
33800,0.064636104
33801,0.009455273
33802,0.05535921
33803,0.07538538
33804,0.057213124
33805,0.013711636
33806,0.43505067
33807,0.02806448
33808,0.040963203
33809,0.13458435
33810,0.13383548
33811,0.062487964
33812,0.062109347
33813,0.38900983
33814,0.10224877
33815,0.022670906
33816,0.1368856
33817,0.1257092
33818,0.12614714
33819,0.98791844
33820,0.7971754
33821,0.5445245
33822,0.075306706
33823,0.02614468
33824,0.45797488
33825,0.10290721
33826,0.282026
33827,0.05421987
33828,0.10975732
33829,0.016819514
33830,0.09932282
33831,0.1227894
33832,0.1454927
33833,0.16924526
33834,0.55981815
33835,0.536193
33836,0.16469221
33837,0.1707486
33838,0.10911618
33839,0.07232523
33840,0.13209063
33841,0.05223189
33842,0.031354126
33843,0.020388909
33844,0.13696516
33845,0.151051
33846,0.07176551
33847,0.11932545
33848,0.02526579
33849,0.9853716
33850,1.0336348
33851,0.9731849
33852,0.1240985
33853,0.056609742
33854,0.26693487
33855,0.43746772
33856,0.0276816
33857,0.016713347
33858,0.01638474
33859,0.114450775
33860,0.056690518
33861,0.46181443
33862,0.9942902
33863,0.08800059
33864,0.13489515
33865,0.118880086
33866,0.16273876
33867,0.08876582
33868,0.24458747
33869,0.25339213
33870,0.04074874
33871,0.10978977
33872,0.12368927
33873,0.12401596
33874,0.0584466
33875,0.025598338
33876,0.4513693
33877,0.44817016
33878,0.25570813
33879,0.08962343
33880,0.029258093
33881,0.12851161
33882,0.080661304
33883,0.20047839
33884,0.031981375
33885,0.056352817
33886,0.043151785
33887,0.02043342
33888,0.044852376
33889,0.049721073
33890,0.42461133
33891,0.72912866
33892,0.19601831
33893,0.26612797
33894,0.14416456
33895,0.17165717
33896,0.15524249
33897,0.5845115
33898,0.067899555
33899,0.024491452
33900,0.039379764
33901,0.031284727
33902,0.15351416
33903,0.16671988
33904,0.15640542
33905,0.45461872
33906,0.27243054
33907,0.15516646
33908,1.0426071
33909,0.14745301
33910,0.019639619
33911,0.26187116
33912,0.25831282
33913,0.023356056
33914,0.0656857
33915,0.29495624
33916,0.059707128
33917,0.037291046
33918,0.03640506
33919,0.05095809
33920,0.16275238
33921,0.4505576
33922,0.415927
33923,0.33243492
33924,0.44347325
33925,0.1612574
33926,0.16226
33927,0.32402092
33928,0.011694629
33929,0.023235405
33930,0.1616697
33931,0.0841829
33932,0.06328281
33933,0.49310678
33934,0.27806324
33935,0.06766643
33936,0.5326514
33937,0.2798933
33938,0.10571334
33939,0.13433005
33940,0.09941971
33941,0.061293837
33942,0.0131117115
33943,0.025418079
33944,0.05896333
33945,0.10342311
33946,0.11128761
33947,0.15883781
33948,0.42616382
33949,0.87644947
33950,0.4377096
33951,0.25701997
33952,0.5667302
33953,0.1092627
33954,0.079422355
33955,0.07910202
33956,0.15499777
33957,0.26896265
33958,0.07592495
33959,0.028934678
33960,0.072144866
33961,0.1534436
33962,0.055244993
33963,0.12385225
33964,0.0461001
33965,0.024848266
33966,0.01950158
33967,0.006497551
33968,0.031736117
33969,0.080065414
33970,0.0627736
33971,0.10028036
33972,0.45066896
33973,0.2647467
33974,0.40666562
33975,0.82098186
33976,0.617813
33977,0.2762113
33978,0.13325126
33979,0.051893782
33980,0.018808989
33981,0.06686181
33982,0.13913551
33983,0.03930773
33984,0.97212976
33985,0.061853208
33986,0.01987224
33987,0.076342925
33988,0.064531155
33989,0.2705231
33990,0.04894681
33991,0.058796376
33992,0.019107109
33993,0.05162808
33994,0.012998076
33995,0.02560224
33996,0.101481244
33997,0.13435632
33998,0.6176844
33999,0.44948044
34000,0.47470567
34001,1.1489409
34002,0.42455128
34003,0.46811193
34004,0.1584716
34005,0.04084587
34006,0.03181089
34007,0.04320934
34008,0.059889235
34009,0.058179278
34010,0.04214543
34011,0.080527365
34012,0.45376855
34013,0.11228538
34014,0.35773617
34015,0.03415422
34016,0.13814777
34017,0.14692698
34018,0.15646571
34019,0.2607079
34020,0.053680267
34021,0.025852328
34022,0.047562737
34023,0.15683134
34024,1.0038006
34025,0.44691572
34026,0.73086286
34027,0.4336198
34028,0.2700791
34029,0.17365421
34030,0.25595266
34031,0.053260606
34032,0.01889511
34033,0.027269436
34034,0.017272897
34035,0.049512055
34036,0.032538936
34037,0.14576559
34038,0.15423194
34039,0.09466482
34040,0.2902609
34041,0.030329913
34042,0.08721717
34043,0.28471935
34044,0.051395513
34045,0.008105084
34046,0.00924914
34047,0.13850626
34048,0.26476473
34049,0.043145046
34050,0.37079504
34051,0.25820163
34052,0.08899751
34053,0.12601799
34054,0.02658181
34055,0.12221631
34056,0.10030554
34057,0.047043752
34058,0.14712492
34059,0.13480182
34060,0.05184084
34061,0.010655017
34062,0.26226854
34063,0.017336234
34064,0.1239924
34065,0.03180214
34066,0.13967948
34067,0.04543996
34068,0.06328273
34069,0.056033596
34070,0.18949485
34071,0.27909598
34072,0.59373945
34073,0.10673366
34074,0.009181867
34075,0.017635925
34076,0.021356953
34077,0.025315141
34078,0.07234397
34079,0.080400206
34080,0.14533642
34081,0.013473608
34082,0.037518624
34083,0.016579876
34084,0.036698323
34085,0.021253116
34086,0.012099466
34087,0.027088813
34088,0.090024516
34089,0.10590547
34090,0.40503192
34091,0.021859607
34092,0.025700955
34093,0.045087762
34094,0.08749225
34095,0.1148791
34096,0.38683408
34097,0.1108991
34098,0.25177497
34099,0.013118513
34100,0.042974107
34101,0.022052208
34102,0.09403555
34103,0.14232466
34104,0.068692856
34105,0.013368942
34106,0.010402009
34107,0.018848946
34108,0.013077714
34109,0.29217795
34110,0.036275655
34111,0.013031934
34112,0.023042833
34113,0.1419577
34114,0.080770604
34115,0.05577227
34116,0.023020182
34117,0.03537808
34118,0.076910175
34119,0.37273642
34120,0.03336294
34121,0.022698004
34122,0.03049303
34123,0.049709197
34124,0.07839119
34125,0.2695978
34126,0.08152632
34127,0.28341702
34128,0.11046812
34129,0.027450336
34130,0.015538779
34131,0.057688925
34132,0.06217451
34133,0.030168682
34134,0.43726632
34135,0.15947683
34136,0.013592646
34137,0.10042859
34138,0.06393194
34139,0.017433923
34140,0.39257827
34141,0.6325274
34142,0.25001234
34143,0.09459159
34144,0.01144172
34145,0.09371452
34146,0.055125307
34147,0.048664525
34148,0.10327153
34149,0.10043677
34150,0.110738724
34151,0.9536138
34152,0.021881366
34153,0.09223234
34154,0.017790446
34155,0.096263885
34156,0.088552356
34157,0.018276904
34158,0.14525455
34159,0.47056848
34160,0.08272108
34161,0.23986742
34162,0.02474325
34163,0.08768561
34164,0.015481798
34165,0.09371601
34166,0.026120417
34167,0.023158565
34168,0.059592735
34169,0.0658577
34170,0.025667544
34171,0.017430061
34172,0.060503464
34173,0.018830877
34174,0.15078142
34175,0.048785653
34176,0.05588404
34177,0.0202238
34178,0.03548723
34179,0.094756156
34180,0.11895706
34181,0.068702824
34182,0.9573578
34183,0.07651622
34184,0.12178761
34185,0.05561711
34186,0.042680744
34187,0.043379344
34188,0.04595533
34189,0.016289964
34190,0.41375318
34191,0.026645157
34192,0.004033425
34193,0.0630159
34194,0.25615463
34195,0.027940918
34196,0.1306536
34197,0.048640624
34198,0.029133068
34199,0.05837044
34200,0.2891868
34201,0.02956617
34202,0.02242654
34203,0.018355394
34204,0.004647818
34205,0.04750266
34206,0.005381579
34207,0.03671371
34208,0.25198537
34209,0.07041498
34210,0.013236883
34211,0.0833415
34212,0.15646857
34213,0.11720145
34214,0.087909564
34215,0.078825444
34216,0.027425671
34217,0.06516942
34218,0.020338679
34219,0.07606086
34220,0.18828423
34221,0.1475138
34222,0.010813182
34223,0.018449223
34224,0.0062616314
34225,0.013177159
34226,0.012998283
34227,0.015369815
34228,0.0133643225
34229,0.034115158
34230,0.07385336
34231,0.06728434
34232,0.1312998
34233,0.014647653
34234,0.15012212
34235,0.40537784
34236,0.008856988
34237,0.0075508915
34238,0.015286606
34239,0.019239334
34240,0.0060358886
34241,0.014371318
34242,0.030504161
34243,0.013108147
34244,0.018220114
34245,0.017657474
34246,0.08373378
34247,0.030114712
34248,0.05719465
34249,0.01678058
34250,0.057292365
34251,0.016730329
34252,0.0041952715
34253,0.0036953394
34254,0.11822403
34255,0.024890553
34256,0.048267316
34257,0.033427168
34258,0.11372898
34259,0.014063038
34260,0.0150180515
34261,0.014661231
34262,0.41643113
34263,0.07234552
34264,0.07656433
34265,0.07860555
34266,0.014246342
34267,0.09385866
34268,0.022270104
34269,0.00765294
34270,0.09943606
34271,0.016041905
34272,0.11809362
34273,0.26183054
34274,0.029991284
34275,0.03946195
34276,0.0402008
34277,0.02952788
34278,0.027881285
34279,0.007852076
34280,0.032069657
34281,0.011852311
34282,0.101161554
34283,0.08168156
34284,0.011938682
34285,0.3031763
34286,0.026761262
34287,0.030961799
34288,0.002928814
34289,0.0023928732
34290,0.05330279
34291,0.019329943
34292,0.026030343
34293,0.0137205655
34294,0.03360902
34295,0.009346389
34296,0.011158033
34297,0.035146046
34298,0.27330014
34299,0.1574758
34300,0.02462036
34301,0.13254073
34302,0.020244258
34303,0.021537717
34304,0.006458358
34305,0.048734594
34306,0.045243323
34307,0.045380473
34308,0.030704152
34309,0.040574703
34310,0.09143277
34311,0.041763633
34312,0.34436923
34313,0.03154474
34314,0.07358509
34315,0.036074307
34316,0.14990005
34317,0.37568626
34318,0.038476914
34319,0.2781876
34320,0.07966049
34321,0.3935887
34322,0.08621823
34323,0.13840467
34324,0.066012874
34325,0.027198054
34326,0.09822667
34327,0.39483637
34328,0.8447295
34329,0.25888237
34330,0.04578443
34331,0.04459689
34332,0.27449462
34333,0.065831564
34334,0.014239116
34335,0.028103333
34336,0.02928266
34337,0.01401315
34338,0.01395654
34339,0.10855797
34340,0.26699507
34341,0.58440864
34342,0.51634055
34343,0.045083847
34344,0.08348582
34345,0.13217737
34346,0.27049473
34347,0.058000363
34348,0.039632738
34349,0.07590294
34350,0.0876147
34351,0.03635338
34352,0.4385403
34353,0.24520594
34354,0.2550328
34355,0.5758596
34356,0.11814027
34357,0.0245151
34358,0.5173912
34359,0.06803
34360,0.17622797
34361,0.056806568
34362,0.054155048
34363,0.032716617
34364,0.08855764
34365,0.08937237
34366,0.09936415
34367,0.09436612
34368,0.034237366
34369,0.035397086
34370,0.07576179
34371,0.29791588
34372,0.05660689
34373,0.059961032
34374,0.07089349
34375,0.08763458
34376,0.03497079
34377,0.038903754
34378,0.02887403
34379,0.060313497
34380,0.15335439
34381,0.057909355
34382,0.1617911
34383,0.019672997
34384,0.055956423
34385,0.044592887
34386,0.019166848
34387,0.019548338
34388,0.49052957
34389,0.10353207
34390,0.23834333
34391,0.40032336
34392,0.4727172
34393,0.088327885
34394,0.0632518
34395,0.019311909
34396,0.023965029
34397,0.040121637
34398,0.0097677745
34399,0.075807065
34400,0.076581575
34401,0.088262506
34402,0.16037345
34403,0.43921402
34404,0.023703108
34405,0.38242674
34406,0.05490476
34407,0.032843046
34408,0.030776992
34409,0.29347754
34410,0.022840397
34411,0.0477159
34412,0.07181701
34413,0.029535836
34414,0.40510717
34415,0.5531324
34416,0.09813726
34417,0.031331975
34418,0.031603187
34419,0.0503016
34420,0.06878078
34421,0.11163734
34422,0.1834706
34423,0.103816785
34424,0.101431906
34425,0.06003624
34426,0.00701704
34427,0.0058839372
34428,0.030460013
34429,0.032886397
34430,0.029475378
34431,0.036423035
34432,0.12342186
34433,0.06968313
34434,0.2441013
34435,0.024957405
34436,0.049764566
34437,0.03746405
34438,0.024597093
34439,0.024195923
34440,0.025562283
34441,0.04657474
34442,0.027285684
34443,0.082874425
34444,0.49171537
34445,0.41476786
34446,0.053943425
34447,0.042487558
34448,0.040813897
34449,0.11530789
34450,0.07278807
34451,0.061290655
34452,0.014902607
34453,0.012433074
34454,0.027971702
34455,0.17591752
34456,0.027935889
34457,0.030067056
34458,0.0075830636
34459,0.07585302
34460,0.08498291
34461,0.2717522
34462,0.26417994
34463,0.4203573
34464,0.07958715
34465,0.049150072
34466,0.025609555
34467,0.060057934
34468,0.049965367
34469,0.27274388
34470,0.056830008
34471,0.5821438
34472,0.13437442
34473,0.021499101
34474,0.12333272
34475,0.05301843
34476,0.053973522
34477,0.020785939
34478,0.00887213
34479,0.012209278
34480,0.060825747
34481,0.0070840903
34482,0.022315701
34483,0.017379487
34484,0.02172253
34485,0.09123084
34486,0.096721
34487,0.07551249
34488,0.13627736
34489,0.27356336
34490,0.46740636
34491,0.08434427
34492,0.030401837
34493,0.10602328
34494,0.014980281
34495,0.041224014
34496,0.0024666935
34497,0.021871312
34498,0.10783965
34499,0.07205398
34500,0.13234156
34501,0.0476132
34502,0.123074405
34503,0.04243925
34504,0.06273061
34505,0.030775465
34506,0.013181217
34507,0.14471902
34508,0.02793048
34509,0.066503614
34510,0.028561966
34511,0.010855098
34512,0.023029983
34513,0.035852663
34514,0.06321109
34515,0.09126721
34516,0.14544164
34517,0.12890977
34518,0.4181878
34519,0.26433328
34520,0.27046457
34521,0.01686553
34522,0.1141684
34523,0.010016175
34524,0.059020225
34525,0.0520126
34526,0.10233065
34527,0.057207726
34528,0.039451923
34529,0.05246145
34530,0.08454134
34531,0.05715156
34532,0.026630126
34533,0.0076655047
34534,0.08662673
34535,0.013574705
34536,0.03749057
34537,0.1231202
34538,0.07046926
34539,0.15562251
34540,0.57368624
34541,0.13075088
34542,0.13695754
34543,0.0801863
34544,0.09196762
34545,0.088195495
34546,0.09414413
34547,0.06269232
34548,0.006849928
34549,0.2833316
34550,0.07354641
34551,0.087718114
34552,0.06230098
34553,0.07660017
34554,0.022608267
34555,0.014400972
34556,0.020749968
34557,0.045540355
34558,0.48380387
34559,0.078651175
34560,0.055539425
34561,0.13161694
34562,0.8544877
34563,0.120082214
34564,0.02209103
34565,0.1343806
34566,0.07202703
34567,0.1952004
34568,0.40744534
34569,0.07142451
34570,0.020781279
34571,0.060791135
34572,0.06149335
34573,0.11795437
34574,0.15848729
34575,0.04699099
34576,0.15143315
34577,0.08829731
34578,0.07636943
34579,0.063130215
34580,0.07541116
34581,0.015981192
34582,0.14460315
34583,0.1618576
34584,0.2734651
34585,0.10474819
34586,0.04198576
34587,0.13263988
34588,0.1661462
34589,0.25918773
34590,0.063979134
34591,0.06302047
34592,0.02624107
34593,0.009751235
34594,0.07739859
34595,0.514591
34596,0.043310516
34597,0.13865143
34598,0.4092535
34599,0.24821064
34600,0.0118499985
34601,0.003940484
34602,0.010448267
34603,0.04649899
34604,0.06302748
34605,0.46205586
34606,0.4184301
34607,0.11062396
34608,0.11550604
34609,0.25778565
34610,0.16316123
34611,0.16106325
34612,0.19499524
34613,0.27993232
34614,0.093357615
34615,0.06505794
34616,0.11626461
34617,0.06918364
34618,0.28613052
34619,0.93133026
34620,0.053816494
34621,0.43288115
34622,0.014694069
34623,0.057363328
34624,0.2744211
34625,0.0109113585
34626,0.013833421
34627,0.05484267
34628,0.08963732
34629,0.018191427
34630,0.05318114
34631,0.49376303
34632,0.06187482
34633,0.106173776
34634,0.26818627
34635,0.16028464
34636,0.27125996
34637,0.40047082
34638,0.38784197
34639,0.2753297
34640,0.12446351
34641,0.13925964
34642,1.016256
34643,0.51259905
34644,0.45077264
34645,0.025354568
34646,0.14620797
34647,0.07513531
34648,0.026440687
34649,0.023487264
34650,0.061184883
34651,0.009682003
34652,0.020884635
34653,0.04514744
34654,0.07801723
34655,0.12476169
34656,0.11671678
34657,0.12671177
34658,0.111633115
34659,0.14462462
34660,0.26479322
34661,0.024396967
34662,0.12953927
34663,0.43045804
34664,0.022389686
34665,0.07340164
34666,1.0042436
34667,0.95604366
34668,0.5818879
34669,0.09897502
34670,0.44919658
34671,0.09719031
34672,0.01923231
34673,0.063454084
34674,0.008839803
34675,0.05590525
34676,0.07564576
34677,0.054304168
34678,0.015138583
34679,0.4361734
34680,0.029084746
34681,0.041091297
34682,0.13809955
34683,0.13682856
34684,0.06580294
34685,0.060510572
34686,0.25725016
34687,0.10226976
34688,0.023131989
34689,0.13922301
34690,0.12405377
34691,0.12646283
34692,0.9883063
34693,0.8523692
34694,0.58999443
34695,0.011190221
34696,0.015479549
34697,0.07695169
34698,0.0262449
34699,0.0103000635
34700,0.47214577
34701,0.10198737
34702,0.29112086
34703,0.051516715
34704,0.103864625
34705,0.10373188
34706,0.12084844
34707,0.14610173
34708,0.16259737
34709,0.53851837
34710,0.5109115
34711,0.16679816
34712,0.16846146
34713,0.109602846
34714,0.07219609
34715,0.13273756
34716,0.053035166
34717,0.031536665
34718,0.021154113
34719,0.13989314
34720,0.14361666
34721,0.071011305
34722,0.12259123
34723,0.026660908
34724,0.97370327
34725,1.0437975
34726,0.95053583
34727,0.12475191
34728,0.057224967
34729,0.25965175
34730,0.013715361
34731,0.4245573
34732,0.026085889
34733,0.015191932
34734,0.017138055
34735,0.038237784
34736,0.11695044
34737,0.05800899
34738,0.44972497
34739,1.0320233
34740,0.09249559
34741,0.13535163
34742,0.12020632
34743,0.15651141
34744,0.08684716
34745,0.25235415
34746,0.116420425
34747,0.108616084
34748,0.12777375
34749,0.12605815
34750,0.05876366
34751,0.024471112
34752,0.4467913
34753,0.44325513
34754,0.24803965
34755,0.08653836
34756,0.028343271
34757,0.12384266
34758,0.08364796
34759,0.28461987
34760,0.031011278
34761,0.05207356
34762,0.043216337
34763,0.017831093
34764,0.046454187
34765,0.048954707
34766,0.41729963
34767,0.7133902
34768,0.2709461
34769,0.2643154
34770,0.1474585
34771,0.24082278
34772,0.15741903
34773,0.56552744
34774,0.067953266
34775,0.026542325
34776,0.038284052
34777,0.033932723
34778,0.15748444
34779,0.2640801
34780,0.25282454
34781,0.45722634
34782,0.27666417
34783,0.15837719
34784,1.0376754
34785,0.25191638
34786,0.019594127
34787,0.26058614
34788,0.17027755
34789,0.022282494
34790,0.066747084
34791,0.20001446
34792,0.065717265
34793,0.03936131
34794,0.038061935
34795,0.05002318
34796,0.15550587
34797,0.43968758
34798,0.43037084
34799,0.32929665
34800,0.27509835
34801,0.15902877
34802,0.16354772
34803,0.4101825
34804,0.02353022
34805,0.15902044
34806,0.08560022
34807,0.0649269
34808,0.48470637
34809,0.4097106
34810,0.06685459
34811,0.51979876
34812,0.45050356
34813,0.006382351
34814,0.1032745
34815,0.13510242
34816,0.10279669
34817,0.059603624
34818,0.012033137
34819,0.0030804381
34820,0.007533822
34821,0.024810404
34822,0.058186814
34823,0.099815354
34824,0.11432722
34825,0.25589657
34826,0.4552469
34827,0.87212193
34828,0.43426257
34829,0.25788864
34830,0.2920265
34831,0.11067896
34832,0.013181486
34833,0.07672551
34834,0.081785426
34835,0.25823396
34836,0.20340455
34837,0.073883995
34838,0.029817069
34839,0.07388338
34840,0.15128376
34841,0.05307512
34842,0.12447293
34843,0.043227486
34844,0.031203926
34845,0.07961207
34846,0.06341561
34847,0.10327122
34848,0.45633465
34849,0.2642415
34850,0.40252465
34851,0.7755748
34852,0.58371574
34853,0.27794525
34854,0.13323954
34855,0.0498613
34856,0.019379053
34857,0.06542358
34858,0.1377089
34859,0.03849537
34860,0.93316734
34861,0.061822124
34862,0.018609835
34863,0.077242725
34864,0.06439649
34865,0.41880792
34866,0.04850797
34867,0.06138321
34868,0.019834446
34869,0.052306034
34870,0.025755005
34871,0.10760951
34872,0.13493083
34873,0.6237085
34874,0.43643904
34875,0.2803907
34876,1.1459274
34877,0.4278729
34878,0.5229454
34879,0.16528727
34880,0.039295994
34881,0.031112181
34882,0.04060658
34883,0.06052613
34884,0.055991482
34885,0.04363185
34886,0.08041301
34887,0.46181616
34888,0.11538778
34889,0.2809646
34890,0.033977915
34891,0.13659671
34892,0.2616739
34893,0.25904152
34894,0.26881334
34895,0.05346896
34896,0.025823604
34897,0.049022548
34898,0.15586278
34899,0.9959573
34900,0.43985462
34901,0.70106137
34902,0.46068135
34903,0.40329647
34904,0.17590378
34905,0.114673175
34906,0.019612484
34907,0.02731754
34908,0.01955718
34909,0.048199497
34910,0.0330929
34911,0.14738391
34912,0.15464088
34913,0.09873968
34914,0.2864986
34915,0.03035908
34916,0.08712849
34917,0.4027995
34918,0.051274866
34919,0.009640467
34920,0.13468778
34921,0.26730004
34922,0.042719603
34923,0.26249823
34924,0.17537168
34925,0.08954509
34926,0.12940806
34927,0.027936766
34928,0.11473601
34929,0.10267878
34930,0.04633181
34931,0.25344557
34932,0.13681085
34933,0.051113933
34934,0.009850299
34935,0.2681074
34936,0.016391264
34937,0.12743546
34938,0.049066868
34939,0.031452063
34940,0.13601026
34941,0.04514096
34942,0.06327817
34943,0.05701437
34944,0.18403018
34945,0.2746633
34946,0.5982317
34947,0.11103528
34948,0.0046674483
34949,0.019856427
34950,0.01966754
34951,0.02793064
34952,0.07022059
34953,0.0785726
34954,0.14575192
34955,0.014617804
34956,0.03714453
34957,0.017355736
34958,0.037018914
34959,0.021080257
34960,0.01312836
34961,0.027116815
34962,0.0047448683
34963,0.086178005
34964,0.10617466
34965,0.4064662
34966,0.021426221
34967,0.026012212
34968,0.045703188
34969,0.0878359
34970,0.11460716
34971,0.38958463
34972,0.11273198
34973,0.25358826
34974,0.042232774
34975,0.093808025
34976,0.14979726
34977,0.06655891
34978,0.01352752
34979,0.018960228
34980,0.28939056
34981,0.03609654
34982,0.012997598
34983,0.018465888
34984,0.023031175
34985,0.14044265
34986,0.0806739
34987,0.053754963
34988,0.024256727
34989,0.03451622
34990,0.07622978
34991,0.37240407
34992,0.03455724
34993,-0.00059986516
34994,0.022605985
34995,0.03060747
34996,0.049333468
34997,0.07700818
34998,0.26857567
34999,0.08100872
35000,0.27369645
35001,0.11428046
35002,0.028202878
35003,0.018177083
35004,0.056780998
35005,0.0624837
35006,0.031154696
35007,0.42771474
35008,0.01507205
35009,0.2573943
35010,0.015090694
35011,0.10308458
35012,0.0615407
35013,0.29508847
35014,0.6225116
35015,0.25137737
35016,0.09762616
35017,0.011465586
35018,0.09425987
35019,0.05166002
35020,0.049538787
35021,0.101153776
35022,0.100501664
35023,0.10768465
35024,0.9399283
35025,0.022072788
35026,0.091995955
35027,0.095598064
35028,0.08512511
35029,0.019099616
35030,0.14888427
35031,0.4474239
35032,0.08260558
35033,0.24625479
35034,0.02667597
35035,0.09131055
35036,0.015845291
35037,0.0968115
35038,0.027938453
35039,0.023423238
35040,0.05695419
35041,0.0673433
35042,0.026702162
35043,0.016160054
35044,0.061900437
35045,0.019988222
35046,0.15070659
35047,0.056490775
35048,0.019383004
35049,0.03684813
35050,0.099613234
35051,0.11741766
35052,0.06952865
35053,0.949276
35054,0.07769655
35055,0.2574906
35056,0.054732714
35057,0.044369787
35058,0.042317502
35059,0.046261944
35060,0.01059381
35061,0.0166222
35062,0.43330902
35063,0.025929963
35064,0.0035488908
35065,0.0029459551
35066,0.013593593
35067,0.06405516
35068,0.13486518
35069,0.02873863
35070,0.13562979
35071,0.045506984
35072,0.030216604
35073,0.06288691
35074,0.4142092
35075,0.030353978
35076,0.022780344
35077,0.0025558835
35078,0.007028954
35079,0.04714449
35080,0.006132434
35081,0.038510878
35082,0.13554622
35083,0.0718565
35084,0.015381545
35085,0.08097614
35086,0.15882234
35087,0.12127314
35088,0.09088403
35089,0.0755196
35090,0.02979896
35091,0.06480883
35092,0.021319188
35093,0.078541145
35094,0.19568484
35095,0.15091397
35096,0.02954516
35097,0.008799533
35098,0.008661451
35099,0.019527156
35100,0.0044827308
35101,0.0117809065
35102,0.013398795
35103,0.014650998
35104,0.01121688
35105,0.03391028
35106,0.07460577
35107,0.066187456
35108,0.13187188
35109,0.014086399
35110,0.2571024
35111,0.014683078
35112,0.43204147
35113,0.009355871
35114,0.020195981
35115,0.021674462
35116,0.009293701
35117,0.014989464
35118,0.00615486
35119,0.013544956
35120,0.029498529
35121,0.010813385
35122,0.013498614
35123,0.08506535
35124,0.02992061
35125,0.054115973
35126,0.018392932
35127,0.018450925
35128,0.057066046
35129,0.0072902385
35130,0.005000998
35131,0.113843694
35132,0.025465963
35133,0.048114996
35134,0.010383772
35135,0.032201596
35136,0.11601071
35137,0.012293499
35138,0.013671032
35139,0.014964702
35140,0.014471343
35141,0.3056185
35142,0.07283286
35143,0.07362408
35144,0.07840883
35145,0.093687214
35146,0.02232538
35147,0.09655573
35148,0.01520951
35149,0.11475303
35150,0.1580056
35151,0.02579573
35152,0.030975753
35153,0.040175565
35154,0.03230251
35155,0.03200667
35156,0.00939865
35157,0.10145862
35158,0.08062055
35159,0.18918562
35160,0.0269964
35161,0.031958845
35162,0.01308329
35163,0.051516365
35164,0.019293778
35165,0.012999152
35166,0.0144734625
35167,0.03309939
35168,0.010113648
35169,0.03687983
35170,0.26944357
35171,0.2598476
35172,0.02514189
35173,0.12629084
35174,0.024147268
35175,0.005635061
35176,0.035309624
35177,0.03222537
35178,0.041438963
35179,0.04785772
35180,0.030915929
35181,0.03695142
35182,0.034934383
35183,0.03669317
35184,0.07705767
35185,0.0396611
35186,0.03524376
35187,0.39622557
35188,0.035285253
35189,0.063362025
35190,0.038233206
35191,0.36903614
35192,0.2785296
35193,0.09926252
35194,0.033204623
35195,0.011753703
35196,0.41547215
35197,0.05713986
35198,0.38284102
35199,0.0696792
35200,0.3329726
35201,0.064178355
35202,0.08736764
35203,0.02943163
35204,0.0073302747
35205,0.25968146
35206,0.031897403
35207,0.8940309
35208,0.27019402
35209,0.04044354
35210,0.271053
35211,0.062607266
35212,0.0137066
35213,0.028485404
35214,0.04663859
35215,0.012824917
35216,0.014650505
35217,0.095297605
35218,0.37052
35219,0.53553176
35220,0.5037755
35221,0.042453665
35222,0.07278366
35223,0.027762823
35224,0.24822491
35225,0.14508487
35226,0.010098628
35227,0.023833882
35228,0.054230932
35229,0.037087534
35230,0.063146845
35231,0.23609328
35232,0.039561626
35233,0.40827498
35234,0.24174677
35235,0.2665792
35236,0.5309899
35237,0.115723945
35238,0.4559653
35239,0.022258772
35240,0.06569
35241,0.15248346
35242,0.047987975
35243,0.047411762
35244,0.036975715
35245,0.08308594
35246,0.07942865
35247,0.0938135
35248,0.089856
35249,0.032246303
35250,0.034388326
35251,0.082971945
35252,0.30042163
35253,0.055087667
35254,0.058111418
35255,0.064417444
35256,0.07849522
35257,0.02975164
35258,0.041550357
35259,0.052560497
35260,0.15440416
35261,0.053696178
35262,0.15435429
35263,0.02001445
35264,0.055513162
35265,0.04527351
35266,0.033601705
35267,0.014224606
35268,0.016293045
35269,0.4688155
35270,0.09798266
35271,0.22153854
35272,0.40614283
35273,0.44335148
35274,0.0911312
35275,0.06660602
35276,0.025568858
35277,0.016235119
35278,0.042320095
35279,0.21925595
35280,0.08417618
35281,0.15791586
35282,0.4223756
35283,0.3576777
35284,0.061711945
35285,0.037547838
35286,0.028061472
35287,0.2964734
35288,0.026927704
35289,0.049871452
35290,0.06545306
35291,0.36200154
35292,0.547428
35293,0.099776186
35294,0.03145973
35295,0.030558899
35296,0.053706635
35297,0.067187734
35298,0.01649028
35299,0.031229565
35300,0.017497921
35301,0.1109163
35302,0.1740009
35303,0.10733191
35304,0.10593857
35305,0.060008552
35306,0.036765415
35307,0.033237334
35308,0.027273692
35309,0.035856966
35310,0.12224097
35311,0.06651225
35312,0.11213471
35313,0.023246795
35314,0.04999876
35315,0.037689682
35316,0.024864605
35317,0.023761446
35318,0.025280219
35319,0.049774237
35320,0.027744265
35321,0.08142935
35322,0.46826008
35323,0.4107332
35324,0.052686717
35325,0.041626785
35326,0.041822176
35327,0.11366465
35328,0.07497982
35329,0.0118396655
35330,0.059237905
35331,0.015853595
35332,0.03198974
35333,0.2751985
35334,0.02640451
35335,0.025519386
35336,0.029288042
35337,0.073158525
35338,0.07710678
35339,0.27761033
35340,0.2720562
35341,0.433399
35342,0.08351103
35343,0.047346972
35344,0.02348343
35345,0.061936527
35346,0.05059432
35347,0.01194303
35348,0.27425238
35349,0.06230644
35350,0.5592196
35351,0.1304603
35352,0.022904467
35353,0.12008895
35354,0.05476658
35355,0.054354884
35356,0.023233019
35357,0.009805332
35358,0.057766885
35359,0.018206421
35360,0.019163772
35361,0.08563433
35362,0.04547323
35363,0.09686077
35364,0.07074623
35365,0.13306838
35366,0.279536
35367,0.48528928
35368,0.08050924
35369,0.027585078
35370,0.10140637
35371,0.014244767
35372,0.040850036
35373,0.095249966
35374,0.06602441
35375,0.13055366
35376,0.0495706
35377,0.117988236
35378,0.041991662
35379,0.06210209
35380,0.011573308
35381,0.019826032
35382,0.14590842
35383,0.0073484257
35384,0.028745953
35385,0.06260144
35386,0.031032527
35387,0.021353062
35388,0.035962474
35389,0.05919192
35390,0.088963844
35391,0.14142004
35392,0.12518644
35393,0.42980385
35394,0.2680289
35395,0.2729342
35396,0.017599301
35397,0.105043836
35398,0.058582664
35399,0.053847898
35400,0.10336561
35401,0.03435841
35402,0.02553952
35403,0.040951528
35404,0.0550178
35405,0.083716065
35406,0.028728664
35407,0.05915637
35408,0.006381222
35409,0.021261925
35410,0.027273493
35411,0.08610211
35412,0.011741466
35413,0.038520224
35414,0.117328964
35415,0.06702888
35416,0.15038209
35417,0.56926197
35418,0.1270185
35419,0.13146143
35420,0.07557547
35421,0.088976696
35422,0.085113734
35423,0.09152271
35424,0.06486357
35425,0.28119186
35426,0.07244518
35427,0.07981543
35428,0.06432314
35429,0.07349766
35430,0.012917674
35431,0.024161927
35432,0.016397363
35433,0.020098919
35434,0.040625717
35435,0.30700585
35436,0.07622649
35437,0.05517654
35438,0.12370213
35439,0.83204794
35440,0.11025443
35441,0.019444114
35442,0.24873441
35443,0.067166895
35444,0.27431923
35445,0.28437713
35446,0.07545648
35447,0.06165014
35448,0.064919084
35449,0.1131412
35450,0.15399452
35451,0.04738841
35452,0.25715825
35453,0.08792988
35454,0.07312479
35455,0.014878163
35456,0.019931547
35457,0.0587788
35458,0.07680109
35459,0.015371394
35460,0.13997844
35461,0.15869337
35462,0.27222657
35463,0.09938179
35464,0.038258728
35465,0.1262551
35466,0.15812169
35467,0.27626097
35468,0.064682715
35469,0.06164691
35470,0.023488017
35471,0.076855466
35472,0.4654054
35473,0.044549134
35474,0.13966508
35475,0.22605778
35476,0.1468013
35477,0.01410368
35478,0.014769248
35479,0.010758146
35480,0.043968257
35481,0.060907815
35482,0.27360603
35483,0.43613315
35484,0.105315015
35485,0.10798341
35486,0.1617363
35487,0.25057486
35488,0.1555245
35489,0.19122969
35490,0.38834947
35491,0.09095888
35492,0.004402441
35493,0.022672249
35494,0.06537699
35495,0.11319528
35496,0.07228112
35497,0.20822425
35498,0.9330964
35499,0.056097973
35500,0.39209217
35501,0.018636605
35502,0.05786967
35503,0.283012
35504,0.05191562
35505,0.08697381
35506,0.016942257
35507,0.05174914
35508,0.009698101
35509,0.47099993
35510,0.05834866
35511,0.10366041
35512,0.26915008
35513,0.15614255
35514,0.27266687
35515,0.27897415
35516,0.4238651
35517,0.02479646
35518,0.17366487
35519,0.122590706
35520,0.13578132
35521,0.99025935
35522,0.44851315
35523,0.4210741
35524,0.024187502
35525,0.14836426
35526,0.0728172
35527,0.029429372
35528,0.023893679
35529,0.012026025
35530,0.008603676
35531,0.056986853
35532,0.010664953
35533,0.01590952
35534,0.04233397
35535,0.06943009
35536,0.12291564
35537,0.11580076
35538,0.11849466
35539,0.10396299
35540,0.2568478
35541,0.11520241
35542,0.024064107
35543,0.116101116
35544,0.27791283
35545,0.021649132
35546,0.070251055
35547,0.99085903
35548,0.98693603
35549,0.5604363
35550,0.0058775237
35551,0.027088631
35552,0.018766114
35553,0.09955702
35554,0.4363594
35555,0.09767454
35556,0.019497164
35557,0.059843693
35558,0.051546894
35559,0.07120015
35560,0.053167928
35561,0.01102382
35562,0.44134337
35563,0.024509903
35564,0.03594436
35565,0.13010539
35566,0.13130082
35567,0.062012292
35568,0.05619062
35569,0.25120988
35570,0.09732991
35571,0.023444034
35572,0.1330577
35573,0.11948542
35574,0.12046968
35575,0.98463297
35576,0.9781714
35577,0.5498219
35578,0.008887697
35579,0.07234881
35580,0.023794675
35581,0.009962796
35582,0.4567611
35583,0.105433054
35584,0.28986207
35585,0.05308796
35586,0.110845655
35587,0.013187965
35588,0.08999694
35589,0.114412606
35590,0.13852938
35591,0.16770455
35592,0.55023515
35593,0.5493077
35594,0.1576787
35595,0.16393822
35596,0.107082434
35597,0.07016441
35598,0.12420667
35599,0.050846428
35600,0.03056476
35601,0.021527747
35602,0.14028779
35603,0.14177208
35604,0.06650553
35605,0.11910983
35606,0.023183053
35607,0.9701004
35608,1.0633625
35609,0.9531263
35610,0.11287528
35611,0.05665734
35612,0.25925207
35613,0.41772136
35614,0.026906539
35615,0.0081345765
35616,0.014165207
35617,0.0130011095
35618,0.037561163
35619,0.102921546
35620,0.05489682
35621,0.45599198
35622,1.0562961
35623,0.08387023
35624,0.13155611
35625,0.108927675
35626,0.1542791
35627,0.0830872
35628,0.24226105
35629,0.11405373
35630,0.03907786
35631,0.103058375
35632,0.12057915
35633,0.12539415
35634,0.055566765
35635,0.026985116
35636,0.29775977
35637,0.42780495
35638,0.15248102
35639,0.11419469
35640,0.07900777
35641,0.1896927
35642,0.027972735
35643,0.05028925
35644,0.04073467
35645,0.01052492
35646,0.04361168
35647,0.046572596
35648,0.26821294
35649,0.7416451
35650,0.26209152
35651,0.18344814
35652,0.14063714
35653,0.16589832
35654,0.15101574
35655,0.5869489
35656,0.07137122
35657,0.02594333
35658,0.03931928
35659,0.029466055
35660,0.15379581
35661,0.16130355
35662,0.25781962
35663,0.46884453
35664,0.4181614
35665,0.14991619
35666,1.0430146
35667,0.24896766
35668,0.01608558
35669,0.14100266
35670,0.1722569
35671,0.02082702
35672,0.06636864
35673,0.48964986
35674,0.05764494
35675,0.035431467
35676,0.03545551
35677,0.048400104
35678,0.15413712
35679,0.44589153
35680,0.41328314
35681,0.52694404
35682,0.4451646
35683,0.15868711
35684,0.15809268
35685,0.3993742
35686,0.023133816
35687,0.16020587
35688,0.08164591
35689,0.06562008
35690,0.47694117
35691,0.28360444
35692,0.06509924
35693,0.52591556
35694,0.4267378
35695,0.002950713
35696,0.09618448
35697,0.12747127
35698,0.0988389
35699,0.059483875
35700,0.012762953
35701,0.02268726
35702,0.05430426
35703,0.10280841
35704,0.10928548
35705,0.15281618
35706,0.42101434
35707,0.8648023
35708,0.43194464
35709,0.26560035
35710,0.5822788
35711,0.10522582
35712,0.07891469
35713,0.07998191
35714,0.25413352
35715,0.19627182
35716,0.07665681
35717,0.025534054
35718,0.066855066
35719,0.14550638
35720,0.014793818
35721,0.053701527
35722,0.11834239
35723,0.024113875
35724,0.017509652
35725,0.044192225
35726,0.0052508796
35727,0.031907186
35728,0.07583191
35729,0.059794936
35730,0.09758606
35731,0.44793907
35732,0.266861
35733,0.20006499
35734,0.7647652
35735,0.6084203
35736,0.28351828
35737,0.13545182
35738,0.052643534
35739,0.021121006
35740,0.0692505
35741,0.13367502
35742,0.020666387
35743,0.03670089
35744,0.96458775
35745,0.064847864
35746,0.01994587
35747,0.077506
35748,0.06696402
35749,0.27829972
35750,0.050473712
35751,0.05847854
35752,0.023568882
35753,0.056621753
35754,0.024757184
35755,0.10457327
35756,0.12850924
35757,0.65094745
35758,0.4335702
35759,0.28162026
35760,1.1840677
35761,0.4245587
35762,0.49390075
35763,0.15945393
35764,0.043517817
35765,0.035356026
35766,0.04529708
35767,0.062554605
35768,0.059191674
35769,0.04337165
35770,0.22863281
35771,0.4410405
35772,0.111838765
35773,0.28853664
35774,0.033531897
35775,0.13986327
35776,0.14416379
35777,0.15535481
35778,0.27098003
35779,0.05358096
35780,0.009100167
35781,0.024238601
35782,0.007059267
35783,0.047804963
35784,0.15151934
35785,1.0102023
35786,0.43075496
35787,0.71771014
35788,0.43256584
35789,0.3833367
35790,0.17048411
35791,0.11231727
35792,0.055855673
35793,0.028687572
35794,0.018521255
35795,0.04739993
35796,0.034207534
35797,0.14478205
35798,0.15342417
35799,0.09132916
35800,0.2994504
35801,0.032568637
35802,0.08751124
35803,0.4239078
35804,0.05645734
35805,0.009767506
35806,0.13083367
35807,0.26253018
35808,0.04148307
35809,0.27199975
35810,0.1646919
35811,0.084475785
35812,0.13087821
35813,0.031216143
35814,0.11832622
35815,0.100882016
35816,0.05061467
35817,0.14426488
35818,0.011335753
35819,0.12856875
35820,0.050539564
35821,0.030392397
35822,0.26047155
35823,0.017985992
35824,0.022049451
35825,0.12486059
35826,0.031982537
35827,0.13123296
35828,0.043584898
35829,0.060690213
35830,0.05570938
35831,0.1885174
35832,0.27076998
35833,0.6151608
35834,0.110563435
35835,0.0063077407
35836,0.010495625
35837,0.020712944
35838,0.021516534
35839,0.029878894
35840,0.07351677
35841,0.08288465
35842,0.2636558
35843,0.015259799
35844,0.03810869
35845,0.03826269
35846,0.023755638
35847,0.030145282
35848,0.08577342
35849,0.10098979
35850,0.41221133
35851,0.019170495
35852,0.04258015
35853,0.08565163
35854,0.112430334
35855,0.38785684
35856,0.11497908
35857,0.011100158
35858,0.008840229
35859,0.15137078
35860,0.04577594
35861,0.09299826
35862,0.1428363
35863,0.068160415
35864,0.01217453
35865,0.021382345
35866,0.014132198
35867,0.39770612
35868,0.01672666
35869,0.019466586
35870,0.023332164
35871,0.13771965
35872,0.07538701
35873,0.0511716
35874,0.022486886
35875,0.035443027
35876,0.072037555
35877,0.29520178
35878,0.035920575
35879,0.026414994
35880,0.03504569
35881,0.05486604
35882,0.082970455
35883,0.2784653
35884,0.08399455
35885,0.28153694
35886,0.112626694
35887,0.029365689
35888,0.018098967
35889,0.060940214
35890,0.06728494
35891,0.031515736
35892,0.30154103
35893,0.28251633
35894,0.014326884
35895,0.09671209
35896,0.059490874
35897,0.015671255
35898,0.2998744
35899,0.58754784
35900,0.26023722
35901,0.10502615
35902,0.094840236
35903,0.058978096
35904,0.05530003
35905,0.10615226
35906,0.10214123
35907,0.116097614
35908,0.9955869
35909,0.097175874
35910,0.099462576
35911,0.09102092
35912,0.020281514
35913,0.1573951
35914,0.46153975
35915,0.08264173
35916,0.25347614
35917,0.028776718
35918,0.10713509
35919,0.013044395
35920,0.092027836
35921,0.025856316
35922,0.022083804
35923,0.056598954
35924,0.07074374
35925,0.02953921
35926,0.068972155
35927,0.014666274
35928,0.022088706
35929,0.27107674
35930,0.05581567
35931,0.0609401
35932,0.022033338
35933,0.038205907
35934,0.098557726
35935,0.117768236
35936,0.93819255
35937,0.08375174
35938,0.26087493
35939,0.06756135
35940,0.05041555
35941,0.038627643
35942,0.043716356
35943,0.01408986
35944,0.4101302
35945,0.02435995
35946,0.007080342
35947,0.0069487924
35948,0.018158767
35949,0.014764257
35950,0.06851563
35951,0.1374936
35952,0.030149022
35953,0.13198496
35954,0.05013755
35955,0.032030888
35956,0.008416772
35957,0.06408266
35958,0.38306925
35959,0.033656072
35960,0.005725014
35961,0.02207628
35962,0.0048855585
35963,0.045484863
35964,0.034512505
35965,0.13525584
35966,0.06817317
35967,0.01617789
35968,0.020405399
35969,0.0837165
35970,0.15958129
35971,0.122785665
35972,0.09202248
35973,0.08119883
35974,0.030080954
35975,0.07090602
35976,0.021411587
35977,0.07807511
35978,0.18825002
35979,0.2557997
35980,0.0106599545
35981,0.010238447
35982,0.01574079
35983,0.010117383
35984,0.018516256
35985,0.008326564
35986,0.01739416
35987,0.008647689
35988,0.01748524
35989,0.018389542
35990,0.038276326
35991,0.08112118
35992,0.07251096
35993,0.1274583
35994,0.2596066
35995,0.015844723
35996,0.30867943
35997,0.021413185
35998,0.00878806
35999,0.01563141
36000,0.020124292
36001,0.016439706
36002,0.034304045
36003,0.013380925
36004,0.017381659
36005,0.086721
36006,0.032654095
36007,0.06151756
36008,0.06376369
36009,0.022623003
36010,0.009156177
36011,0.0051941755
36012,0.12666842
36013,0.027507083
36014,0.0492203
36015,0.013718961
36016,0.03684614
36017,0.023578048
36018,0.12081614
36019,0.015745044
36020,0.30293936
36021,0.0794058
36022,0.079028204
36023,0.08195728
36024,0.01607047
36025,0.098426916
36026,0.021621658
36027,0.096277945
36028,0.018000139
36029,0.1204792
36030,0.16095196
36031,0.028756514
36032,0.03324698
36033,0.043898858
36034,0.033304594
36035,0.0331515
36036,0.013012749
36037,0.11092839
36038,0.086337075
36039,0.1998647
36040,0.031512007
36041,0.034326218
36042,0.0011751652
36043,0.010074091
36044,0.054830406
36045,0.020288713
36046,0.042273
36047,0.013630731
36048,0.0399174
36049,0.2815928
36050,0.26327536
36051,0.026709598
36052,0.13319091
36053,0.026877021
36054,0.029742282
36055,0.04045497
36056,0.025781859
36057,0.04072414
36058,0.046641544
36059,0.033576008
36060,0.039870597
36061,0.035623137
36062,0.037352815
36063,0.08017428
36064,0.030775838
36065,0.3700358
36066,0.033544056
36067,0.062173896
36068,0.031069232
36069,0.26522848
36070,0.37420672
36071,0.019075917
36072,0.04091574
36073,0.027568566
36074,0.28547004
36075,0.06604252
36076,0.39218158
36077,0.08133134
36078,0.1091252
36079,0.062629044
36080,0.09425485
36081,0.02634936
36082,0.39908037
36083,0.75281733
36084,0.26680773
36085,0.044422634
36086,0.04237512
36087,0.2802917
36088,0.05615355
36089,0.013596077
36090,0.022117902
36091,0.022345383
36092,0.014268724
36093,0.10339822
36094,0.2586105
36095,0.60092336
36096,0.49664205
36097,0.036026586
36098,0.07698858
36099,0.26072282
36100,0.15476684
36101,0.021188643
36102,0.04769152
36103,0.03556686
36104,0.0648478
36105,0.09014583
36106,0.41980478
36107,0.2529506
36108,0.26333275
36109,0.5565363
36110,0.1155484
36111,0.025404222
36112,0.45953286
36113,0.020062264
36114,0.06274478
36115,0.14331608
36116,0.051927887
36117,0.052102968
36118,0.03273676
36119,0.07698754
36120,0.08732361
36121,0.09607395
36122,0.08251974
36123,0.03561682
36124,0.03441088
36125,0.07910998
36126,0.30205715
36127,0.053239226
36128,0.033562854
36129,0.057388883
36130,0.0641993
36131,0.07627297
36132,0.03739725
36133,0.083903186
36134,0.056230396
36135,0.13817139
36136,0.0560546
36137,0.15072891
36138,0.057504542
36139,0.045516822
36140,0.017074712
36141,0.45904768
36142,0.21905154
36143,0.06853276
36144,0.4011016
36145,0.44930196
36146,0.08828451
36147,0.062484123
36148,0.017858595
36149,0.025836
36150,0.039506476
36151,0.071257696
36152,0.07190659
36153,0.08187536
36154,0.27129638
36155,0.4409462
36156,0.36952093
36157,0.05501535
36158,0.012576816
36159,0.027084416
36160,0.035642527
36161,0.29287645
36162,0.023699317
36163,0.043305144
36164,0.01186781
36165,0.067047946
36166,0.027782505
36167,0.35996112
36168,0.56810015
36169,0.09409095
36170,0.029360067
36171,0.03198155
36172,0.05077437
36173,0.06513429
36174,0.022183714
36175,0.026304796
36176,0.015167098
36177,0.10601528
36178,0.18196835
36179,0.09863858
36180,0.106004655
36181,0.056424223
36182,0.033337433
36183,0.029109698
36184,0.031672303
36185,0.03163775
36186,0.12182334
36187,0.063794844
36188,0.113487795
36189,0.025636263
36190,0.047068007
36191,0.036382414
36192,0.023485696
36193,0.021248192
36194,0.024373284
36195,0.04687306
36196,0.026917517
36197,0.08599835
36198,0.45673275
36199,0.42473528
36200,0.053657126
36201,0.039813034
36202,0.03596136
36203,0.10625665
36204,0.07002308
36205,0.010951453
36206,0.06005892
36207,0.01119232
36208,0.028559446
36209,0.27171943
36210,0.026513137
36211,0.022766279
36212,0.032453306
36213,0.0695763
36214,0.07752714
36215,0.2776273
36216,0.27835137
36217,0.2690495
36218,0.07833543
36219,0.04608608
36220,0.021564811
36221,0.061131645
36222,0.04802593
36223,0.2712997
36224,0.06044632
36225,0.55373436
36226,0.13296625
36227,0.11886397
36228,0.05100821
36229,0.018192258
36230,0.06026911
36231,0.021688944
36232,0.017812744
36233,0.08678742
36234,0.043997142
36235,0.09189992
36236,0.0696642
36237,0.13504148
36238,0.27403194
36239,0.4505656
36240,0.078992605
36241,0.025906678
36242,0.10001677
36243,0.014073482
36244,0.036915988
36245,0.098808646
36246,0.0685166
36247,0.1289472
36248,0.04916829
36249,0.11519235
36250,0.03681569
36251,0.059276138
36252,0.009723098
36253,0.13877422
36254,0.008999902
36255,0.024607193
36256,0.065077335
36257,0.02998687
36258,0.020274514
36259,0.033456337
36260,0.058890924
36261,0.08645575
36262,0.13962118
36263,0.1249484
36264,0.27667516
36265,0.265986
36266,0.27240923
36267,0.012853196
36268,0.104023784
36269,0.056035396
36270,0.050413787
36271,0.09837502
36272,0.031735346
36273,0.022153923
36274,0.055807147
36275,0.03725619
36276,0.051981725
36277,0.079034686
36278,0.05808461
36279,0.08576002
36280,0.012307436
36281,0.03630013
36282,0.115995646
36283,0.06464411
36284,0.2454242
36285,0.5536501
36286,0.12550199
36287,0.12856802
36288,0.0750953
36289,0.0872134
36290,0.08224093
36291,0.08793644
36292,0.06345885
36293,0.009236609
36294,0.022457927
36295,0.28250816
36296,0.0687605
36297,0.08172028
36298,0.060808916
36299,0.07558966
36300,0.011022755
36301,0.020473389
36302,0.014895581
36303,0.04177581
36304,0.48744315
36305,0.07760828
36306,0.05231886
36307,0.12619181
36308,0.8829325
36309,0.11177504
36310,0.017251505
36311,0.12716033
36312,0.06703103
36313,0.2670342
36314,0.40383047
36315,0.07119712
36316,0.019725926
36317,0.057330918
36318,0.060555253
36319,0.109004535
36320,0.14977646
36321,0.045391656
36322,0.25899705
36323,0.086248636
36324,0.07301666
36325,0.0072402754
36326,0.01827976
36327,0.058904473
36328,0.07239784
36329,0.014552062
36330,0.13138843
36331,0.15463504
36332,0.26542807
36333,0.0999868
36334,0.038651105
36335,0.12235205
36336,0.15605234
36337,0.18470885
36338,0.06326382
36339,0.061572276
36340,0.023145054
36341,0.07456822
36342,0.47109437
36343,0.03968146
36344,0.14097522
36345,0.30052298
36346,0.14106232
36347,0.011551202
36348,0.012801286
36349,0.008050753
36350,0.044114273
36351,0.05640409
36352,0.26944694
36353,0.42164195
36354,0.103280835
36355,0.10837797
36356,0.15173551
36357,0.25609726
36358,0.15381536
36359,0.18647066
36360,0.3958436
36361,0.08787027
36362,0.06344362
36363,0.10476726
36364,0.065530926
36365,0.28608096
36366,0.92636615
36367,0.04931568
36368,0.37103334
36369,0.012488588
36370,0.05339714
36371,0.1980584
36372,0.04889512
36373,0.08010352
36374,0.015213884
36375,0.046641134
36376,0.011556961
36377,0.50004286
36378,0.05618529
36379,0.10138603
36380,0.26729903
36381,0.15058333
36382,0.19591928
36383,0.2820121
36384,0.18430527
36385,0.028157791
36386,0.27230743
36387,0.25834557
36388,0.13409589
36389,0.9758979
36390,0.46215215
36391,0.43275565
36392,0.02042937
36393,0.2570413
36394,0.07308764
36395,0.026468616
36396,0.019721609
36397,0.008924805
36398,0.0075112735
36399,0.057014834
36400,0.014339927
36401,0.04065389
36402,0.070888944
36403,0.11716844
36404,0.11285798
36405,0.119284
36406,0.10250817
36407,0.14283158
36408,0.11545517
36409,0.023486016
36410,0.11760322
36411,0.27260742
36412,0.0691651
36413,1.0062773
36414,0.98997706
36415,0.5674233
36416,0.0023152954
36417,0.024639063
36418,0.09460066
36419,0.4132139
36420,0.0944942
36421,0.018285258
36422,0.056940258
36423,0.0051054354
36424,0.0060276557
36425,0.052864898
36426,0.07002107
36427,0.052179445
36428,0.44204372
36429,0.023410765
36430,0.03523896
36431,0.12730835
36432,0.12723671
36433,0.0581533
36434,0.05013102
36435,0.37708676
36436,0.09555096
36437,0.13127358
36438,0.11688758
36439,0.118047
36440,0.99755293
36441,0.97477645
36442,0.5474025
36443,0.012209001
36444,0.071745686
36445,0.025353706
36446,0.006608664
36447,0.44822434
36448,0.098765925
36449,0.2888025
36450,0.052472502
36451,0.10521761
36452,0.014625992
36453,0.094378375
36454,0.11304406
36455,0.13855195
36456,0.15520208
36457,0.55703706
36458,0.54310864
36459,0.16047221
36460,0.15592355
36461,0.102622844
36462,0.066004634
36463,0.1207304
36464,0.04870124
36465,0.030136302
36466,0.13407087
36467,0.14360276
36468,0.0682809
36469,0.11839831
36470,0.024884783
36471,0.9835187
36472,1.0496103
36473,0.92162967
36474,0.11073325
36475,0.05545486
36476,0.2563099
36477,0.45766172
36478,0.025401032
36479,0.012197076
36480,0.01157703
36481,0.10773012
36482,0.058942214
36483,0.44556266
36484,1.0438224
36485,0.082187876
36486,0.12647143
36487,0.10795381
36488,0.15109533
36489,0.0795058
36490,0.24342036
36491,0.1117304
36492,0.040272072
36493,0.101896524
36494,0.118627496
36495,0.11923567
36496,0.056004032
36497,0.44789726
36498,0.42649028
36499,0.14352605
36500,0.08249912
36501,0.11221294
36502,0.07642476
36503,0.20042142
36504,0.027676066
36505,0.046232026
36506,0.038414743
36507,0.008251994
36508,0.041533764
36509,0.04546612
36510,0.41539285
36511,0.7145655
36512,0.18946475
36513,0.17609587
36514,0.1308342
36515,0.16142023
36516,0.14830099
36517,0.61617345
36518,0.06456246
36519,0.037212275
36520,0.031070221
36521,0.15082708
36522,0.1574773
36523,0.40114594
36524,0.30009714
36525,0.27529037
36526,0.1375108
36527,1.0490243
36528,0.25669137
36529,0.014535533
36530,0.13274378
36531,0.16650046
36532,0.020350298
36533,0.06120088
36534,0.45001552
36535,0.05694063
36536,0.03338345
36537,0.032048237
36538,0.046978768
36539,0.14872004
36540,0.43632674
36541,0.2664724
36542,0.4995609
36543,0.43310046
36544,0.15137279
36545,0.15394863
36546,0.27200916
36547,0.022456527
36548,0.15071796
36549,0.08074816
36550,0.06323308
36551,0.45496753
36552,0.28100052
36553,0.06311228
36554,0.51401335
36555,0.43180168
36556,0.0025463707
36557,0.09125325
36558,0.12493102
36559,0.095463574
36560,0.05826417
36561,0.007862331
36562,0.019887011
36563,0.051089372
36564,0.09811963
36565,0.10456844
36566,0.14704004
36567,0.41749364
36568,0.8598907
36569,0.40874416
36570,0.26400194
36571,0.6051752
36572,0.10447335
36573,0.012342264
36574,0.0754145
36575,0.080272615
36576,0.26093504
36577,0.18911007
36578,0.07227962
36579,0.0251641
36580,0.06641981
36581,0.14367369
36582,0.015308927
36583,0.048531316
36584,0.11497075
36585,0.015089672
36586,0.040400933
36587,0.0039886087
36588,0.029729677
36589,0.07642449
36590,0.059052072
36591,0.092480466
36592,0.42729336
36593,0.2588742
36594,0.4355644
36595,0.7819961
36596,0.5911088
36597,0.27396974
36598,0.13150148
36599,0.050654545
36600,0.019310808
36601,0.061552204
36602,0.1333022
36603,0.016299082
36604,0.03687732
36605,0.9312332
36606,0.061058722
36607,0.017747676
36608,0.07422194
36609,0.064083986
36610,0.27695593
36611,0.046935264
36612,0.055554353
36613,0.020133745
36614,0.052361686
36615,0.0065349434
36616,0.012504292
36617,0.02355016
36618,0.09986459
36619,0.12683544
36620,0.6514294
36621,0.42263767
36622,0.2785638
36623,1.1842172
36624,0.2814631
36625,0.34871918
36626,0.16082156
36627,0.040654566
36628,0.03210762
36629,0.042510808
36630,0.058377445
36631,0.05815901
36632,0.03860745
36633,0.074645914
36634,0.4338354
36635,0.10968372
36636,0.3133233
36637,0.032404758
36638,0.1357932
36639,0.14014985
36640,0.16148804
36641,0.26672107
36642,0.052844793
36643,0.023635512
36644,0.00617537
36645,0.046334866
36646,0.15498771
36647,0.9918298
36648,0.41645586
36649,0.74609554
36650,0.4037086
36651,0.39947686
36652,0.16565472
36653,0.1048634
36654,0.054085284
36655,0.025141206
36656,0.048017345
36657,0.029985702
36658,0.14091693
36659,0.14457825
36660,0.08854918
36661,0.29418012
36662,0.02966307
36663,0.08504377
36664,0.40892163
36665,0.052025374
36666,0.0043459763
36667,0.0084906705
36668,0.1297766
36669,0.26710582
36670,0.038128246
36671,0.26432005
36672,0.16779247
36673,0.08362512
36674,0.12987228
36675,0.028793575
36676,0.120192535
36677,0.097150594
36678,0.04752266
36679,0.14361474
36680,0.12781236
36681,0.049779862
36682,0.13795297
36683,0.014417897
36684,0.017699005
36685,0.2616788
36686,0.029347211
36687,0.13352884
36688,0.0406284
36689,0.059027437
36690,0.052284863
36691,0.18594041
36692,0.27098534
36693,0.60233635
36694,0.111770615
36695,0.004759419
36696,0.009495423
36697,0.020960523
36698,0.020431692
36699,0.028475195
36700,0.07165902
36701,0.07955404
36702,0.26114768
36703,0.013366876
36704,0.036516085
36705,0.016709168
36706,0.03693885
36707,0.020338045
36708,0.010864682
36709,0.030164236
36710,0.083832696
36711,0.09942474
36712,0.3788097
36713,0.018305454
36714,0.020239811
36715,0.04112158
36716,0.08193794
36717,0.110175885
36718,0.364656
36719,0.10893527
36720,0.009328804
36721,0.007692615
36722,0.2557002
36723,0.041637823
36724,0.09048219
36725,0.1446934
36726,0.018918592
36727,0.4199079
36728,0.015008849
36729,0.019065281
36730,0.01875368
36731,0.13392185
36732,0.075494446
36733,0.04954251
36734,0.020175086
36735,0.031127186
36736,0.07414016
36737,0.20583905
36738,0.035147596
36739,0.023286391
36740,0.030669268
36741,0.05295649
36742,0.079721995
36743,0.278484
36744,0.079388246
36745,0.28040674
36746,0.10913995
36747,0.01718647
36748,0.05932621
36749,0.06298245
36750,0.12910868
36751,0.30226213
36752,0.27547154
36753,0.011412739
36754,0.09266256
36755,0.057340417
36756,0.37629822
36757,0.61454004
36758,0.13201368
36759,0.10319941
36760,0.011962298
36761,0.09324917
36762,0.056665108
36763,0.050942585
36764,0.10012522
36765,0.09886473
36766,0.114605464
36767,0.99097234
36768,0.023088329
36769,0.09484294
36770,0.09262749
36771,0.08508947
36772,0.019531194
36773,0.14913133
36774,0.46759862
36775,0.08414024
36776,0.25707608
36777,0.02723267
36778,0.105214715
36779,0.011092383
36780,0.08806797
36781,0.023592278
36782,0.02152514
36783,0.054012895
36784,0.07091368
36785,0.028895438
36786,0.018557264
36787,0.06799043
36788,0.019861387
36789,0.16525173
36790,0.059228346
36791,0.021181153
36792,0.035409372
36793,0.09560408
36794,0.11951989
36795,0.025395878
36796,0.028177243
36797,0.07148439
36798,0.98095304
36799,0.078928836
36800,0.1365306
36801,0.06369732
36802,0.045465123
36803,0.037563648
36804,0.04215406
36805,0.013127819
36806,0.42700332
36807,0.024356589
36808,0.0056631314
36809,0.0032063543
36810,0.004843921
36811,0.06614704
36812,0.26272392
36813,0.13009109
36814,0.047341283
36815,0.059410095
36816,0.2950796
36817,0.030592436
36818,0.024918213
36819,0.021217285
36820,0.042796135
36821,0.03467559
36822,0.25367013
36823,0.06581325
36824,0.014817103
36825,0.017317053
36826,0.08416192
36827,0.16024683
36828,0.11514932
36829,0.089735776
36830,0.07805996
36831,0.028777812
36832,0.067504875
36833,0.07445665
36834,0.18530457
36835,0.25635806
36836,0.010214817
36837,0.027234292
36838,0.009057214
36839,0.007825204
36840,0.017781734
36841,0.016868187
36842,0.017063826
36843,0.03633789
36844,0.07636462
36845,0.07117992
36846,0.12531833
36847,0.015610762
36848,0.25946367
36849,0.012695402
36850,0.30402535
36851,0.01920137
36852,0.013567527
36853,0.017929113
36854,0.004696249
36855,0.015838025
36856,0.03333144
36857,0.012657573
36858,0.015302382
36859,0.08681299
36860,0.029768595
36861,0.059780393
36862,0.016289586
36863,0.061299495
36864,0.018914316
36865,0.1152577
36866,0.025043821
36867,0.048491865
36868,0.012369952
36869,0.037085555
36870,0.011988976
36871,0.0225209
36872,0.1128603
36873,0.30212805
36874,0.07456796
36875,0.07432245
36876,0.08143395
36877,0.09323814
36878,0.02164982
36879,0.09643094
36880,0.017159289
36881,0.1173459
36882,0.15735352
36883,0.026206756
36884,0.029820727
36885,0.041958228
36886,0.0075652343
36887,0.008088937
36888,0.0024215346
36889,0.0069197635
36890,0.031677287
36891,0.012417072
36892,0.10570061
36893,0.083536886
36894,0.009585972
36895,0.20147878
36896,0.028806819
36897,0.015307841
36898,0.00023316643
36899,0.00746179
36900,0.0534183
36901,0.01697497
36902,0.028562509
36903,0.038793445
36904,0.035894208
36905,0.13353486
36906,0.4056679
36907,0.023808882
36908,0.27345943
36909,0.023974929
36910,0.044780653
36911,0.029297447
36912,0.036747165
36913,0.039989643
36914,0.050908282
36915,0.05069525
36916,0.03552769
36917,0.03344798
36918,0.07944789
36919,0.04461024
36920,0.034674365
36921,0.37983143
36922,0.038848642
36923,0.061670057
36924,0.03442598
36925,0.28175527
36926,0.27491355
36927,0.024961632
36928,0.039717037
36929,0.008414471
36930,0.37542263
36931,0.06679268
36932,0.37120476
36933,0.07348296
36934,0.11202562
36935,0.06598219
36936,0.09427878
36937,0.009415197
36938,0.009398602
36939,0.38261658
36940,0.035263814
36941,0.8261085
36942,0.2725426
36943,0.038225558
36944,0.2792724
36945,0.06130162
36946,0.014587804
36947,0.024774585
36948,0.011036238
36949,0.104326695
36950,0.2605561
36951,0.6054326
36952,0.55286837
36953,0.04282508
36954,0.12415597
36955,0.14911264
36956,0.048570033
36957,0.034813583
36958,0.06617056
36959,0.080967836
36960,0.032863
36961,0.41577068
36962,0.12532474
36963,0.25796774
36964,0.5552297
36965,0.11260651
36966,0.48528996
36967,0.065266
36968,0.16109543
36969,0.053246368
36970,0.044134315
36971,0.031367753
36972,0.08272911
36973,0.032138497
36974,0.08277641
36975,0.10040575
36976,0.08441709
36977,0.031570453
36978,0.03052709
36979,0.0888101
36980,0.2833677
36981,0.047350146
36982,0.032342333
36983,0.05614787
36984,0.08066626
36985,0.03619965
36986,0.02626121
36987,0.05217435
36988,0.15238376
36989,0.05418685
36990,0.2637374
36991,0.05436305
36992,0.04466069
36993,0.031029614
36994,0.010832224
36995,0.46872208
36996,0.22490777
36997,0.009986557
36998,0.06993859
36999,0.41808075
37000,0.46346498
37001,0.009895392
37002,0.08970443
37003,0.0635078
37004,0.01823233
37005,0.024171444
37006,0.03788958
37007,0.0730561
37008,0.069756486
37009,0.08217716
37010,0.26897213
37011,0.4223354
37012,0.19731596
37013,0.05605011
37014,0.03301558
37015,0.03660183
37016,0.3023918
37017,0.041767016
37018,0.005954643
37019,0.06957894
37020,0.26247475
37021,0.54756093
37022,0.093914494
37023,0.02804788
37024,0.030182477
37025,0.049686875
37026,0.06755598
37027,0.031144898
37028,0.011771799
37029,0.10667043
37030,0.18007137
37031,0.09835518
37032,0.10551035
37033,0.056061387
37034,0.009767233
37035,0.03176636
37036,0.030708706
37037,0.03070051
37038,0.035464544
37039,0.25710264
37040,0.0588332
37041,0.11568745
37042,0.02300183
37043,0.04786576
37044,0.036174495
37045,0.021067366
37046,0.024214478
37047,0.045035638
37048,0.031140389
37049,0.081078514
37050,0.48950845
37051,0.41704082
37052,0.049908154
37053,0.041358657
37054,0.037769377
37055,0.10932428
37056,0.0740623
37057,0.0124953
37058,0.05970051
37059,0.016736565
37060,0.010326459
37061,0.02889669
37062,0.0076055266
37063,0.17444436
37064,0.025944049
37065,0.024883134
37066,0.031693697
37067,0.07118893
37068,0.07601304
37069,0.16622418
37070,0.26981178
37071,0.27379304
37072,0.07536422
37073,0.048084874
37074,0.023090655
37075,0.06249783
37076,0.048332445
37077,0.27813593
37078,0.059394963
37079,0.5845362
37080,0.1311493
37081,0.11766303
37082,0.05465824
37083,0.050650313
37084,0.019709751
37085,0.008805578
37086,0.05893855
37087,0.008358379
37088,0.016995357
37089,0.018000295
37090,0.08843058
37091,0.044646695
37092,0.09524076
37093,0.07133799
37094,0.13083778
37095,0.27586353
37096,0.46136177
37097,0.078796834
37098,0.024933688
37099,0.09786982
37100,0.038270954
37101,0.102282465
37102,0.06865543
37103,0.12559511
37104,0.0467685
37105,0.11550848
37106,0.037793536
37107,0.028079655
37108,0.019048316
37109,0.13490629
37110,0.06474196
37111,0.027431723
37112,0.022649437
37113,0.032523293
37114,0.061303962
37115,0.088237554
37116,0.1371191
37117,0.12415078
37118,0.27811906
37119,0.27107838
37120,0.16237353
37121,0.014142928
37122,0.103096
37123,0.0064430903
37124,0.05543802
37125,0.05442186
37126,0.09839084
37127,0.032437503
37128,0.051478185
37129,0.03940498
37130,0.050969154
37131,0.07451373
37132,0.029811485
37133,0.05642928
37134,0.006280707
37135,0.08118618
37136,0.012565795
37137,0.034419987
37138,0.11682057
37139,0.06470634
37140,0.14816734
37141,0.57672006
37142,0.12275074
37143,0.12831488
37144,0.07463753
37145,0.08910304
37146,0.08057415
37147,0.091340825
37148,0.061083503
37149,0.0048761824
37150,0.009342966
37151,0.019733971
37152,0.19201541
37153,0.068790644
37154,0.08604936
37155,0.06078081
37156,0.07074549
37157,0.018323094
37158,0.016672507
37159,0.019681614
37160,0.04004144
37161,0.4574259
37162,0.07265829
37163,0.052873928
37164,0.124247886
37165,0.8703718
37166,0.112600826
37167,0.1262634
37168,0.06543268
37169,0.2649084
37170,0.39115587
37171,0.0678041
37172,0.01841439
37173,0.058948193
37174,0.065049544
37175,0.11003936
37176,0.15298186
37177,0.043853484
37178,0.25668165
37179,0.08393825
37180,0.07077154
37181,0.008341612
37182,0.01853699
37183,0.059655767
37184,0.069385365
37185,0.014235025
37186,0.13632467
37187,0.15421884
37188,0.27150998
37189,0.098004185
37190,0.03753744
37191,0.12461567
37192,0.16056462
37193,0.18782876
37194,0.06566578
37195,0.060743768
37196,0.022369744
37197,0.076220945
37198,0.47130635
37199,0.040431898
37200,0.1392142
37201,0.3815581
37202,0.14450368
37203,0.015657434
37204,0.0070031025
37205,0.009763631
37206,0.042136826
37207,0.058232587
37208,0.2797641
37209,0.4498806
37210,0.103970714
37211,0.1091331
37212,0.1587755
37213,0.15288226
37214,0.14963283
37215,0.18711028
37216,0.3860887
37217,0.09196987
37218,0.021055978
37219,0.06207488
37220,0.112532735
37221,0.06903408
37222,0.2946541
37223,0.89755774
37224,0.051778942
37225,0.38371062
37226,0.012530351
37227,0.05608734
37228,0.20579499
37229,0.009081465
37230,0.04954725
37231,0.08245266
37232,0.0147887515
37233,0.052552342
37234,0.4906317
37235,0.056619786
37236,0.100442685
37237,0.26815492
37238,0.14784478
37239,0.1964761
37240,0.28120178
37241,0.28960615
37242,0.023605315
37243,0.27320293
37244,0.122498095
37245,0.13260101
37246,0.985076
37247,0.4574239
37248,0.3081692
37249,0.019667719
37250,0.1391767
37251,0.07203066
37252,0.02407971
37253,0.021724882
37254,0.056811657
37255,0.0076617906
37256,0.014881968
37257,0.040553063
37258,0.07335942
37259,0.120249845
37260,0.11009568
37261,0.11888306
37262,0.100396946
37263,0.14411592
37264,0.11602077
37265,0.023852346
37266,0.114965186
37267,0.28225544
37268,0.06920265
37269,0.97547257
37270,0.9453762
37271,0.5376387
37272,0.0013468399
37273,0.020998726
37274,0.016684132
37275,0.09680341
37276,0.41048777
37277,0.09475241
37278,0.05622505
37279,0.0077876276
37280,0.005993725
37281,0.050174583
37282,0.069382496
37283,0.050911218
37284,0.009681498
37285,0.43920213
37286,0.022757987
37287,0.034049965
37288,0.26845777
37289,0.1289213
37290,0.057307776
37291,0.05419081
37292,0.2527629
37293,0.09316256
37294,0.1336103
37295,0.115732126
37296,0.1190729
37297,0.98996735
37298,0.9104062
37299,0.5658439
37300,0.011742751
37301,0.07076215
37302,0.023721337
37303,0.008095346
37304,0.44157097
37305,0.10241908
37306,0.29827204
37307,0.053370155
37308,0.10367205
37309,0.013090894
37310,0.09384385
37311,0.11250941
37312,0.1355289
37313,0.15474373
37314,0.5395687
37315,0.5519803
37316,0.15690799
37317,0.15733998
37318,0.10137173
37319,0.06734051
37320,0.1211006
37321,0.047755484
37322,0.029460449
37323,0.13809767
37324,0.14444928
37325,0.06837155
37326,0.11563341
37327,0.021049209
37328,0.9439875
37329,1.0641696
37330,0.934183
37331,0.051324252
37332,0.3809709
37333,0.43264604
37334,0.025293425
37335,0.004954619
37336,0.009737972
37337,0.011395663
37338,0.034855943
37339,0.1098316
37340,0.05214803
37341,0.44939238
37342,1.0249969
37343,0.082451336
37344,0.12572369
37345,0.103650734
37346,0.14662938
37347,0.08003729
37348,0.1445734
37349,0.11159271
37350,0.039445195
37351,0.09977779
37352,0.12042692
37353,0.11532043
37354,0.05740096
37355,0.44192472
37356,0.431989
37357,0.14443101
37358,0.023532206
37359,0.11621803
37360,0.07678539
37361,0.18600604
37362,0.028402235
37363,0.047275636
37364,0.036941394
37365,0.007956045
37366,0.014280406
37367,0.039935403
37368,0.044666376
37369,0.26106083
37370,0.69206405
37371,0.19101155
37372,0.18223697
37373,0.13284874
37374,0.15769783
37375,0.14719173
37376,0.5558732
37377,0.06598727
37378,0.030519873
37379,0.14979328
37380,0.15684232
37381,0.25545314
37382,0.43461943
37383,0.27403703
37384,0.14605309
37385,1.0039625
37386,0.25119066
37387,0.13393389
37388,0.16977617
37389,0.02051284
37390,0.064182654
37391,0.45457646
37392,0.0541412
37393,0.034091707
37394,0.03372432
37395,0.044377882
37396,0.14592569
37397,0.4199862
37398,0.26782802
37399,0.32439032
37400,0.27193284
37401,0.15145227
37402,0.1512227
37403,0.2686879
37404,0.010324128
37405,0.022861484
37406,0.154431
37407,0.082876064
37408,0.06311359
37409,0.4651775
37410,0.29311025
37411,0.06458263
37412,0.5174863
37413,0.28497612
37414,0.0038988132
37415,0.091572486
37416,0.124313444
37417,0.09471396
37418,-0.0006428037
37419,0.052180674
37420,0.09743759
37421,0.1046956
37422,0.14989774
37423,0.44046402
37424,0.8821969
37425,0.4194394
37426,0.2636256
37427,0.56676763
37428,0.1052161
37429,0.012488245
37430,0.07522267
37431,0.07761071
37432,0.15016612
37433,0.27669364
37434,0.07232109
37435,0.023986408
37436,0.06679059
37437,0.14455482
37438,0.052020103
37439,0.120588645
37440,0.022438945
37441,0.03914749
37442,0.020157164
37443,0.0045798183
37444,0.030054374
37445,0.07620277
37446,0.05827971
37447,0.09641326
37448,0.4184984
37449,0.16636588
37450,0.43562725
37451,0.77511936
37452,0.60937315
37453,0.2744405
37454,0.12972756
37455,0.050938755
37456,0.06606683
37457,0.13129902
37458,0.018697219
37459,0.034418926
37460,0.96916366
37461,0.061538547
37462,0.0692733
37463,0.06485584
37464,0.27397725
37465,0.047417015
37466,0.05869788
37467,0.054544102
37468,0.006642065
37469,0.012466514
37470,0.023792757
37471,0.1005699
37472,0.124568544
37473,0.6364237
37474,0.435613
37475,0.27866465
37476,1.1707588
37477,0.39435446
37478,0.34884754
37479,0.16262321
37480,0.04191434
37481,0.030953165
37482,0.04385268
37483,0.059393324
37484,0.058400266
37485,0.04060585
37486,0.073561125
37487,0.44125026
37488,0.2515802
37489,0.29022318
37490,0.0320202
37491,0.13405469
37492,0.14007893
37493,0.16094638
37494,0.27177602
37495,0.05442719
37496,0.023522828
37497,0.045210544
37498,0.14920077
37499,1.0009531
37500,0.42093247
37501,0.72387123
37502,0.42572275
37503,0.264634
37504,0.16646916
37505,0.11024212
37506,0.05227484
37507,0.018492764
37508,0.02510052
37509,0.01599016
37510,0.030990763
37511,0.14263937
37512,0.14691861
37513,0.084966235
37514,0.19577055
37515,0.029439854
37516,0.08071548
37517,0.40382853
37518,0.05240544
37519,0.0068899714
37520,0.13260584
37521,0.26766482
37522,0.03941878
37523,0.14937188
37524,0.16378741
37525,0.08089939
37526,0.13159716
37527,0.11449895
37528,0.10090184
37529,0.048876554
37530,0.26169482
37531,0.13453941
37532,0.04929207
37533,0.008506762
37534,0.14139245
37535,0.12840846
37536,0.029338906
37537,0.1271772
37538,0.041609216
37539,0.05848481
37540,0.05174983
37541,0.17574066
37542,0.37075433
37543,0.6340775
37544,0.10738821
37545,0.005266795
37546,0.006948951
37547,0.021290503
37548,0.028776016
37549,0.07205919
37550,0.017975574
37551,0.0771946
37552,0.14473033
37553,0.013164325
37554,0.035162136
37555,0.01738907
37556,0.012204164
37557,0.029860698
37558,0.08281588
37559,0.097412996
37560,0.39642984
37561,0.018940877
37562,0.022310587
37563,0.040866237
37564,0.083444215
37565,0.110328086
37566,0.3794884
37567,0.109793894
37568,0.00916363
37569,0.008341081
37570,0.26120383
37571,0.020467894
37572,0.09022537
37573,0.2691801
37574,0.064042546
37575,0.009385743
37576,0.012524538
37577,0.30151445
37578,0.01755891
37579,0.021462891
37580,0.1316339
37581,0.07310891
37582,0.04908795
37583,0.031578053
37584,0.070521206
37585,0.19874384
37586,0.035081603
37587,0.026020052
37588,0.029384466
37589,0.0520721
37590,0.0793041
37591,0.27572653
37592,0.07744085
37593,0.2811172
37594,0.11017662
37595,0.027845604
37596,0.017374603
37597,0.05747837
37598,0.063913226
37599,0.030011652
37600,0.3779754
37601,0.27725264
37602,0.012196621
37603,0.09328028
37604,0.058335193
37605,0.0149031505
37606,0.37858894
37607,0.59795904
37608,0.12208359
37609,0.10163839
37610,0.09399392
37611,0.058641937
37612,0.053662814
37613,0.10225244
37614,0.098365
37615,0.11834194
37616,1.0026343
37617,0.093968846
37618,0.017233951
37619,0.09611546
37620,0.085569
37621,0.046421435
37622,0.14609393
37623,0.43896317
37624,0.08228388
37625,0.25352764
37626,0.026079644
37627,0.017047562
37628,0.10493801
37629,0.011561882
37630,0.08922585
37631,0.023751479
37632,0.0229881
37633,0.052806363
37634,0.07329812
37635,0.02666428
37636,0.06736573
37637,0.16271295
37638,0.052180625
37639,0.058166005
37640,0.03648821
37641,0.09673692
37642,0.11515523
37643,0.026802436
37644,0.027065305
37645,0.06960005
37646,0.9354953
37647,0.0804729
37648,0.13185427
37649,0.06430149
37650,0.045466
37651,0.035662226
37652,0.042179506
37653,0.006843639
37654,0.29096973
37655,0.02310175
37656,0.0065558637
37657,0.004226958
37658,0.06507653
37659,0.3993648
37660,0.011804516
37661,0.13111976
37662,0.028856257
37663,0.0068085906
37664,0.061597966
37665,0.2995573
37666,0.031187708
37667,0.02337176
37668,0.02006065
37669,0.041649252
37670,0.03403306
37671,0.13262625
37672,0.06781303
37673,0.016485618
37674,0.08584114
37675,0.2691472
37676,0.114676856
37677,0.0881727
37678,0.07673197
37679,0.02858665
37680,0.06745187
37681,0.07779482
37682,0.29740334
37683,0.14956199
37684,0.009566945
37685,0.027410643
37686,0.008988527
37687,0.00910638
37688,0.018134257
37689,0.016865136
37690,0.036378786
37691,0.077024035
37692,0.07041032
37693,0.12795106
37694,0.14359985
37695,0.013820329
37696,0.40407088
37697,0.014446847
37698,0.021255806
37699,0.020269763
37700,0.009918944
37701,0.014646504
37702,0.017429043
37703,0.004610564
37704,0.014501923
37705,0.033004366
37706,0.012971071
37707,0.015709128
37708,0.01670854
37709,0.0815779
37710,0.030291667
37711,0.060050897
37712,0.060151998
37713,0.006684304
37714,0.0088210115
37715,0.12172067
37716,0.025091574
37717,0.049308073
37718,0.037070863
37719,0.01359326
37720,0.021326376
37721,0.11550832
37722,0.30321625
37723,0.07447902
37724,0.07633655
37725,0.0824785
37726,0.094988346
37727,0.026780011
37728,0.09373574
37729,0.017139172
37730,0.11973906
37731,0.15582167
37732,0.025764514
37733,0.018494602
37734,0.042239726
37735,0.030417921
37736,0.03195426
37737,0.0075432737
37738,0.031104958
37739,0.10900607
37740,0.08653861
37741,0.008640477
37742,0.2963838
37743,0.023044722
37744,0.02888929
37745,0.013637083
37746,0.034380678
37747,0.051997937
37748,0.026395513
37749,0.03919577
37750,0.0118468385
37751,0.0132949175
37752,0.13655764
37753,0.25836518
37754,0.02282272
37755,0.12458596
37756,0.023354389
37757,0.02443037
37758,0.045653623
37759,0.040125173
37760,0.03986387
37761,0.030822312
37762,0.03729881
37763,0.046088673
37764,0.035683464
37765,0.031192642
37766,0.082338676
37767,0.024256501
37768,0.031063907
37769,0.023697123
37770,0.38197482
37771,0.027148722
37772,0.057985984
37773,0.13537823
37774,0.13704184
37775,0.022197688
37776,0.039344456
37777,0.2862761
37778,0.0659695
37779,0.39190117
37780,0.074945755
37781,0.110980734
37782,0.06366323
37783,0.09348199
37784,0.13263422
37785,0.026991291
37786,0.79742235
37787,0.13358107
37788,0.04060027
37789,0.26294056
37790,0.06139071
37791,0.01330043
37792,0.024724936
37793,0.038832255
37794,0.10496952
37795,0.140177
37796,0.5699054
37797,0.33907843
37798,0.037779428
37799,0.12494799
37800,0.14987838
37801,0.010996732
37802,0.053830843
37803,0.034593616
37804,0.063238725
37805,0.010154566
37806,0.091441445
37807,0.033641867
37808,0.42163536
37809,0.12967375
37810,0.2743661
37811,0.52902085
37812,0.24140848
37813,0.026433919
37814,0.4845775
37815,0.020927655
37816,0.06263409
37817,0.1596394
37818,0.050835937
37819,0.049408417
37820,0.030275254
37821,0.07676013
37822,0.028762935
37823,0.08381065
37824,0.0986418
37825,0.085587256
37826,0.08655149
37827,0.39543486
37828,0.05332166
37829,0.03371056
37830,0.05563096
37831,0.06121651
37832,0.07370445
37833,0.036891032
37834,0.023958426
37835,0.051327344
37836,0.13895041
37837,0.052040886
37838,0.2716553
37839,0.05751098
37840,0.042134505
37841,0.028577806
37842,0.46584675
37843,0.3488917
37844,0.074873716
37845,0.39567468
37846,0.4476957
37847,0.011095319
37848,0.09197645
37849,0.06301617
37850,0.039693333
37851,0.06787722
37852,0.06811914
37853,0.08507293
37854,0.16259456
37855,0.42684802
37856,0.20435485
37857,0.05447667
37858,0.031516198
37859,0.038633704
37860,0.2983311
37861,0.023794407
37862,0.04504509
37863,0.0118408045
37864,0.23103108
37865,0.04203325
37866,0.2634356
37867,0.569865
37868,0.091989495
37869,0.031156782
37870,0.04828087
37871,0.06496179
37872,0.028888213
37873,0.11011774
37874,0.1815108
37875,0.103881694
37876,0.099316515
37877,0.05676418
37878,0.031427186
37879,0.030956099
37880,0.029428374
37881,0.035227023
37882,0.25449094
37883,0.0588332
37884,0.1130041
37885,0.025350211
37886,0.044956557
37887,0.03486197
37888,0.02156277
37889,0.021547295
37890,0.024210684
37891,0.04680218
37892,0.025831437
37893,0.07996099
37894,0.48217094
37895,0.41297352
37896,0.050837737
37897,0.040156163
37898,0.102523565
37899,0.070149004
37900,0.008722384
37901,0.05853107
37902,0.014832547
37903,0.17874752
37904,0.02653338
37905,0.02464241
37906,0.032407798
37907,0.06983446
37908,0.07703098
37909,0.16518617
37910,0.15003905
37911,0.270785
37912,0.07688376
37913,0.04485758
37914,0.021103613
37915,0.06245618
37916,0.049060255
37917,0.015037334
37918,0.27278745
37919,0.05694272
37920,0.5691375
37921,0.1277192
37922,0.020324655
37923,0.11909317
37924,0.051528964
37925,0.051153317
37926,0.018161532
37927,0.0071803345
37928,0.0074842446
37929,0.060584728
37930,0.018517585
37931,0.015345734
37932,0.017747836
37933,0.084538706
37934,0.044120055
37935,0.09276086
37936,0.06955841
37937,0.13421981
37938,0.16806538
37939,0.45207214
37940,0.079846054
37941,0.026546594
37942,0.09573651
37943,0.01564537
37944,0.03922536
37945,0.0033671653
37946,0.09725817
37947,0.06415013
37948,0.1261181
37949,0.0479862
37950,0.11510854
37951,0.03780725
37952,0.05749369
37953,0.028612014
37954,0.14025137
37955,0.006301157
37956,0.06877461
37957,0.028342037
37958,0.020780846
37959,0.033280022
37960,0.058036838
37961,0.09147918
37962,0.13849202
37963,0.12496461
37964,0.28162366
37965,0.265986
37966,0.16405977
37967,0.013890026
37968,0.10464547
37969,0.009589311
37970,0.05730901
37971,0.047358595
37972,0.09327666
37973,0.029610524
37974,0.023499183
37975,0.053939726
37976,0.036170155
37977,0.05077232
37978,0.075552076
37979,0.026962277
37980,0.05511233
37981,0.0022301483
37982,0.08416058
37983,0.010195623
37984,0.035801664
37985,0.24139434
37986,0.06547343
37987,0.14896381
37988,0.5788685
37989,0.12401821
37990,0.12954511
37991,0.073100545
37992,0.08667714
37993,0.07979406
37994,0.09064542
37995,0.060335435
37996,0.005611533
37997,0.02111555
37998,0.28880894
37999,0.06529808
38000,0.076378725
38001,0.061058495
38002,0.06923826
38003,0.012265995
38004,0.02102119
38005,0.013011679
38006,0.018765694
38007,0.04135696
38008,0.43930933
38009,0.073410645
38010,0.05358744
38011,0.12619181
38012,0.85239476
38013,0.11393608
38014,0.017077895
38015,0.1290222
38016,0.066815116
38017,0.26514718
38018,0.37450418
38019,0.069177486
38020,0.019843997
38021,0.058472816
38022,0.061845515
38023,0.11315616
38024,0.1495762
38025,0.04501913
38026,0.1600247
38027,0.081767134
38028,0.0725041
38029,0.0077832416
38030,0.01997495
38031,0.05888468
38032,0.0709047
38033,0.014255847
38034,0.13434565
38035,0.15360275
38036,0.26623213
38037,0.09820969
38038,0.037858095
38039,0.12376469
38040,0.16061829
38041,0.2706884
38042,0.06205575
38043,0.06295908
38044,0.023248902
38045,0.0721242
38046,0.4732953
38047,0.040384006
38048,0.13731234
38049,0.38060087
38050,0.14313714
38051,0.013531513
38052,0.008487971
38053,0.007852968
38054,0.042002477
38055,0.05804781
38056,0.27894184
38057,0.42116123
38058,0.103261515
38059,0.10558656
38060,0.160673
38061,0.15676768
38062,0.15744834
38063,0.18747248
38064,0.397292
38065,0.08418299
38066,0.06326569
38067,0.10506226
38068,0.0687459
38069,0.20376739
38070,0.92784953
38071,0.0507935
38072,0.37028676
38073,0.05172666
38074,0.20027567
38075,0.009249122
38076,0.04951982
38077,0.08295201
38078,0.015408118
38079,0.051618572
38080,0.45737797
38081,0.05466158
38082,0.10029785
38083,0.26605445
38084,0.1513809
38085,0.19298458
38086,0.28179726
38087,0.28210747
38088,0.026527522
38089,0.17192082
38090,0.12249144
38091,0.13272695
38092,0.99987805
38093,0.45339388
38094,0.31164977
38095,0.023289874
38096,0.14558299
38097,0.070778556
38098,0.015147531
38099,0.05500551
38100,0.005719766
38101,0.014622841
38102,0.040821802
38103,0.07180307
38104,0.11870397
38105,0.1101275
38106,0.118829474
38107,0.09826981
38108,0.14187771
38109,0.11768501
38110,0.022906221
38111,0.12290253
38112,0.16908911
38113,0.017677208
38114,0.06944708
38115,0.9800331
38116,0.97098196
38117,0.5243108
38118,0.002765939
38119,0.02185584
38120,0.017072618
38121,0.09361758
38122,0.44605348
38123,0.09230716
38124,0.062510796
38125,0.006582145
38126,0.0066610193
38127,0.050267946
38128,0.07012477
38129,0.05052186
38130,0.009037108
38131,0.43887058
38132,0.022839934
38133,0.034911707
38134,0.12953654
38135,0.12649386
38136,0.056222834
38137,0.051277064
38138,0.2581503
38139,0.09610925
38140,0.13378078
38141,0.11576765
38142,0.11759439
38143,0.9825268
38144,0.9710958
38145,0.51420933
38146,0.070149764
38147,0.023716655
38148,0.41406885
38149,0.09782916
38150,0.2875513
38151,0.052538652
38152,0.10274786
38153,0.012937797
38154,0.093990445
38155,0.11240609
38156,0.13696706
38157,0.16720942
38158,0.55298626
38159,0.55063766
38160,0.15402558
38161,0.15235949
38162,0.10211257
38163,0.06634696
38164,0.119928524
38165,0.05009905
38166,0.028551707
38167,0.018509649
38168,0.13490033
38169,0.14238915
38170,0.067071155
38171,0.11967096
38172,0.022028236
38173,0.97396916
38174,1.0741316
38175,0.9477449
38176,0.05355981
38177,0.26157114
38178,0.45883232
38179,0.025926897
38180,0.0049743103
38181,0.03593643
38182,0.10752215
38183,0.053276245
38184,0.30354217
38185,1.0528412
38186,0.08277613
38187,0.12740643
38188,0.10879817
38189,0.14640388
38190,0.085128576
38191,0.14148472
38192,0.110711694
38193,0.039152555
38194,0.10356151
38195,0.11537798
38196,0.12043255
38197,0.056812435
38198,0.024095768
38199,0.44014585
38200,0.27642426
38201,0.14806493
38202,0.08065377
38203,0.023279397
38204,0.11676037
38205,0.07619034
38206,0.18914244
38207,0.028604968
38208,0.0487969
38209,0.043392744
38210,0.007424455
38211,0.014297978
38212,0.04215047
38213,0.046366755
38214,0.25063425
38215,0.71025187
38216,0.18376216
38217,0.2641123
38218,0.12980942
38219,0.16128755
38220,0.15027688
38221,0.57192427
38222,0.06660475
38223,0.029584887
38224,0.1519863
38225,0.15740314
38226,0.39324272
38227,0.42219192
38228,0.26684222
38229,0.14724544
38230,1.0314742
38231,0.2503514
38232,0.13462992
38233,0.25796807
38234,0.020053405
38235,0.061027993
38236,0.45215705
38237,0.05604762
38238,0.034925714
38239,0.033652652
38240,0.04739305
38241,0.14946666
38242,0.43478438
38243,0.2621405
38244,0.49352232
38245,0.27948266
38246,0.1475467
38247,0.15409574
38248,0.27484223
38249,0.010566152
38250,0.15398663
38251,0.080914274
38252,0.062046368
38253,0.45451897
38254,0.27552322
38255,0.06269138
38256,0.52457124
38257,0.28742298
38258,0.09192092
38259,0.1284891
38260,0.09268739
38261,0.056186177
38262,0.019648243
38263,0.052480116
38264,0.09760572
38265,0.10395209
38266,0.15142526
38267,0.4079737
38268,0.8426134
38269,0.42662343
38270,0.26384112
38271,0.54752487
38272,0.10460553
38273,0.012517401
38274,0.0749993
38275,0.07458517
38276,0.14147572
38277,0.2777599
38278,0.07313712
38279,0.02734973
38280,0.06785305
38281,0.14019047
38282,0.013272642
38283,0.050048184
38284,0.119557604
38285,0.020502357
38286,0.015287382
38287,0.042613506
38288,0.0047579957
38289,0.02956641
38290,0.07438822
38291,0.059368227
38292,0.09721884
38293,0.27220657
38294,0.2610671
38295,0.42395675
38296,0.7493374
38297,0.6115903
38298,0.27663767
38299,0.13118637
38300,0.049574055
38301,0.019267516
38302,0.065937035
38303,0.13558005
38304,0.039905276
38305,0.9448266
38306,0.061144963
38307,0.018212108
38308,0.07414184
38309,0.06404308
38310,0.37709463
38311,0.047103517
38312,0.06071519
38313,0.022170467
38314,0.052941725
38315,0.009441004
38316,0.023793586
38317,0.10224828
38318,0.12370004
38319,0.6296886
38320,0.42843413
38321,0.27218762
38322,1.1478221
38323,0.39728191
38324,0.35958448
38325,0.1589819
38326,0.042002156
38327,0.030681908
38328,0.042754613
38329,0.058112416
38330,0.05695788
38331,0.041531574
38332,0.07468498
38333,0.4402485
38334,0.2503649
38335,0.2859042
38336,0.03144316
38337,0.26849154
38338,0.14300679
38339,0.15703715
38340,0.18824646
38341,0.053279057
38342,0.02317591
38343,0.046122096
38344,0.15356387
38345,1.0186344
38346,0.4240389
38347,0.70181394
38348,0.40707704
38349,0.27029958
38350,0.1696591
38351,0.11010532
38352,0.017075583
38353,0.02682851
38354,0.016739262
38355,0.017368635
38356,0.1391131
38357,0.14702913
38358,0.08917326
38359,0.29430538
38360,0.030524
38361,0.085395016
38362,0.28503877
38363,0.052649863
38364,0.005860014
38365,0.0078011826
38366,0.13126208
38367,0.26706275
38368,0.039629478
38369,0.14576018
38370,0.1711606
38371,0.084429875
38372,0.13120942
38373,0.027692372
38374,0.11589764
38375,0.098106064
38376,0.04787898
38377,0.2665424
38378,0.12962574
38379,0.050472185
38380,0.010218768
38381,0.1454795
38382,0.016518954
38383,0.12141068
38384,0.04714192
38385,0.02948568
38386,0.12944937
38387,0.0402478
38388,0.05761129
38389,0.052416924
38390,0.18250924
38391,0.2663553
38392,0.6056726
38393,0.110494554
38394,0.009616771
38395,0.019991206
38396,0.025528051
38397,0.06919356
38398,0.018345548
38399,0.07807293
38400,0.14699669
38401,0.013356983
38402,0.036001395
38403,0.020102544
38404,0.028216979
38405,0.08615264
38406,0.10015844
38407,0.391001
38408,0.01753101
38409,0.022547487
38410,0.041647688
38411,0.08141208
38412,0.11059161
38413,0.37954023
38414,0.11289681
38415,0.008094951
38416,0.25562486
38417,0.09038975
38418,0.14104372
38419,0.06617381
38420,0.010063835
38421,0.29963765
38422,0.022596832
38423,0.13646737
38424,0.07390483
38425,0.04791769
38426,0.020657776
38427,0.031065898
38428,0.07061414
38429,0.28510022
38430,0.034355547
38431,0.025529906
38432,0.032418445
38433,0.050732076
38434,0.08120742
38435,0.27710575
38436,0.07916611
38437,0.17835128
38438,0.108296864
38439,0.028791789
38440,0.057591405
38441,0.028606206
38442,0.2942569
38443,0.39770523
38444,0.012996315
38445,0.09336272
38446,0.057560995
38447,0.01561077
38448,0.36906293
38449,0.62091506
38450,0.12470598
38451,0.101504095
38452,0.012116833
38453,0.09491102
38454,0.058389716
38455,0.052216813
38456,0.10255841
38457,0.09942608
38458,0.11468692
38459,0.9921969
38460,0.09500534
38461,0.017321527
38462,0.09491043
38463,0.086397305
38464,0.019313334
38465,0.044647064
38466,0.15219639
38467,0.4759884
38468,0.08042355
38469,0.25424302
38470,0.025993153
38471,0.109688796
38472,0.0036099427
38473,0.011001176
38474,0.08816148
38475,0.023562465
38476,0.022257822
38477,0.054009818
38478,0.07004193
38479,0.027474519
38480,0.0684325
38481,0.013716582
38482,0.019023797
38483,0.16087374
38484,0.051623445
38485,0.05801184
38486,0.098092325
38487,0.11813185
38488,0.026485639
38489,0.06920121
38490,0.935743
38491,0.0797025
38492,0.13289842
38493,0.06392691
38494,0.048482932
38495,0.037007198
38496,0.041311905
38497,0.0069523533
38498,0.29859772
38499,0.02398687
38500,0.005650883
38501,0.016581632
38502,0.0660675
38503,0.40215546
38504,0.0269104
38505,0.12983032
38506,0.04797238
38507,0.059474386
38508,0.37556326
38509,0.030425968
38510,0.024549628
38511,0.020875549
38512,0.043117717
38513,0.034073003
38514,0.1332753
38515,0.06496028
38516,0.016216101
38517,0.08460569
38518,0.26925272
38519,0.11801706
38520,0.08734202
38521,0.0769181
38522,0.026870893
38523,0.065957375
38524,0.01995245
38525,0.074990906
38526,0.18611096
38527,0.25770038
38528,0.011242005
38529,0.027969772
38530,0.008392416
38531,0.008112854
38532,0.01672698
38533,0.017087266
38534,0.015535203
38535,0.037510622
38536,0.077769734
38537,0.07086879
38538,0.123193614
38539,0.14586134
38540,0.31111294
38541,0.021533532
38542,0.009188633
38543,0.013873377
38544,0.019126408
38545,0.0053273556
38546,0.015269986
38547,0.08199778
38548,0.030298203
38549,0.059628554
38550,0.05918937
38551,0.020521019
38552,0.11867706
38553,0.025044886
38554,0.049437243
38555,0.011902318
38556,0.03533603
38557,0.02260017
38558,0.114430405
38559,0.30683863
38560,0.077904485
38561,0.07659447
38562,0.082199216
38563,0.09593799
38564,0.021217542
38565,0.09452154
38566,0.017909108
38567,0.11620601
38568,0.15410157
38569,0.025406588
38570,0.03862152
38571,0.040062994
38572,0.03187951
38573,0.031186113
38574,0.008770817
38575,0.031038927
38576,0.10958556
38577,0.08465278
38578,0.044813506
38579,0.19459204
38580,0.02759935
38581,0.05147159
38582,0.027732085
38583,0.040273122
38584,0.038597025
38585,0.1386372
38586,0.15853642
38587,0.023485735
38588,0.12436406
38589,0.020308968
38590,0.026438888
38591,0.036829952
38592,0.01940773
38593,0.02184504
38594,0.04172231
38595,0.029386241
38596,0.028804293
38597,0.02876275
38598,0.03642819
38599,0.031830985
38600,0.061835576
38601,0.02932442
38602,0.015671736
38603,0.38222274
38604,0.035702042
38605,0.067310564
38606,0.25714418
38607,0.26453957
38608,0.020862237
38609,0.032164518
38610,0.2568604
38611,0.06642725
38612,0.4087119
38613,0.06949163
38614,0.25246996
38615,0.052502185
38616,0.006420015
38617,0.0040236516
38618,0.0033336903
38619,0.12011407
38620,0.9126501
38621,0.25777888
38622,0.035959117
38623,0.386892
38624,0.054377627
38625,0.020691467
38626,0.009244771
38627,0.09036306
38628,0.12700042
38629,0.54760104
38630,0.5370224
38631,0.032236822
38632,0.055688944
38633,0.24562989
38634,0.13167682
38635,0.036622427
38636,0.0238022
38637,0.044845104
38638,0.007143636
38639,0.09129525
38640,0.43095934
38641,0.23996705
38642,0.26093733
38643,0.53014404
38644,0.0969735
38645,0.023885937
38646,0.43053466
38647,0.047180586
38648,0.10728276
38649,0.032505132
38650,0.034267534
38651,0.025966382
38652,0.0667353
38653,0.0795542
38654,0.08680056
38655,0.082582936
38656,0.03096335
38657,0.06233706
38658,0.41893768
38659,0.041177798
38660,0.04280046
38661,0.046450637
38662,0.057972107
38663,0.030298883
38664,0.052080777
38665,0.11845698
38666,0.26116514
38667,0.050338037
38668,0.09404861
38669,0.038603906
38670,0.025873268
38671,0.48965934
38672,0.089998946
38673,0.07329111
38674,0.40423274
38675,0.4520302
38676,0.07359781
38677,0.05259671
38678,0.016202739
38679,0.011925462
38680,0.03313225
38681,0.069975644
38682,0.084592104
38683,0.2556893
38684,0.44788647
38685,0.18871734
38686,0.049016714
38687,0.009740022
38688,0.031343993
38689,0.27649435
38690,0.018354706
38691,0.036009684
38692,0.06857728
38693,0.041760713
38694,0.030183118
38695,0.26013616
38696,0.5292028
38697,0.08276718
38698,0.026941726
38699,0.04515149
38700,0.054123554
38701,0.009186818
38702,0.015248518
38703,0.021849833
38704,0.09136459
38705,0.15637122
38706,0.07942069
38707,0.080925
38708,0.042287216
38709,0.0352861
38710,0.0375685
38711,0.2709789
38712,0.068945974
38713,0.12638192
38714,0.028225707
38715,0.05274457
38716,0.038968377
38717,0.029114585
38718,0.027726086
38719,0.028351378
38720,0.044283982
38721,0.027648417
38722,0.07059583
38723,0.5123707
38724,0.41439143
38725,0.045719113
38726,0.035649784
38727,0.033042792
38728,0.09186874
38729,0.059795313
38730,0.051465277
38731,0.013996575
38732,0.02606323
38733,0.16600344
38734,0.030166877
38735,0.02877767
38736,0.03544666
38737,0.07423292
38738,0.08285252
38739,0.17247224
38740,0.28903073
38741,0.28009278
38742,0.08031105
38743,0.051578414
38744,0.027900465
38745,0.05976241
38746,0.045777354
38747,0.012928576
38748,0.28018278
38749,0.05011084
38750,0.5736969
38751,0.11565354
38752,0.10805854
38753,0.04216409
38754,0.043634757
38755,0.048908375
38756,0.016959779
38757,0.013594357
38758,0.025581243
38759,0.02317801
38760,0.09521223
38761,0.048263405
38762,0.10164991
38763,0.07778341
38764,0.15072834
38765,0.17493995
38766,0.4920415
38767,0.084075436
38768,0.03192296
38769,0.10820706
38770,0.017755039
38771,0.037842233
38772,0.0914349
38773,0.061213642
38774,0.121038765
38775,0.03893782
38776,0.10289449
38777,0.049965378
38778,0.02478865
38779,0.01454
38780,0.13271746
38781,0.005841554
38782,0.023022348
38783,0.057129618
38784,0.026772687
38785,0.026676452
38786,0.038076084
38787,0.06388864
38788,0.095952995
38789,0.14841375
38790,0.13684554
38791,0.18978733
38792,0.28283286
38793,0.2872625
38794,0.021948649
38795,0.114838555
38796,0.055022605
38797,0.0472315
38798,0.0915756
38799,0.047195885
38800,0.033860516
38801,0.045123022
38802,0.06834185
38803,0.023607777
38804,0.04981031
38805,0.08783169
38806,0.017315561
38807,0.042614423
38808,0.2615951
38809,0.072207615
38810,0.15499753
38811,0.38344285
38812,0.14194068
38813,0.14103031
38814,0.080414526
38815,0.09782956
38816,0.08925636
38817,0.089162104
38818,0.0581953
38819,0.005164562
38820,0.020107364
38821,0.27672887
38822,0.06288519
38823,0.07064287
38824,0.054159295
38825,0.06573219
38826,0.018623782
38827,0.016903741
38828,0.046854816
38829,0.19691019
38830,0.08178503
38831,0.059280954
38832,0.14107472
38833,0.9702752
38834,0.1291978
38835,0.024804976
38836,0.13781117
38837,0.07218617
38838,0.19081774
38839,0.40660438
38840,0.066241115
38841,0.020467067
38842,0.056117628
38843,0.05460295
38844,0.10809432
38845,0.14472066
38846,0.0389167
38847,0.14760762
38848,0.07602113
38849,0.06819835
38850,0.008054993
38851,0.02588378
38852,0.06358533
38853,0.07760877
38854,0.021282014
38855,0.14423704
38856,0.16547742
38857,0.2889993
38858,0.11304927
38859,0.046467282
38860,0.13073194
38861,0.15926431
38862,0.1805067
38863,0.060254112
38864,0.05706914
38865,0.024693334
38866,0.010517085
38867,0.06715489
38868,0.5080037
38869,0.041258115
38870,0.13840917
38871,0.42467418
38872,0.13520381
38873,0.015693918
38874,0.012727553
38875,0.048211236
38876,0.06756344
38877,0.47485664
38878,0.2928456
38879,0.118199185
38880,0.12122741
38881,0.1635824
38882,0.16129355
38883,0.15668795
38884,0.1936271
38885,0.40474495
38886,0.07878494
38887,0.056037094
38888,0.107054986
38889,0.062222745
38890,0.27566698
38891,0.86607647
38892,0.28518483
38893,0.01320006
38894,0.20827569
38895,0.18465701
38896,0.013218668
38897,0.015058992
38898,0.053975023
38899,0.09325487
38900,0.021031955
38901,0.057655577
38902,0.5383398
38903,0.062473074
38904,0.113986336
38905,0.27434075
38906,0.15578523
38907,0.19531946
38908,0.41871884
38909,0.1696578
38910,0.024394264
38911,0.1678157
38912,0.11225709
38913,0.126218
38914,0.9848549
38915,0.3048785
38916,0.29985628
38917,0.02071816
38918,0.14175723
38919,0.06551682
38920,0.020781146
38921,0.0066098287
38922,0.063480444
38923,0.013455301
38924,0.022274477
38925,0.04928015
38926,0.0801641
38927,0.1392271
38928,0.124239095
38929,0.1390077
38930,0.11326312
38931,0.13811603
38932,0.107243605
38933,0.1063371
38934,0.27212033
38935,0.018023567
38936,0.05878128
38937,0.9687855
38938,1.005811
38939,0.50707364
38940,0.016745873
38941,0.09093508
38942,0.4649055
38943,0.08585889
38944,0.057955876
38945,0.05706907
38946,0.07533351
38947,0.056969766
38948,0.014552892
38949,0.51627463
38950,0.02794582
38951,0.04137871
38952,0.14808188
38953,0.1478497
38954,0.06598237
38955,0.061268765
38956,0.26094568
38957,0.08297945
38958,0.12532553
38959,0.109699875
38960,0.11517255
38961,0.9482673
38962,0.94273317
38963,0.5207892
38964,0.06733208
38965,0.021761827
38966,0.47080043
38967,0.08799342
38968,0.28522637
38969,0.05151548
38970,0.1013038
38971,0.018780783
38972,0.10980928
38973,0.12680241
38974,0.14540441
38975,0.15868616
38976,0.5509766
38977,0.5970558
38978,0.16289607
38979,0.16755792
38980,0.11448342
38981,0.07099517
38982,0.132865
38983,0.050599374
38984,0.029278485
38985,0.12949029
38986,0.13768905
38987,0.06182198
38988,0.1083314
38989,0.023020443
38990,0.9800975
38991,1.0580018
38992,0.9367145
38993,0.10421323
38994,0.051328715
38995,0.259385
38996,0.01208781
38997,0.4553976
38998,0.027844962
38999,0.018289957
39000,0.040762503
39001,0.12463154
39002,0.05912639
39003,0.50421906
39004,1.073423
39005,0.0938138
39006,0.14671597
39007,0.124034494
39008,0.15843967
39009,0.0881781
39010,0.25365627
39011,0.10502137
39012,0.039246514
39013,0.09700367
39014,0.10780614
39015,0.11290009
39016,0.053180553
39017,0.022870561
39018,0.2970786
39019,0.28041282
39020,0.13400425
39021,0.10423896
39022,0.07009278
39023,0.18669787
39024,0.027984492
39025,0.046279274
39026,0.019472828
39027,0.047147084
39028,0.049004473
39029,0.44019374
39030,0.7771479
39031,0.18299633
39032,0.1788894
39033,0.2742486
39034,0.16512741
39035,0.15563227
39036,0.5744457
39037,0.06005392
39038,0.037320845
39039,0.030852612
39040,0.14226702
39041,0.14863446
39042,0.43672395
39043,0.30168572
39044,0.18838869
39045,0.13903266
39046,1.045506
39047,0.13150595
39048,0.25172606
39049,0.15339567
39050,0.020887656
39051,0.058990717
39052,0.30151042
39053,0.06195815
39054,0.041146394
39055,0.03938652
39056,0.051676452
39057,0.16060092
39058,0.52474153
39059,0.2790328
39060,0.33902818
39061,0.28630677
39062,0.1600229
39063,0.1654569
39064,0.27713376
39065,0.021713974
39066,0.14545625
39067,0.07558935
39068,0.057371136
39069,0.477836
39070,0.28299305
39071,0.056662574
39072,0.5720682
39073,0.2836571
39074,0.08490927
39075,0.11534262
39076,0.08576388
39077,0.054012332
39078,0.02729597
39079,0.05909926
39080,0.111310475
39081,0.12269677
39082,0.16085875
39083,0.4677058
39084,0.9068847
39085,0.47496825
39086,0.38987544
39087,0.3719979
39088,0.10172179
39089,0.012037066
39090,0.06924292
39091,0.07425298
39092,0.14716485
39093,0.28142455
39094,0.06880456
39095,0.024919113
39096,0.05856835
39097,0.14072005
39098,0.047602702
39099,0.11612633
39100,0.022998165
39101,0.04060058
39102,0.022154579
39103,0.0082517825
39104,0.034269854
39105,0.08478438
39106,0.06356003
39107,0.10789274
39108,0.47806785
39109,0.27309537
39110,0.44843012
39111,0.8181073
39112,0.6385111
39113,0.2837697
39114,0.12188187
39115,0.042747322
39116,0.016547013
39117,0.060361538
39118,0.12181566
39119,0.03351049
39120,0.93853843
39121,0.0534526
39122,0.01695537
39123,0.06548835
39124,0.05703252
39125,0.4145533
39126,0.043726083
39127,0.053945646
39128,0.020242522
39129,0.049668707
39130,0.011274009
39131,0.014464185
39132,0.027814042
39133,0.113582
39134,0.14799787
39135,0.7005863
39136,0.46435982
39137,0.46486577
39138,1.2404156
39139,0.43229184
39140,0.33441648
39141,0.14761685
39142,0.027686737
39143,0.041247196
39144,0.051936906
39145,0.0530986
39146,0.038433187
39147,0.06647392
39148,0.4256396
39149,0.1035869
39150,0.28405112
39151,0.029823806
39152,0.12723528
39153,0.13509178
39154,0.14895616
39155,0.17116816
39156,0.050152626
39157,0.030574856
39158,0.009364048
39159,0.051121354
39160,0.158348
39161,1.0520873
39162,0.44565868
39163,0.7967763
39164,0.45793387
39165,0.27884766
39166,0.16669047
39167,0.097912826
39168,0.015066782
39169,0.023685722
39170,0.0158116
39171,0.045530047
39172,0.13313688
39173,0.13686183
39174,0.07710614
39175,0.20203581
39176,0.027654346
39177,0.080124214
39178,0.29051164
39179,0.049481492
39180,0.14454675
39181,0.2868336
39182,0.15807201
39183,0.17237219
39184,0.08932516
39185,0.12377243
39186,0.112825386
39187,0.09054176
39188,0.043900374
39189,0.13354114
39190,0.12148799
39191,0.007923272
39192,0.13432032
39193,0.013547316
39194,0.11539511
39195,0.047620878
39196,0.03708137
39197,0.13826065
39198,0.050055966
39199,0.06712409
39200,0.060659166
39201,0.19134837
39202,0.28194413
39203,0.64238316
39204,0.09713076
39205,0.010233933
39206,0.021734854
39207,0.021333266
39208,0.029392555
39209,0.06299107
39210,0.07078188
39211,0.13401257
39212,0.035114203
39213,0.034252446
39214,0.020174883
39215,0.012118166
39216,0.031254977
39217,0.09490196
39218,0.11384599
39219,0.48583177
39220,0.025856595
39221,0.029005585
39222,0.04826419
39223,0.093278885
39224,0.12676243
39225,0.4094615
39226,0.103687726
39227,0.009385131
39228,0.2584982
39229,0.04409426
39230,0.02025097
39231,0.08438864
39232,0.13145041
39233,0.011402287
39234,0.2904871
39235,0.026677638
39236,0.14784463
39237,0.08438829
39238,0.061152324
39239,0.028015858
39240,0.039144885
39241,0.08365828
39242,0.43740958
39243,0.03699604
39244,0.02323216
39245,0.02934261
39246,0.050854873
39247,0.07165222
39248,0.16209142
39249,0.07023695
39250,0.27635482
39251,0.10082485
39252,0.024319744
39253,0.052005935
39254,0.055676337
39255,0.03018895
39256,0.28992262
39257,0.4715579
39258,0.106839634
39259,0.06615439
39260,0.44674852
39261,0.721753
39262,0.13587503
39263,0.10256137
39264,0.012693901
39265,0.08520829
39266,0.050035913
39267,0.046873704
39268,0.09621431
39269,0.08839593
39270,0.10593481
39271,0.9962389
39272,0.0842043
39273,0.082536735
39274,0.076129965
39275,0.04279957
39276,0.14306651
39277,0.4674427
39278,0.07228369
39279,0.14810368
39280,0.025012443
39281,0.09370065
39282,0.016791593
39283,0.10386816
39284,0.02886443
39285,0.0045105787
39286,0.027806357
39287,0.060729854
39288,0.0693686
39289,0.026849441
39290,0.05917219
39291,0.0110548455
39292,0.019232871
39293,0.16049927
39294,0.0495116
39295,0.05410564
39296,0.033368073
39297,0.08370022
39298,0.10524921
39299,0.06229336
39300,0.94945616
39301,0.06726497
39302,0.11645992
39303,0.0509451
39304,0.04417099
39305,0.04173206
39306,0.048331965
39307,0.012667208
39308,0.017987259
39309,0.30144206
39310,0.027485775
39311,0.0054405085
39312,0.015294003
39313,0.11765393
39314,0.022686169
39315,0.1148075
39316,0.045523886
39317,0.051851854
39318,0.4228013
39319,0.027374847
39320,0.021770213
39321,0.017766748
39322,0.045759723
39323,0.037002582
39324,0.1315772
39325,0.06952516
39326,0.0089414185
39327,0.00887792
39328,0.07518291
39329,0.27731922
39330,0.10520553
39331,0.07840426
39332,0.06699602
39333,0.025175963
39334,0.057459302
39335,0.06495469
39336,0.28879255
39337,0.13372989
39338,0.012065744
39339,0.01576522
39340,0.011394353
39341,0.008106871
39342,0.012853455
39343,0.013063825
39344,0.015295792
39345,0.03233371
39346,0.0628628
39347,0.056583557
39348,0.111042805
39349,0.13897479
39350,0.28984737
39351,0.021151049
39352,0.021206731
39353,0.010219018
39354,0.016052445
39355,0.021397267
39356,0.01604684
39357,0.028913325
39358,0.010331187
39359,0.012463704
39360,0.015301213
39361,0.06998413
39362,0.0515548
39363,0.015530124
39364,0.051373374
39365,0.11921275
39366,0.04806869
39367,0.032029465
39368,0.019697344
39369,0.10085722
39370,0.011828465
39371,0.44787437
39372,0.06546071
39373,0.064225726
39374,0.07263496
39375,0.014132057
39376,0.100002766
39377,0.021671461
39378,0.010554329
39379,0.09811134
39380,0.017682163
39381,0.1045238
39382,0.1463649
39383,0.034933325
39384,0.03936764
39385,0.027139263
39386,0.010244942
39387,0.010022791
39388,0.033664867
39389,0.0070172986
39390,0.09064199
39391,0.06953322
39392,0.19713797
39393,0.024025103
39394,0.029356735
39395,0.05291661
39396,0.025807103
39397,0.014907836
39398,0.03309098
39399,0.035184972
39400,0.27569824
39401,0.26178855
39402,0.021666355
39403,0.11236165
39404,0.016465515
39405,0.023392487
39406,0.032905795
39407,0.020430967
39408,0.033618417
39409,0.03263211
39410,0.049255814
39411,0.02505393
39412,0.02474965
39413,0.026992854
39414,0.027575437
39415,0.07781442
39416,0.02673967
39417,0.029047301
39418,0.020112079
39419,0.26544234
39420,0.039380614
39421,0.06651607
39422,0.030250553
39423,0.112182654
39424,0.27024165
39425,0.017520852
39426,0.030824699
39427,0.2661322
39428,0.06246455
39429,0.2654119
39430,0.24840981
39431,0.05319365
39432,0.018335724
39433,0.0013581471
39434,0.0045958282
39435,0.0018752762
39436,0.11527738
39437,0.02880615
39438,0.85500973
39439,0.11758044
39440,0.036797144
39441,0.24334362
39442,0.04584926
39443,0.008598742
39444,0.013835029
39445,0.09326143
39446,0.11052291
39447,0.53517133
39448,0.5576449
39449,0.036543023
39450,0.066179164
39451,0.108728714
39452,0.26247558
39453,0.004420996
39454,0.03603179
39455,0.024435299
39456,0.045146756
39457,0.08728164
39458,0.4363179
39459,0.116861984
39460,0.24890189
39461,0.5462419
39462,0.23536566
39463,0.021163698
39464,0.43947932
39465,0.04920788
39466,0.1171607
39467,0.033150215
39468,0.03215201
39469,0.023305688
39470,0.06201674
39471,0.08013555
39472,0.08650572
39473,0.0818029
39474,0.06780394
39475,0.42104432
39476,0.040459704
39477,0.026194232
39478,0.04291598
39479,0.046665605
39480,0.059447832
39481,0.02586667
39482,0.03259735
39483,0.022826865
39484,0.04564207
39485,0.119859464
39486,0.13938205
39487,0.036916077
39488,0.0046475986
39489,0.47323743
39490,0.09071724
39491,0.21782972
39492,0.4214397
39493,0.42771196
39494,0.007940898
39495,0.06937782
39496,0.04934381
39497,0.011802878
39498,0.03300756
39499,0.0750551
39500,0.06680425
39501,0.08683753
39502,0.1391181
39503,0.4391004
39504,0.019269785
39505,0.19225475
39506,0.044118986
39507,0.02814767
39508,0.2843358
39509,0.03410501
39510,0.06727464
39511,0.040534284
39512,0.12104132
39513,0.53269154
39514,0.082898855
39515,0.02248729
39516,0.025388952
39517,0.043358188
39518,0.049991235
39519,0.013940483
39520,0.023928408
39521,0.0859678
39522,0.15594804
39523,0.080585204
39524,0.08366284
39525,0.04411
39526,0.022873638
39527,0.03469911
39528,0.032727193
39529,0.036454502
39530,0.1331871
39531,0.0660112
39532,0.12525798
39533,0.027174212
39534,0.05048862
39535,0.037570603
39536,0.023438424
39537,0.026044155
39538,0.046765212
39539,0.025104772
39540,0.073565416
39541,0.46130913
39542,0.4153899
39543,0.04476347
39544,0.034279373
39545,0.09043746
39546,0.057606027
39547,0.009116791
39548,0.049884945
39549,0.023576312
39550,0.16587786
39551,0.029493516
39552,0.028344013
39553,0.03385918
39554,0.0077486434
39555,0.07333987
39556,0.08144479
39557,0.29388672
39558,0.43401518
39559,0.27857184
39560,0.079273134
39561,0.049238764
39562,0.027148517
39563,0.056156714
39564,0.044494946
39565,0.008439573
39566,0.42043704
39567,0.047172695
39568,0.52110994
39569,0.11245997
39570,0.0043078726
39571,0.1068147
39572,0.042899612
39573,0.04199536
39574,0.0049439305
39575,0.04291155
39576,0.015092922
39577,0.011752493
39578,0.019882258
39579,0.02186779
39580,0.095729075
39581,0.046495236
39582,0.09713476
39583,0.07567423
39584,0.14788236
39585,0.2946985
39586,0.4876399
39587,0.0828632
39588,0.10252285
39589,0.013959856
39590,0.03540524
39591,0.08513846
39592,0.054555308
39593,0.12341961
39594,0.03921097
39595,0.098497085
39596,0.032647565
39597,0.0069575007
39598,0.01327386
39599,0.12970756
39600,0.0074372906
39601,0.050200243
39602,0.021860518
39603,0.024288412
39604,0.037519407
39605,0.06280812
39606,0.09309677
39607,0.14470308
39608,0.13749367
39609,0.27969107
39610,0.27235842
39611,0.16912107
39612,0.017012928
39613,0.11041773
39614,0.011697567
39615,0.05135879
39616,0.05016829
39617,0.08808568
39618,0.028443204
39619,0.018847704
39620,0.045373693
39621,0.030757187
39622,0.004013949
39623,0.06607574
39624,0.045467507
39625,0.08626851
39626,0.040446583
39627,0.25799108
39628,0.07060664
39629,0.15260375
39630,0.35270548
39631,0.13786376
39632,0.13643777
39633,0.07763502
39634,0.092614785
39635,0.08560582
39636,0.0840513
39637,0.05448725
39638,0.017640857
39639,0.27127516
39640,0.057966836
39641,0.06973746
39642,0.050479982
39643,0.06185884
39644,0.01699344
39645,0.02391543
39646,0.04706789
39647,0.48903963
39648,0.077709064
39649,0.0576235
39650,0.13831109
39651,0.995332
39652,0.12679933
39653,0.023563573
39654,0.13775429
39655,0.069745116
39656,0.26982597
39657,0.4362425
39658,0.06303981
39659,0.018312788
39660,0.053695016
39661,0.05331953
39662,0.1051485
39663,0.24697718
39664,0.041038945
39665,0.14469902
39666,0.072418235
39667,0.06802198
39668,0.022555253
39669,0.06227323
39670,0.076797605
39671,0.019283216
39672,0.14693843
39673,0.1629317
39674,0.28341237
39675,0.11048952
39676,0.042312734
39677,0.13003612
39678,0.16401818
39679,0.2624079
39680,0.05537302
39681,0.022382252
39682,0.008257091
39683,0.065052815
39684,0.54909855
39685,0.036122676
39686,0.13495858
39687,0.43200326
39688,0.13685095
39689,0.005967516
39690,0.01204197
39691,0.046253182
39692,0.062345896
39693,0.47048277
39694,0.28694674
39695,0.117178395
39696,0.12013929
39697,0.16307943
39698,0.16141127
39699,0.15088362
39700,0.19488789
39701,0.26704186
39702,0.077017084
39703,0.055960577
39704,0.10125199
39705,0.058855977
39706,0.1833861
39707,0.88583463
39708,0.042599235
39709,0.2770582
39710,0.04652015
39711,0.18950085
39712,0.013080096
39713,0.053080242
39714,0.09145965
39715,0.019850839
39716,0.054083627
39717,0.52501595
39718,0.06258234
39719,0.106559314
39720,0.26603392
39721,0.15721726
39722,0.18784983
39723,0.27960163
39724,0.16707176
39725,0.022668207
39726,0.1628516
39727,0.11624431
39728,0.12761347
39729,0.9835662
39730,0.4658353
39731,0.29784018
39732,0.020406926
39733,0.14078727
39734,0.06350167
39735,0.023038145
39736,0.018190488
39737,0.0122847855
39738,0.058263708
39739,0.011365829
39740,0.01740987
39741,0.045771234
39742,0.07248049
39743,0.13643673
39744,0.11943286
39745,0.13528441
39746,0.11540494
39747,0.1368465
39748,0.106938355
39749,0.11014361
39750,0.15782708
39751,0.01801719
39752,0.05761384
39753,0.9729912
39754,0.95689505
39755,0.57654583
39756,0.02034269
39757,0.015873801
39758,0.08879452
39759,0.48488697
39760,0.086419076
39761,0.004856602
39762,0.05532816
39763,0.07523443
39764,0.055894375
39765,0.4578982
39766,0.02708876
39767,0.038778197
39768,0.1444615
39769,0.1428028
39770,0.06306206
39771,0.055569302
39772,0.37973908
39773,0.0841864
39774,0.1251398
39775,0.107399434
39776,0.11597227
39777,0.9591599
39778,0.949264
39779,0.4401521
39780,0.06289173
39781,0.018577278
39782,0.007462861
39783,0.5060493
39784,0.09070722
39785,0.1996358
39786,0.05065272
39787,0.100103706
39788,0.016710345
39789,0.10920408
39790,0.12575154
39791,0.14491245
39792,0.15838647
39793,0.53453296
39794,0.56723326
39795,0.15753414
39796,0.16314724
39797,0.1135007
39798,0.06873786
39799,0.13103913
39800,0.046864096
39801,0.026523214
39802,0.018628638
39803,0.12791942
39804,0.12592186
39805,0.10938452
39806,0.021600038
39807,0.9328535
39808,1.081222
39809,0.91346323
39810,0.047460195
39811,0.1352577
39812,0.00881405
39813,0.49857694
39814,0.022928879
39815,0.016804773
39816,0.016401576
39817,0.040694613
39818,0.122926295
39819,0.057834703
39820,0.48126173
39821,1.0644948
39822,0.0886579
39823,0.14321613
39824,0.11970597
39825,0.15101188
39826,0.085622184
39827,0.13930161
39828,0.10378288
39829,0.036381412
39830,0.09797313
39831,0.1097225
39832,0.11296015
39833,0.29140484
39834,0.2820561
39835,0.1338822
39836,0.07308107
39837,0.10176437
39838,0.069331475
39839,0.17640474
39840,0.026387788
39841,0.04462111
39842,0.0398668
39843,0.010568118
39844,0.016652636
39845,0.046987727
39846,0.048385378
39847,0.263697
39848,0.75452554
39849,0.1890221
39850,0.17630763
39851,0.146437
39852,0.15975997
39853,0.15621483
39854,0.57074857
39855,0.057489768
39856,0.036430974
39857,0.14717619
39858,0.1531305
39859,0.25368753
39860,0.47685537
39861,0.18451372
39862,0.13089643
39863,1.0439101
39864,0.13533668
39865,0.011947764
39866,0.25157088
39867,0.15499891
39868,0.018245194
39869,0.587264
39870,0.06309436
39871,0.03913975
39872,0.039112456
39873,0.048626266
39874,0.15670106
39875,0.46653804
39876,0.2706308
39877,0.33514804
39878,0.276992
39879,0.15673904
39880,0.15988185
39881,0.27319667
39882,0.020673249
39883,0.14211908
39884,0.0723345
39885,0.05457095
39886,0.5086278
39887,0.2770766
39888,0.4935457
39889,0.26652876
39890,0.08271692
39891,0.11491242
39892,0.08686884
39893,0.050208278
39894,0.00901607
39895,0.025324529
39896,0.05588056
39897,0.11037195
39898,0.11755305
39899,0.27324867
39900,0.45752856
39901,0.9165788
39902,0.44363207
39903,0.26523292
39904,0.60466963
39905,0.10129417
39906,0.06723361
39907,0.07027451
39908,0.1438893
39909,0.2690589
39910,0.06539431
39911,0.023476934
39912,0.056452952
39913,0.13558826
39914,0.044935297
39915,0.11313936
39916,0.01962858
39917,0.0072575277
39918,0.034227025
39919,0.080328874
39920,0.06193406
39921,0.104004614
39922,0.27994263
39923,0.27042505
39924,0.428999
39925,0.7749307
39926,0.5907079
39927,0.28031525
39928,0.12055808
39929,0.041633725
39930,0.014441236
39931,0.054785263
39932,0.117528096
39933,0.03254242
39934,0.9730882
39935,0.05303115
39936,0.013954334
39937,0.06451838
39938,0.053569216
39939,0.40798768
39940,0.0437757
39941,0.051601924
39942,0.01774211
39943,0.0463993
39944,0.009576943
39945,0.012663839
39946,0.027375842
39947,0.1106552
39948,0.14549594
39949,0.6601746
39950,0.477804
39951,0.46156693
39952,1.1893024
39953,0.4518467
39954,0.34311312
39955,0.15018776
39956,0.02776887
39957,0.039818782
39958,0.051280975
39959,0.051777788
39960,0.03672187
39961,0.06376861
39962,0.4297045
39963,0.09549745
39964,0.27701488
39965,0.02660019
39966,0.12510249
39967,0.1332603
39968,0.14907867
39969,0.1773112
39970,0.047271863
39971,0.025740217
39972,0.04939755
39973,0.15391114
39974,1.0238719
39975,0.43515417
39976,0.72699594
39977,0.47210976
39978,0.2702998
39979,0.16968177
39980,0.09932227
39981,0.022186767
39982,0.041768525
39983,0.026471244
39984,0.1316466
39985,0.13684872
39986,0.18967932
39987,0.024080694
39988,0.075628206
39989,0.28567004
39990,0.048264194
39991,0.14080344
39992,0.17940398
39993,0.041606013
39994,0.15742888
39995,0.16895226
39996,0.08756886
39997,0.12146097
39998,0.024576375
39999,0.1105581
40000,0.086054064
40001,0.044298377
40002,0.13003564
40003,0.11848323
40004,0.12489764
40005,0.011611476
40006,0.11157425
40007,0.043758005
40008,0.032779675
40009,0.14271407
40010,0.046530504
40011,0.063550524
40012,0.058193382
40013,0.1888613
40014,0.2751379
40015,0.65411496
40016,0.099313654
40017,0.01999985
40018,0.018257026
40019,0.025555799
40020,0.06041806
40021,0.068725966
40022,0.13710205
40023,0.011074131
40024,0.034678053
40025,0.026255602
40026,0.0931458
40027,0.11186584
40028,0.4401624
40029,0.023185305
40030,0.02721034
40031,0.04656989
40032,0.09052833
40033,0.12527004
40034,0.4128626
40035,0.098416865
40036,0.13175173
40037,0.03986227
40038,0.017601449
40039,0.080137685
40040,0.2598019
40041,0.055185523
40042,0.2879636
40043,0.033057537
40044,0.02451169
40045,0.14468633
40046,0.08352608
40047,0.055929944
40048,0.038997993
40049,0.07917682
40050,0.29885712
40051,0.038364686
40052,0.02149607
40053,0.02847385
40054,0.047179725
40055,0.06914527
40056,0.26624662
40057,0.067202635
40058,0.17095847
40059,0.10103494
40060,0.024064155
40061,0.012970563
40062,0.04818321
40063,0.051750083
40064,0.026648594
40065,0.291471
40066,0.27700773
40067,0.016525477
40068,0.104795754
40069,0.06419616
40070,0.019256527
40071,0.41923872
40072,0.72977304
40073,0.1345205
40074,0.097853996
40075,0.012117139
40076,0.08254042
40077,0.047082648
40078,0.045686234
40079,0.091822416
40080,0.0873479
40081,0.104485415
40082,1.0597032
40083,0.08017482
40084,0.08108701
40085,0.07497694
40086,0.015435335
40087,0.039590422
40088,0.14199653
40089,0.46095535
40090,0.07160968
40091,0.14434119
40092,0.02336648
40093,0.0959125
40094,0.015908653
40095,0.10083377
40096,0.025787022
40097,0.002071876
40098,0.025220206
40099,0.05903092
40100,0.06761208
40101,0.02705397
40102,0.015473249
40103,0.057794157
40104,0.009049196
40105,0.15750581
40106,0.046638966
40107,0.04983185
40108,0.016599327
40109,0.030345526
40110,0.080868006
40111,0.10379555
40112,0.021183712
40113,0.058181517
40114,0.9999546
40115,0.062818624
40116,0.11810561
40117,0.04150281
40118,0.039964046
40119,0.01110447
40120,0.29070574
40121,0.027430296
40122,0.0076576676
40123,0.00267157
40124,0.002613845
40125,0.11338666
40126,0.111720085
40127,0.43750528
40128,0.026075916
40129,0.016566267
40130,0.0046105855
40131,0.04551303
40132,0.038492363
40133,0.1387048
40134,0.06797743
40135,0.006681535
40136,0.00938668
40137,0.07159974
40138,0.1383604
40139,0.10695881
40140,0.07637038
40141,0.065477185
40142,0.023595033
40143,0.053468056
40144,0.06063753
40145,0.17202617
40146,0.1303956
40147,0.011213966
40148,0.009524522
40149,0.0093740625
40150,0.019572865
40151,0.011098026
40152,0.007455586
40153,0.011429406
40154,0.01207651
40155,0.030544894
40156,0.06349998
40157,0.056044012
40158,0.10813724
40159,0.012608597
40160,0.13737072
40161,0.2863567
40162,0.009579591
40163,0.020226033
40164,0.008483733
40165,0.0057223546
40166,0.014752588
40167,0.02822948
40168,0.01218115
40169,0.046658326
40170,0.013775251
40171,0.047803465
40172,0.11665214
40173,0.024860729
40174,0.047851685
40175,0.013486419
40176,0.030690217
40177,0.019388743
40178,0.095503695
40179,0.42991486
40180,0.060431
40181,0.06054206
40182,0.06598356
40183,0.09441118
40184,0.021914888
40185,0.008092062
40186,0.09564553
40187,0.017204605
40188,0.10097953
40189,0.14446591
40190,0.02045565
40191,0.024633914
40192,0.032106787
40193,0.034978393
40194,0.025873989
40195,0.00880304
40196,0.032648474
40197,0.007029747
40198,0.08925814
40199,0.06990549
40200,0.1799179
40201,0.0153633505
40202,0.021959722
40203,0.02932497
40204,0.015347641
40205,0.05252773
40206,0.023504935
40207,0.03384974
40208,0.13316587
40209,0.25613698
40210,0.11600432
40211,0.022809846
40212,0.038968895
40213,0.013431005
40214,0.02975723
40215,0.02363029
40216,0.020665279
40217,0.024476105
40218,0.029413981
40219,0.021530624
40220,0.02372107
40221,0.025304591
40222,0.02960971
40223,0.028765043
40224,0.06724128
40225,0.030874996
40226,0.023397347
40227,0.021761093
40228,0.28821865
40229,0.036645662
40230,0.22149567
40231,0.11627547
40232,0.1186505
40233,0.027292043
40234,0.15102255
40235,0.38647223
40236,0.0690358
40237,0.094437174
40238,0.05299678
40239,0.020054594
40240,0.012476261
40241,0.0007114342
40242,0.11046236
40243,0.8236099
40244,0.11393548
40245,0.03886356
40246,0.033196114
40247,0.112402365
40248,0.048803534
40249,0.015013762
40250,0.022732785
40251,0.095856786
40252,0.11248257
40253,0.55228496
40254,0.46779558
40255,0.0382207
40256,0.05549536
40257,0.11038557
40258,0.25461802
40259,0.033205207
40260,0.046150282
40261,0.07950285
40262,0.0318497
40263,0.43557444
40264,0.10888941
40265,0.122947484
40266,0.5516223
40267,0.23700753
40268,0.020861406
40269,0.42516157
40270,0.048388343
40271,0.12289919
40272,0.033901144
40273,0.023657212
40274,0.06455772
40275,0.08278604
40276,0.09142254
40277,0.077596016
40278,0.02678661
40279,0.06496867
40280,0.40834713
40281,0.040146235
40282,0.041992158
40283,0.05930046
40284,0.03070662
40285,0.025005508
40286,0.048141494
40287,0.13533714
40288,0.12886521
40289,0.04042268
40290,0.28640124
40291,0.22513068
40292,0.07167618
40293,0.42164704
40294,0.44839546
40295,0.0046492307
40296,0.06802792
40297,0.049592428
40298,0.0177383
40299,0.012266355
40300,0.0013726738
40301,0.031919032
40302,0.0715289
40303,0.07222256
40304,0.08421105
40305,0.13534762
40306,0.45620188
40307,0.025360694
40308,0.044875946
40309,0.029262641
40310,0.36817285
40311,0.034447808
40312,0.06773175
40313,0.041785873
40314,0.026060084
40315,0.117961906
40316,0.5100175
40317,0.08291657
40318,0.024402594
40319,0.027400859
40320,0.041217223
40321,0.052889593
40322,0.015128034
40323,0.09514465
40324,0.16028716
40325,0.079738066
40326,0.07974572
40327,0.040278547
40328,0.034526903
40329,0.03382875
40330,0.035861127
40331,0.13293436
40332,0.06646208
40333,0.12299386
40334,0.026637062
40335,0.052266058
40336,0.03843218
40337,0.025180623
40338,0.022561852
40339,0.028083434
40340,0.042990148
40341,0.0711792
40342,0.47522122
40343,0.41967645
40344,0.042494126
40345,0.032387163
40346,0.03175917
40347,0.08944122
40348,0.05678248
40349,0.0066765095
40350,0.04823458
40351,0.021786612
40352,0.2617852
40353,0.027580278
40354,0.02759557
40355,0.033044927
40356,0.07190494
40357,0.08208929
40358,0.1726335
40359,0.2820511
40360,0.28014565
40361,0.07722992
40362,0.04865127
40363,0.027301366
40364,0.05787767
40365,0.044190697
40366,0.2717431
40367,0.04964233
40368,0.5596074
40369,0.111424625
40370,0.102119595
40371,0.039034136
40372,0.04540953
40373,0.02246427
40374,0.09395439
40375,0.09861786
40376,0.07446613
40377,0.14665434
40378,0.28954327
40379,0.49285236
40380,0.07770773
40381,0.030754287
40382,0.10638415
40383,0.015542023
40384,0.08961738
40385,0.051297676
40386,0.11758107
40387,0.037701685
40388,0.0947633
40389,0.03067266
40390,0.049418293
40391,0.023539916
40392,0.011186484
40393,0.12862872
40394,0.00433983
40395,0.05005773
40396,0.022995733
40397,0.02560437
40398,0.036931083
40399,0.06274507
40400,0.09286229
40401,0.14538094
40402,0.13966618
40403,0.28404167
40404,0.15760002
40405,0.16874117
40406,0.019922124
40407,0.11164275
40408,0.052716892
40409,0.044319015
40410,0.08679251
40411,0.030987093
40412,0.043182578
40413,0.031386424
40414,0.042168196
40415,0.068493746
40416,0.025004145
40417,0.04546685
40418,0.086006045
40419,0.039685555
40420,0.123130225
40421,0.069057554
40422,0.15665221
40423,0.68958366
40424,0.13302676
40425,0.13471396
40426,0.075971685
40427,0.09487773
40428,0.08593737
40429,0.084499724
40430,0.054878198
40431,0.018338565
40432,0.27336752
40433,0.061223894
40434,0.07132143
40435,0.050593726
40436,0.06307484
40437,0.015989982
40438,0.045627784
40439,0.30482978
40440,0.0770334
40441,0.057005264
40442,0.13650176
40443,0.98239267
40444,0.122143574
40445,0.023241905
40446,0.14453301
40447,0.07133461
40448,0.18551964
40449,0.2739821
40450,0.06185743
40451,0.01634164
40452,0.05352916
40453,0.049661625
40454,0.10561926
40455,0.24790193
40456,0.036954854
40457,0.14784701
40458,0.07246826
40459,0.061296638
40460,0.0065373383
40461,0.018617589
40462,0.023244053
40463,0.061502013
40464,0.078067206
40465,0.019138712
40466,0.14253218
40467,0.16092956
40468,0.28470698
40469,0.11009672
40470,0.043218497
40471,0.12841505
40472,0.16249752
40473,0.26424825
40474,0.057408795
40475,0.054522723
40476,0.006927615
40477,0.060851827
40478,0.4906918
40479,0.036155798
40480,0.13449323
40481,0.4170858
40482,0.1365344
40483,0.04642974
40484,0.06417584
40485,0.27739954
40486,0.28891632
40487,0.11367617
40488,0.119095445
40489,0.1618727
40490,0.16050918
40491,0.15348868
40492,0.17924994
40493,0.2748807
40494,0.07832017
40495,0.05530623
40496,0.1025838
40497,0.05809113
40498,0.18610117
40499,0.90929556
40500,0.043874566
40501,0.27798358
40502,0.010905919
40503,0.0485915
40504,0.1842181
40505,0.05280207
40506,0.09081579
40507,0.020584453
40508,0.054505173
40509,0.51715225
40510,0.060320556
40511,0.11071393
40512,0.17933944
40513,0.15344463
40514,0.19151396
40515,0.2746578
40516,0.16988605
40517,0.023147287
40518,0.16302465
40519,0.11481842
40520,0.12119555
40521,0.9819046
40522,0.46767363
40523,0.29591367
40524,0.019175967
40525,0.13612254
40526,0.007694292
40527,0.062364478
40528,0.013329698
40529,0.059189197
40530,0.010419372
40531,0.019170415
40532,0.047129784
40533,0.07650739
40534,0.13580206
40535,0.11968567
40536,0.1338791
40537,0.11521753
40538,0.13662368
40539,0.10538032
40540,0.018439101
40541,0.10388204
40542,0.26924413
40543,0.061041534
40544,0.9928451
40545,0.9374918
40546,0.55443835
40547,0.020963766
40548,0.08587573
40549,0.47989872
40550,0.085971154
40551,0.04937482
40552,0.00379275
40553,0.055094983
40554,0.07558532
40555,0.055116624
40556,0.014510662
40557,0.48540765
40558,0.026380738
40559,0.03839293
40560,0.14618851
40561,0.14357388
40562,0.06332432
40563,0.05787234
40564,0.13758156
40565,0.0819128
40566,0.122509465
40567,0.105257004
40568,0.11345622
40569,0.95401293
40570,0.95247996
40571,0.48688838
40572,0.06211917
40573,0.019595554
40574,0.007008783
40575,0.47484943
40576,0.09138722
40577,0.2882904
40578,0.05190351
40579,0.09889661
40580,0.10967502
40581,0.12392396
40582,0.1394661
40583,0.15913165
40584,0.55093336
40585,0.5813153
40586,0.16027108
40587,0.16353709
40588,0.11368961
40589,0.06923091
40590,0.1289003
40591,0.047319293
40592,0.026427738
40593,0.016535547
40594,0.12333402
40595,0.13305236
40596,0.059987057
40597,0.10902479
40598,0.020108828
40599,0.9254087
40600,1.0578367
40601,0.91676956
40602,0.048335828
40603,0.13564734
40604,0.0104136225
40605,0.4263913
40606,0.023410356
40607,0.018903323
40608,0.039802436
40609,0.123424865
40610,0.054805644
40611,0.46637294
40612,1.06457
40613,0.08923761
40614,0.14218262
40615,0.121179506
40616,0.15424217
40617,0.084686786
40618,0.13726875
40619,0.102138735
40620,0.035327215
40621,0.09669958
40622,0.10802
40623,0.11145972
40624,0.05214894
40625,0.29611367
40626,0.19225557
40627,0.13602038
40628,0.07543953
40629,0.02158998
40630,0.103393406
40631,0.06630663
40632,0.18640603
40633,0.024758825
40634,0.04523072
40635,0.04085337
40636,0.012324335
40637,0.017480021
40638,0.046432953
40639,0.0467178
40640,0.26466548
40641,0.7556763
40642,0.18778719
40643,0.26135123
40644,0.14265402
40645,0.16097423
40646,0.15445313
40647,0.5890132
40648,0.062317777
40649,0.03646359
40650,0.027118271
40651,0.14510398
40652,0.15271045
40653,0.2550532
40654,0.4696972
40655,0.18864846
40656,0.13458952
40657,1.0390729
40658,0.13201231
40659,0.01187199
40660,0.12805833
40661,0.24966857
40662,0.019606944
40663,0.05505533
40664,0.5506476
40665,0.061768617
40666,0.040473647
40667,0.03832049
40668,0.04990245
40669,0.15762007
40670,0.47250575
40671,0.45549536
40672,0.32674342
40673,0.2725537
40674,0.15042977
40675,0.15764411
40676,0.2741442
40677,0.14367968
40678,0.07474425
40679,0.05652818
40680,0.49056756
40681,0.27229202
40682,0.054829367
40683,0.5338027
40684,0.2730631
40685,0.083431944
40686,0.11319486
40687,0.08753357
40688,0.050639067
40689,0.0073359837
40690,0.025122067
40691,0.05632762
40692,0.110381044
40693,0.11470252
40694,0.15538715
40695,0.4622375
40696,0.9058974
40697,0.28082874
40698,0.26199654
40699,0.61424595
40700,0.10105262
40701,0.012107202
40702,0.06894258
40703,0.07210314
40704,0.14132106
40705,0.27211094
40706,0.06545489
40707,0.023923889
40708,0.058281437
40709,0.13697653
40710,0.04609562
40711,0.11009938
40712,0.020068698
40713,0.039617237
40714,0.017779026
40715,0.017127022
40716,0.006372194
40717,0.034122217
40718,0.0811119
40719,0.062151726
40720,0.10410933
40721,0.27172136
40722,0.1672207
40723,0.4436759
40724,0.79895395
40725,0.62070864
40726,0.27020633
40727,0.12074774
40728,0.04291129
40729,0.014840021
40730,0.05274139
40731,0.121171325
40732,0.97394305
40733,0.051558394
40734,0.014571381
40735,0.061697822
40736,0.052373562
40737,0.26097733
40738,0.042787768
40739,0.051178936
40740,0.017572053
40741,0.0462858
40742,0.026055329
40743,0.11185997
40744,0.14027211
40745,0.6449749
40746,0.4764476
40747,0.4886081
40748,1.183481
40749,0.28150213
40750,0.35468844
40751,0.14992347
40752,0.026626166
40753,0.05121519
40754,0.052036636
40755,0.03803949
40756,0.0623674
40757,0.44488582
40758,0.099896826
40759,0.28161177
40760,0.027493395
40761,0.12509982
40762,0.12911788
40763,0.14100191
40764,0.16462174
40765,0.047164656
40766,0.027181355
40767,0.047540158
40768,0.15359135
40769,1.0163043
40770,0.46449378
40771,0.78780013
40772,0.42664915
40773,0.20054698
40774,0.16585043
40775,0.098929256
40776,0.044066664
40777,0.016268441
40778,0.023365557
40779,0.013718288
40780,0.04022342
40781,0.1318616
40782,0.13126183
40783,0.077757284
40784,0.1963418
40785,0.022872213
40786,0.07542026
40787,0.2826389
40788,0.04928783
40789,0.14342594
40790,0.17931972
40791,0.041372575
40792,0.016570851
40793,0.1569848
40794,0.17044413
40795,0.08816995
40796,0.12322529
40797,0.11250499
40798,0.08543517
40799,0.04493764
40800,0.13089684
40801,0.11625012
40802,0.04544288
40803,0.0075079286
40804,0.123343036
40805,0.012322381
40806,0.119003594
40807,0.034602903
40808,0.13710256
40809,0.047497094
40810,0.063366316
40811,0.058688484
40812,0.18359007
40813,0.27867565
40814,0.6866883
40815,0.095147915
40816,0.026504999
40817,0.061644148
40818,0.015562785
40819,0.07276382
40820,0.13552928
40821,0.010890291
40822,0.033952333
40823,0.020156313
40824,0.00995612
40825,0.027833432
40826,0.09190797
40827,0.11438121
40828,0.42026147
40829,0.024125159
40830,0.028152946
40831,0.04744457
40832,0.09038525
40833,0.127669
40834,0.29866397
40835,0.24089831
40836,0.0072050313
40837,0.2543206
40838,0.040571153
40839,0.016612848
40840,0.080616795
40841,0.26135555
40842,0.05555511
40843,0.1970652
40844,0.024345897
40845,0.1429431
40846,0.08317854
40847,0.05578392
40848,0.025585894
40849,0.03885496
40850,0.07735107
40851,0.20234542
40852,0.038320903
40853,0.023362698
40854,0.027537478
40855,0.049132433
40856,0.06943265
40857,0.26479065
40858,0.068605304
40859,0.27101728
40860,0.103530705
40861,0.023063535
40862,0.05353289
40863,0.025731819
40864,0.28352463
40865,0.016393911
40866,0.27756768
40867,0.016076287
40868,0.10746561
40869,0.06330444
40870,0.019256527
40871,0.44639716
40872,0.74767286
40873,0.13120951
40874,0.0999085
40875,0.011044528
40876,0.08071343
40877,0.045868203
40878,0.045187235
40879,0.09090166
40880,0.08728208
40881,0.10384113
40882,1.0466292
40883,0.080346785
40884,0.012284656
40885,0.081756495
40886,0.07440641
40887,0.015694635
40888,0.04127475
40889,0.13585295
40890,0.33973065
40891,0.06789653
40892,0.13649131
40893,0.09612838
40894,0.014627974
40895,0.10287951
40896,0.026757035
40897,0.024105031
40898,0.061253887
40899,0.066770546
40900,0.025131213
40901,0.055671036
40902,0.010726029
40903,0.26494214
40904,0.046676166
40905,0.05099267
40906,0.015156431
40907,0.03081039
40908,0.07996589
40909,0.10293404
40910,0.021653837
40911,0.058238223
40912,0.9995584
40913,0.06528959
40914,0.11930778
40915,0.051576097
40916,0.042209145
40917,0.04220203
40918,0.045182716
40919,0.009900444
40920,0.015259876
40921,0.29153556
40922,0.02766877
40923,0.006710132
40924,0.0025167
40925,0.11613113
40926,0.021444181
40927,0.111815944
40928,0.040932838
40929,0.05159878
40930,0.28731427
40931,0.025074912
40932,0.020651728
40933,0.017696906
40934,0.04339543
40935,0.03633703
40936,0.1330626
40937,0.070248
40938,0.009545932
40939,0.01423445
40940,0.07118497
40941,0.14904316
40942,0.102551036
40943,0.07516385
40944,0.063846305
40945,0.02342597
40946,0.055268236
40947,0.017793164
40948,0.064435415
40949,0.17107393
40950,0.13539857
40951,0.0067834556
40952,0.031409066
40953,0.062381074
40954,0.055484653
40955,0.10733431
40956,0.013782504
40957,0.13692743
40958,0.29681668
40959,0.019525677
40960,0.020324448
40961,0.01807281
40962,0.028675465
40963,0.06598403
40964,0.023009468
40965,0.049758907
40966,0.012298217
40967,0.050481852
40968,0.119825974
40969,0.02433136
40970,0.044770956
40971,0.0060660685
40972,0.031350408
40973,0.09760279
40974,0.3024207
40975,0.06087486
40976,0.0603448
40977,0.07077906
40978,0.09343652
40979,0.02175916
40980,0.009315187
40981,0.09744039
40982,0.01766622
40983,0.103381
40984,0.0056089177
40985,0.14391038
40986,0.019177977
40987,0.03714286
40988,0.008272156
40989,0.0097489115
40990,0.032179832
40991,0.091122046
40992,0.07022121
40993,0.17900175
40994,0.025136132
40995,0.049781587
40996,0.024933465
40997,0.03433855
40998,0.2805112
40999,0.25146213
41000,0.115226015
41001,0.035760943
41002,0.018867398
41003,0.020170055
41004,0.041138902
41005,0.017482173
41006,0.02670968
41007,0.026589608
41008,0.12011712
41009,0.034895275
41010,0.054701306
41011,0.11543779
41012,0.111624934
41013,0.013589274
41014,0.02832494
41015,0.13302982
41016,0.18320088
41017,0.07460734
41018,0.10311553
41019,0.05357596
41020,0.001978104
41021,0.1237933
41022,0.026109815
41023,0.8284718
41024,0.11863528
41025,0.25594094
41026,0.05066068
41027,0.020718265
41028,0.017133687
41029,0.0046433723
41030,0.116344176
41031,0.541215
41032,0.50687367
41033,0.035544176
41034,0.058529384
41035,0.021382118
41036,0.10602125
41037,0.12343075
41038,0.03334555
41039,0.02516944
41040,0.046469714
41041,0.0871427
41042,0.27454275
41043,0.11301442
41044,0.11959257
41045,0.5470703
41046,0.23751263
41047,0.4951976
41048,0.047112335
41049,0.12133782
41050,0.03934752
41051,0.026314262
41052,0.05928262
41053,0.086769186
41054,0.08675439
41055,0.07835754
41056,0.028953947
41057,0.028769542
41058,0.06354013
41059,0.2821516
41060,0.04135495
41061,0.02715971
41062,0.038515024
41063,0.056607634
41064,0.026270699
41065,0.05143148
41066,0.12633713
41067,0.13656028
41068,0.036305707
41069,0.0057386756
41070,0.15392405
41071,0.087851666
41072,0.073446386
41073,0.42371044
41074,0.43844548
41075,0.0624696
41076,0.0525612
41077,0.008752495
41078,0.032926608
41079,0.06944605
41080,0.08301098
41081,0.13986368
41082,0.45688346
41083,0.023628999
41084,0.044779923
41085,0.025460817
41086,0.02140587
41087,0.030718585
41088,0.15302475
41089,0.040310472
41090,0.07207394
41091,0.040285427
41092,0.11888715
41093,0.54599625
41094,0.08307332
41095,0.025339507
41096,0.024667533
41097,0.040837947
41098,0.0483129
41099,0.09406816
41100,0.15849175
41101,0.08365745
41102,0.08304533
41103,0.04448048
41104,0.02584159
41105,0.033367652
41106,0.033209264
41107,0.036164116
41108,0.13215472
41109,0.067134105
41110,0.12170751
41111,0.028124476
41112,0.051206976
41113,0.03910057
41114,0.026279666
41115,0.025387805
41116,0.028602593
41117,0.044080295
41118,0.025758743
41119,0.07438924
41120,0.47432458
41121,0.41666335
41122,0.045515444
41123,0.03351362
41124,0.09216432
41125,0.05646317
41126,0.007220598
41127,0.045402363
41128,0.010163364
41129,0.026162682
41130,0.26479104
41131,0.02961567
41132,0.025749844
41133,0.033568323
41134,0.07268859
41135,0.081282
41136,0.16829173
41137,0.28230363
41138,0.26915434
41139,0.08144748
41140,0.049642928
41141,0.025904918
41142,0.058748458
41143,0.04281355
41144,0.40375918
41145,0.048580818
41146,0.5547477
41147,0.11470574
41148,0.10857313
41149,0.039683077
41150,0.040536337
41151,0.047524054
41152,0.012317066
41153,0.022710403
41154,0.09321817
41155,0.05268674
41156,0.09816411
41157,0.07516318
41158,0.14658855
41159,0.17306665
41160,0.47007197
41161,0.08131084
41162,0.031922765
41163,0.10465876
41164,0.016767329
41165,0.034834955
41166,0.092991576
41167,0.059338316
41168,0.117009655
41169,0.03886134
41170,0.09837991
41171,0.030257046
41172,0.04808497
41173,0.014361515
41174,0.12817518
41175,0.04988138
41176,0.024123685
41177,0.024634589
41178,0.037795577
41179,0.064596
41180,0.09530863
41181,0.14394064
41182,0.13998787
41183,0.28278077
41184,0.15615566
41185,0.27656963
41186,0.017353738
41187,0.11041078
41188,0.052557394
41189,0.048574135
41190,0.09085937
41191,0.02787093
41192,0.01981922
41193,0.046027362
41194,0.04123913
41195,0.02320797
41196,0.044945516
41197,0.001793108
41198,0.086128384
41199,0.041169535
41200,0.12922418
41201,0.06921809
41202,0.15349725
41203,0.6235693
41204,0.13950019
41205,0.13693088
41206,0.077209555
41207,0.09427172
41208,0.08584877
41209,0.08584103
41210,0.054354534
41211,0.0069461674
41212,0.27202412
41213,0.06201628
41214,0.071246214
41215,0.051824126
41216,0.06323777
41217,0.016662544
41218,0.04875744
41219,0.18878041
41220,0.07897032
41221,0.05588691
41222,0.13757692
41223,0.9823341
41224,0.12456613
41225,0.023009397
41226,0.13841325
41227,0.070175566
41228,0.18323846
41229,0.27087757
41230,0.059479583
41231,0.016657755
41232,0.055153605
41233,0.05471066
41234,0.105604954
41235,0.13726422
41236,0.041633792
41237,0.24868171
41238,0.076361105
41239,0.068044804
41240,0.019408612
41241,0.024307823
41242,0.06249267
41243,0.07884435
41244,0.019277206
41245,0.14150497
41246,0.16236016
41247,0.17169759
41248,0.110893056
41249,0.042646043
41250,0.13057204
41251,0.15351042
41252,0.26456386
41253,0.056202218
41254,0.053562984
41255,0.008392584
41256,0.06603026
41257,0.45749483
41258,0.26081476
41259,0.41268983
41260,0.13287032
41261,0.010257626
41262,0.0061617945
41263,0.046623632
41264,0.061845176
41265,0.4942082
41266,0.28627637
41267,0.1153307
41268,0.122454464
41269,0.15814742
41270,0.15998368
41271,0.15981574
41272,0.18578856
41273,0.27444276
41274,0.0766806
41275,0.055960577
41276,0.10312731
41277,0.060966756
41278,0.1888878
41279,0.8470204
41280,0.043249156
41281,0.42566776
41282,0.0480925
41283,0.18300849
41284,0.0137262475
41285,0.053438682
41286,0.09036328
41287,0.02145504
41288,0.0542888
41289,0.5265501
41290,0.060150504
41291,0.10763137
41292,0.18130499
41293,0.15790087
41294,0.19095263
41295,0.27874896
41296,0.170382
41297,0.02127666
41298,0.26935685
41299,0.117057964
41300,0.123772696
41301,0.9726829
41302,0.49274525
41303,0.30028728
41304,0.018501312
41305,0.25225097
41306,0.060886864
41307,0.021361677
41308,0.061053526
41309,0.04418405
41310,0.07705332
41311,0.13339129
41312,0.1222106
41313,0.13552608
41314,0.10857982
41315,0.13722585
41316,0.10409626
41317,0.020930605
41318,0.1075428
41319,0.4255996
41320,0.017395915
41321,0.060043145
41322,0.9675176
41323,0.99532783
41324,0.55436474
41325,0.08937861
41326,0.47425047
41327,0.08535276
41328,0.049030054
41329,0.055026405
41330,0.07550638
41331,0.05708601
41332,0.014220659
41333,0.45611578
41334,0.028225383
41335,0.03830898
41336,0.145452
41337,0.1450902
41338,0.062728085
41339,0.059385967
41340,0.13922313
41341,0.0841071
41342,0.01901103
41343,0.12578987
41344,0.10570772
41345,0.10883468
41346,0.9688294
41347,0.87702256
41348,0.5329827
41349,0.060969308
41350,0.019179543
41351,0.006707273
41352,0.47194862
41353,0.089930885
41354,0.2933621
41355,0.05218417
41356,0.09984122
41357,0.018235905
41358,0.108354546
41359,0.124980345
41360,0.14084671
41361,0.15271261
41362,0.5642662
41363,0.57191783
41364,0.15936384
41365,0.1646062
41366,0.11658933
41367,0.070404515
41368,0.12994197
41369,0.047674913
41370,0.027076807
41371,0.016484821
41372,0.130316
41373,0.1302356
41374,0.059084702
41375,0.10403829
41376,0.021809457
41377,0.94836855
41378,1.0835043
41379,0.86790425
41380,0.048155762
41381,0.13445666
41382,0.46526203
41383,0.01835529
41384,0.016566351
41385,0.038123515
41386,0.122677766
41387,0.057522204
41388,0.4738883
41389,1.0581635
41390,0.08897399
41391,0.14257659
41392,0.120855056
41393,0.15145001
41394,0.086302236
41395,0.1380358
41396,0.10432872
41397,0.037192088
41398,0.0951501
41399,0.108019814
41400,0.11035153
41401,0.0503944
41402,0.29278612
41403,0.28191292
41404,0.13175517
41405,0.075055994
41406,0.101934776
41407,0.06805878
41408,0.27879563
41409,0.025977425
41410,0.044072073
41411,0.042144258
41412,0.011797564
41413,0.01795253
41414,0.04635162
41415,0.04820652
41416,0.26921496
41417,0.78670055
41418,0.17403196
41419,0.16696705
41420,0.14470683
41421,0.16580349
41422,0.14925563
41423,0.5942434
41424,0.0592382
41425,0.028416744
41426,0.14262752
41427,0.14133643
41428,0.25449583
41429,0.4682093
41430,0.27341026
41431,0.13684684
41432,1.0913634
41433,0.13145085
41434,0.011405471
41435,0.124235466
41436,0.15653387
41437,0.018439906
41438,0.056827016
41439,0.5751562
41440,0.060991216
41441,0.038817428
41442,0.03953826
41443,0.050991558
41444,0.1579157
41445,0.47048256
41446,0.26856476
41447,0.33865795
41448,0.27138096
41449,0.15530783
41450,0.16394575
41451,0.27282003
41452,0.020093143
41453,0.145371
41454,0.07582229
41455,0.055098046
41456,0.48847523
41457,0.27210253
41458,0.054125033
41459,0.32967037
41460,0.45974642
41461,0.08399762
41462,0.113704234
41463,0.084402114
41464,0.008586236
41465,0.025352402
41466,0.05700754
41467,0.109661706
41468,0.11855234
41469,0.15756632
41470,0.45673367
41471,0.8714107
41472,0.45866075
41473,0.18846576
41474,0.59767747
41475,0.10250261
41476,0.011007942
41477,0.06640285
41478,0.071799345
41479,0.14104462
41480,0.26973343
41481,0.06341402
41482,0.02435675
41483,0.05789059
41484,0.13395256
41485,0.04599455
41486,0.11333099
41487,0.020798597
41488,0.013805503
41489,0.040640805
41490,0.019740188
41491,0.01599623
41492,0.0065943105
41493,0.033154067
41494,0.0796196
41495,0.062123626
41496,0.10531665
41497,0.28095472
41498,0.16925077
41499,0.43539593
41500,0.7841249
41501,0.63588196
41502,0.21347563
41503,0.12130321
41504,0.05664411
41505,0.12074146
41506,0.014527719
41507,0.032749336
41508,0.9798967
41509,0.05271857
41510,0.06492639
41511,0.053618424
41512,0.26598096
41513,0.04962468
41514,0.01822112
41515,0.045951266
41516,0.0095290905
41517,0.026112216
41518,0.1105283
41519,0.14641327
41520,0.6744366
41521,0.4446921
41522,0.2912346
41523,1.2191449
41524,0.27744263
41525,0.345467
41526,0.15308642
41527,0.036542267
41528,0.024583802
41529,0.03863212
41530,0.051552735
41531,0.049695417
41532,0.06625552
41533,0.45596972
41534,0.10103589
41535,0.37899682
41536,0.026853373
41537,0.12577504
41538,0.13037653
41539,0.14460874
41540,0.176037
41541,0.045654505
41542,0.047706343
41543,0.154062
41544,1.0384465
41545,0.50335914
41546,0.7712757
41547,0.43789348
41548,0.20907442
41549,0.17025761
41550,0.095743306
41551,0.044637635
41552,0.022361806
41553,0.014455945
41554,0.04067973
41555,0.13222794
41556,0.13672572
41557,0.07151117
41558,0.18942033
41559,0.07407282
41560,0.28625986
41561,0.048751183
41562,0.010083669
41563,0.14049634
41564,0.17521936
41565,0.04140496
41566,0.015675893
41567,0.27403665
41568,0.16933845
41569,0.087649815
41570,0.120887764
41571,0.11021139
41572,0.08427211
41573,0.044727232
41574,0.13440314
41575,0.11537146
41576,0.04392078
41577,0.0042736894
41578,0.12675615
41579,0.012275657
41580,0.112792246
41581,0.034996577
41582,0.13800582
41583,0.04877742
41584,0.06326175
41585,0.018260445
41586,0.059363015
41587,0.18640622
41588,0.2741884
41589,0.6678435
41590,0.09521692
41591,0.017758641
41592,0.027611306
41593,0.06123329
41594,0.016185176
41595,0.06849971
41596,0.13657428
41597,0.011840649
41598,0.03247653
41599,0.020989357
41600,0.009051443
41601,0.027410708
41602,0.09351407
41603,0.111872435
41604,0.45055342
41605,0.024137042
41606,0.027136244
41607,0.046510268
41608,0.09125243
41609,0.12643138
41610,0.4162292
41611,0.24074963
41612,0.005690079
41613,0.25576222
41614,0.040327754
41615,0.018659871
41616,0.08162097
41617,0.12979431
41618,0.054878667
41619,0.19361997
41620,0.012131108
41621,0.016567921
41622,0.024548111
41623,0.14488403
41624,0.08364072
41625,0.057411805
41626,0.025854008
41627,0.036670122
41628,0.077189
41629,0.28738245
41630,0.039482925
41631,0.0082916
41632,0.019464336
41633,0.026611764
41634,0.068075225
41635,0.27105728
41636,0.06758041
41637,0.2666552
41638,0.09991304
41639,0.014484671
41640,0.048668463
41641,0.05211387
41642,0.026141038
41643,0.4530048
41644,0.27166176
41645,0.016089223
41646,0.105001226
41647,0.06298815
41648,0.019656176
41649,0.30233377
41650,0.7188684
41651,0.13994505
41652,0.094869286
41653,0.0115100145
41654,0.07985395
41655,0.04627994
41656,0.045718007
41657,0.08952865
41658,0.08674993
41659,0.10486315
41660,1.0502384
41661,0.08121756
41662,0.079808
41663,0.07531426
41664,0.13806187
41665,0.34062207
41666,0.073190205
41667,0.13954604
41668,0.09096044
41669,0.014677667
41670,0.09973663
41671,0.027252054
41672,0.023745494
41673,0.05861932
41674,0.0680601
41675,0.0271886
41676,0.05772743
41677,0.009463528
41678,0.2706859
41679,0.045951623
41680,0.049738467
41681,0.013998365
41682,0.031309336
41683,0.08162745
41684,0.10121978
41685,0.059578348
41686,0.9488341
41687,0.063325904
41688,0.112575814
41689,0.052128375
41690,0.04421567
41691,0.041135844
41692,0.04582452
41693,0.009784664
41694,0.015912177
41695,0.2994866
41696,0.028359607
41697,0.013225059
41698,0.11463441
41699,0.1111336
41700,0.043296967
41701,0.05021721
41702,0.28489265
41703,0.045062326
41704,0.035493348
41705,0.26350752
41706,0.06946182
41707,0.012235587
41708,0.014312348
41709,0.07265319
41710,0.1414958
41711,0.10165392
41712,0.075942665
41713,0.063118845
41714,0.05363998
41715,0.17288582
41716,0.2561149
41717,0.011676627
41718,0.009182414
41719,0.010212431
41720,0.0195176
41721,0.010321461
41722,0.006397494
41723,0.013806343
41724,0.02960409
41725,0.0632955
41726,0.05541809
41727,0.109299414
41728,0.13304086
41729,0.2846154
41730,0.018398196
41731,0.008366642
41732,0.014055646
41733,0.017614318
41734,0.014971001
41735,0.028061539
41736,0.0021026987
41737,0.010817819
41738,0.014701067
41739,0.06479227
41740,0.02283228
41741,0.047765568
41742,0.016142162
41743,0.116917446
41744,0.046919044
41745,0.029243551
41746,0.099400245
41747,0.01011631
41748,0.29994038
41749,0.05886474
41750,0.06053287
41751,0.06854477
41752,0.092864186
41753,0.021482097
41754,0.09814624
41755,0.017666822
41756,0.10325889
41757,0.14367506
41758,0.019854719
41759,0.012864924
41760,0.033180658
41761,0.03610412
41762,0.0118948
41763,0.0255643
41764,0.02499967
41765,0.090973206
41766,0.06939444
41767,0.036559038
41768,0.18068321
41769,0.024410168
41770,0.028247021
41771,0.05077966
41772,0.031639695
41773,0.2795088
41774,0.1417065
41775,0.017352708
41776,0.11399586
41777,0.02181161
